[dotenv@17.3.1] injecting env (3) from .env -- tip: ⚡️ secrets for agents: https://dotenvx.com/as2
[2026-02-26T07:06:33.794Z] 
========================================
[2026-02-26T07:06:33.807Z]    LIVE PAPER TRADER - Multi-Pair Mode
[2026-02-26T07:06:33.808Z] ========================================
[2026-02-26T07:06:33.808Z] Active pairs: EURUSD, USDJPY, EURUSD_GPT5, GBPUSD
[2026-02-26T07:06:33.808Z] Trading hours: 8:00 - 18:00 Europe/Zurich
[2026-02-26T07:06:33.903Z] Current Zurich time: 26/02/2026, 08:06:33
[2026-02-26T07:06:33.915Z] Loaded 98 historical trades from global history
[2026-02-26T07:06:33.921Z] Starting ngrok...
[2026-02-26T07:06:33.937Z] Waiting for ngrok to initialize...
[2026-02-26T07:06:33.938Z] Dashboard running at http://localhost:3000
[2026-02-26T07:06:38.941Z] Fetching ngrok tunnel URL from API...
[2026-02-26T07:06:38.948Z] Connecting to IBKR Gateway...
[2026-02-26T07:06:38.954Z] ngrok API error: connect ECONNREFUSED 127.0.0.1:4040
[2026-02-26T07:06:38.954Z] Dashboard available locally only at http://localhost:3000
[2026-02-26T07:06:39.000Z] Connected to IBKR Gateway
[2026-02-26T07:06:41.003Z] [EURUSD] Fetching 800 historical 5m bars...
[2026-02-26T07:06:41.464Z] [EURUSD] Received 1247 historical bars
[2026-02-26T07:06:41.465Z] [EURUSD] Loaded 1247 historical bars
[2026-02-26T07:06:42.475Z] [USDJPY] Fetching 800 historical 5m bars...
[2026-02-26T07:06:42.866Z] [USDJPY] Received 1247 historical bars
[2026-02-26T07:06:42.867Z] [USDJPY] Loaded 1247 historical bars
[2026-02-26T07:06:43.871Z] [EURUSD_GPT5] Sharing data from EURUSD (1247 bars)
[2026-02-26T07:06:43.872Z] [GBPUSD] Fetching 800 historical 5m bars...
[2026-02-26T07:06:44.252Z] [GBPUSD] Received 1247 historical bars
[2026-02-26T07:06:44.253Z] [GBPUSD] Loaded 1247 historical bars
[2026-02-26T07:06:45.268Z] [EURUSD] Subscribing to real-time 5-second bars...
[2026-02-26T07:06:45.779Z] [USDJPY] Subscribing to real-time 5-second bars...
[2026-02-26T07:06:46.290Z] [EURUSD_GPT5] Sharing real-time data from EURUSD
[2026-02-26T07:06:46.291Z] [GBPUSD] Subscribing to real-time 5-second bars...
[2026-02-26T07:06:46.801Z] Trading session active. Press Ctrl+C to stop.

[2026-02-26T07:10:03.756Z] [USDJPY] New bar: 20260226 07:05:00 | O:156.10300 H:156.13600 L:156.09600 C:156.12850
[2026-02-26T07:10:03.909Z] [USDJPY] Calling AI agents for trade decision...
   [DIRECTION] Analyzing market structure...
[2026-02-26T07:10:04.393Z] [GBPUSD] New bar: 20260226 07:05:00 | O:1.35491 H:1.35509 L:1.35475 C:1.35506
[2026-02-26T07:10:04.542Z] [GBPUSD] Calling AI agents for trade decision...
   [DIRECTION] Analyzing market structure...
[2026-02-26T07:10:04.545Z] [EURUSD] New bar: 20260226 07:05:00 | O:1.18114 H:1.18118 L:1.18088 C:1.18102
[2026-02-26T07:10:04.690Z] [EURUSD] Calling AI agents for trade decision...
   [DIRECTION] Analyzing market structure...
[2026-02-26T07:10:04.691Z] [EURUSD_GPT5] New bar: 20260226 07:05:00 | O:1.18114 H:1.18118 L:1.18088 C:1.18102
[2026-02-26T07:10:04.836Z] [EURUSD_GPT5] Calling AI agents for trade decision...
   [DIRECTION] Analyzing market structure...
   [DIRECTION] BEARISH (MEDIUM)
   [DIRECTION] Consider shorting near the resistance level at 1.18222, targeting the support at...
   [CONFIDENCE] Assessing setup quality...
   [DIRECTION] NEUTRAL (MEDIUM)
   [DIRECTION] No clear trade; wait for breakout above resistance or below support....
   [DIRECTION] No clear direction - will assess both sides
   [CONFIDENCE] Assessing setup quality...
   [DIRECTION] NEUTRAL (MEDIUM)
   [DIRECTION] Monitor price action as it approaches the support level at 1.35495 for potential...
   [DIRECTION] No clear direction - will assess both sides
   [CONFIDENCE] Assessing setup quality...
   [CONFIDENCE] Probability: 45%
   [CONFIDENCE] MARGINAL: LOW conviction - size accordingly...
   [LEVELS] Determining entry, SL, TP...
   [CONFIDENCE] Probability: 55%
   [CONFIDENCE] MARGINAL: Consider proceeding with reduced size due to mixed signals a...
   [LEVELS] Determining entry, SL, TP...
   [DIRECTION] UNCLEAR (LOW clarity)
   [DIRECTION] Readability: MODERATE
   [DIRECTION] Wait for clarity. If price reclaims and holds back above 1.18134 and starts prin...
   [DIRECTION] No clear direction - will assess both sides
   [CONFIDENCE] Assessing setup quality...
   [CONFIDENCE] Probability: 30%
   [CONFIDENCE] UNFAVORABLE: Consider waiting for a clearer trend direction or a stronger...
   [CONFIDENCE] BAD PATTERNS: RANGE: Trading in range-bound market without clear edge, SHALLOW PULLBACK: 0% retracement - no proper entry
   [LEVELS] Determining entry, SL, TP...
   [LEVELS] Entry: 156.03000 (LIMIT)
   [LEVELS] SL: 155.92554 | TP: 156.19039 | RR: 2.16
[2026-02-26T07:10:20.390Z] [USDJPY] SIGNAL: LONG | Entry: 156.03 | SL: 155.92554 | TP: 156.19039 | Risk: 0.505
[2026-02-26T07:10:20.390Z] [USDJPY] Reasoning: Dir: No clear trade; wait for breakout above resistance | Conf: This probability reflects a mixed setup with bulli...
[2026-02-26T07:10:20.391Z] [USDJPY] [REAL] Placing LONG order for 100000 units...
[EXECUTOR] Entering LONG 100000 USD/JPY TP=156.19039 SL=155.92554
[EXECUTOR STDERR] [ERROR] 110: The price does not conform to the minimum price variation for this contract.
[ERROR] 110: The price does not conform to the minimum price variation for this contract.
[EXECUTOR] Entry filled at 156.123
[2026-02-26T07:10:23.061Z] [USDJPY] [REAL] Order filled at 156.123 (TP order: 9, SL order: 10)
[2026-02-26T07:10:23.062Z] [USDJPY] ENTERED LONG @ 156.123 | SL: 155.92554 | TP: 156.19039 | Size: 100000
   [LEVELS] Entry: 1.18222 (LIMIT)
   [LEVELS] SL: 1.18257 | TP: 1.18073 | RR: 1.50
[2026-02-26T07:10:23.863Z] [EURUSD] SIGNAL: SHORT | Entry: 1.18222 | SL: 1.18257 | TP: 1.18073 | Risk: 0.55
[2026-02-26T07:10:23.864Z] [EURUSD] Reasoning: Dir: Consider shorting near the resistance level at 1.1 | Conf: The setup shows a bearish bias with recent lower l...
[2026-02-26T07:10:23.864Z] [EURUSD] [REAL] Placing SHORT order for 100000 units...
[EXECUTOR] Entering SHORT 100000 EUR/USD TP=1.18073 SL=1.18257
   [CONFIDENCE] Probability: 43%
   [CONFIDENCE] Coherence: INCOHERENT | Sizing: MINIMAL
   [CONFIDENCE] This market is not telling a clean long story. Structure and momentum are bearis...
   [LEVELS] Determining entry, SL, TP...
[EXECUTOR] Entry filled at 1.18101
[2026-02-26T07:10:25.381Z] [EURUSD] [REAL] Order filled at 1.18101 (TP order: 12, SL order: 13)
[2026-02-26T07:10:25.381Z] [EURUSD] ENTERED SHORT @ 1.18101 | SL: 1.18257 | TP: 1.18073 | Size: 100000
   [LEVELS] Entry: 1.35495 (LIMIT)
   [LEVELS] SL: 1.35456 | TP: 1.35624 | RR: 1.40
[2026-02-26T07:10:28.889Z] [GBPUSD] SIGNAL: LONG | Entry: 1.35495 | SL: 1.35456 | TP: 1.35624 | Risk: 0.3
[2026-02-26T07:10:28.890Z] [GBPUSD] Reasoning: Dir: Monitor price action as it approaches the support  | Conf: The proposed long trade is set up in a range-bound...
[2026-02-26T07:10:28.890Z] [GBPUSD] [REAL] Placing LONG order for 100000 units...
[EXECUTOR] Entering LONG 100000 GBP/USD TP=1.35624 SL=1.35456
[EXECUTOR] Entry filled at 1.35498
[2026-02-26T07:10:30.374Z] [GBPUSD] [REAL] Order filled at 1.35498 (TP order: 15, SL order: 16)
[2026-02-26T07:10:30.374Z] [GBPUSD] ENTERED LONG @ 1.35498 | SL: 1.35456 | TP: 1.35624 | Size: 100000
   [LEVELS] Entry: 1.18120 (LIMIT)
   [LEVELS] SL: 1.18095 (NORMAL)
   [LEVELS] TP: 1.18158 | Path: SOME_OBSTACLES | RR: 1.52
[2026-02-26T07:10:39.549Z] [EURUSD_GPT5] SIGNAL: LONG | Entry: 1.1812 | SL: 1.18095 | TP: 1.18158 | Risk: 0.35
[2026-02-26T07:10:39.549Z] [EURUSD_GPT5] Reasoning: Dir: Wait for clarity. If price reclaims and holds back | Conf: This market is not telling a clean long story. Str...
[2026-02-26T07:10:39.550Z] [EURUSD_GPT5] [REAL] Placing LONG order for 100000 units...
[EXECUTOR] Entering LONG 100000 EUR/USD TP=1.18158 SL=1.18095
[EXECUTOR] Entry filled at 1.18098
[2026-02-26T07:10:40.982Z] [EURUSD_GPT5] [REAL] Order filled at 1.18098 (TP order: 18, SL order: 19)
[2026-02-26T07:10:40.983Z] [EURUSD_GPT5] ENTERED LONG @ 1.18098 | SL: 1.18095 | TP: 1.18158 | Size: 100000
[2026-02-26T07:15:04.160Z] [USDJPY] New bar: 20260226 07:10:00 | O:156.12850 H:156.15200 L:156.11550 C:156.13900
[2026-02-26T07:15:04.231Z] [EURUSD] New bar: 20260226 07:10:00 | O:1.18102 H:1.18130 L:1.18097 C:1.18128
[2026-02-26T07:15:04.254Z] [EURUSD_GPT5] New bar: 20260226 07:10:00 | O:1.18102 H:1.18130 L:1.18097 C:1.18128
[2026-02-26T07:15:04.451Z] [GBPUSD] New bar: 20260226 07:10:00 | O:1.35506 H:1.35519 L:1.35492 C:1.35496
[EXECUTOR STDERR] [ERROR] 326: Unable to connect as the client id is already in use. Retry with a unique client id.
[2026-02-26T07:15:14.782Z] [EURUSD] [REAL] Position closed by bracket order - TP
[2026-02-26T07:15:14.783Z] [EURUSD] [REAL] Closing position...
[EXECUTOR] Closing position for EUR/USD
[EXECUTOR STDERR] [ERROR] 326: Unable to connect as the client id is already in use. Retry with a unique client id.
[2026-02-26T07:15:15.286Z] [GBPUSD] [REAL] Position closed by bracket order - TP
[2026-02-26T07:15:15.286Z] [GBPUSD] [REAL] Closing position...
[EXECUTOR] Closing position for GBP/USD
[EXECUTOR STDERR] [ERROR] 326: Unable to connect as the client id is already in use. Retry with a unique client id.
[2026-02-26T07:15:15.308Z] [EURUSD_GPT5] [REAL] Position closed by bracket order - TP
[2026-02-26T07:15:15.308Z] [EURUSD_GPT5] [REAL] Closing position...
[EXECUTOR] Closing position for EUR/USD
[EXECUTOR] Position closed at N/A
[2026-02-26T07:15:16.299Z] [EURUSD] [REAL] Position already closed (likely by TP/SL order)
[2026-02-26T07:15:16.299Z] [EURUSD] CLOSED SHORT | TP @ 1.18128 | R: -0.17 | Weighted: -0.10
[2026-02-26T07:15:16.300Z] [EURUSD] Bars in trade: 1 | Max favorable: 0.00004 | Max adverse: 0.00029
[2026-02-26T07:15:16.300Z] [EURUSD] [REAL P&L] Gross: $-27.00 | Commission: $4.00 | Net: $-31.00
[2026-02-26T07:15:19.231Z] [EURUSD] Analysis: BAD - The trade was a short position on EURUSD with a take profit set below the entry price. The market co...
[2026-02-26T07:15:19.232Z] Results saved (1 total trades)
[2026-02-26T07:15:19.235Z] Global trades saved (99 total trades)
[EXECUTOR STDERR] [ERROR] 326: Unable to connect as the client id is already in use. Retry with a unique client id.
[EXECUTOR] Close failed: Failed to connect to TWS/IB Gateway
[2026-02-26T07:15:25.728Z] [GBPUSD] [REAL] Close result: {"error":"Failed to connect to TWS/IB Gateway"}
[2026-02-26T07:15:25.729Z] [GBPUSD] CLOSED LONG | TP @ 1.354965 | R: -0.04 | Weighted: -0.01
[2026-02-26T07:15:25.729Z] [GBPUSD] Bars in trade: 1 | Max favorable: 0.00021 | Max adverse: 0.00006
[2026-02-26T07:15:25.729Z] [GBPUSD] [REAL P&L] Gross: $-1.50 | Commission: $4.00 | Net: $-5.50
[EXECUTOR STDERR] [ERROR] 326: Unable to connect as the client id is already in use. Retry with a unique client id.
[EXECUTOR] Close failed: Failed to connect to TWS/IB Gateway
[2026-02-26T07:15:26.320Z] [EURUSD_GPT5] [REAL] Close result: {"error":"Failed to connect to TWS/IB Gateway"}
[2026-02-26T07:15:26.320Z] [EURUSD_GPT5] CLOSED LONG | TP @ 1.18128 | R: 10.00 | Weighted: 3.50
[2026-02-26T07:15:26.321Z] [EURUSD_GPT5] Bars in trade: 1 | Max favorable: 0.00032 | Max adverse: 0.00001
[2026-02-26T07:15:26.321Z] [EURUSD_GPT5] [REAL P&L] Gross: $30.00 | Commission: $4.00 | Net: $26.00
[2026-02-26T07:15:28.387Z] [GBPUSD] Analysis: BAD - The trade was a long position on GBPUSD, which hit the take profit target shortly after entry. Howev...
[2026-02-26T07:15:28.389Z] Results saved (2 total trades)
[2026-02-26T07:15:28.392Z] Global trades saved (100 total trades)
[2026-02-26T07:15:28.438Z] [EURUSD_GPT5] Analysis: GOOD - The trade won because the price moved favorably from the entry point of 1.18098 towards the take pro...
[2026-02-26T07:15:28.439Z] Results saved (3 total trades)
[2026-02-26T07:15:28.442Z] Global trades saved (101 total trades)
[2026-02-26T07:20:03.957Z] [USDJPY] New bar: 20260226 07:15:00 | O:156.13900 H:156.15200 L:156.06250 C:156.10150
[2026-02-26T07:20:04.453Z] [GBPUSD] New bar: 20260226 07:15:00 | O:1.35496 H:1.35552 L:1.35471 C:1.35536
[2026-02-26T07:20:04.615Z] [GBPUSD] Calling AI agents for trade decision...
   [DIRECTION] Analyzing market structure...
[2026-02-26T07:20:04.618Z] [EURUSD] New bar: 20260226 07:15:00 | O:1.18128 H:1.18173 L:1.18113 C:1.18162
[2026-02-26T07:20:04.784Z] [EURUSD] Calling AI agents for trade decision...
   [DIRECTION] Analyzing market structure...
[2026-02-26T07:20:04.785Z] [EURUSD_GPT5] New bar: 20260226 07:15:00 | O:1.18128 H:1.18173 L:1.18113 C:1.18162
[2026-02-26T07:20:04.963Z] [EURUSD_GPT5] Calling AI agents for trade decision...
   [DIRECTION] Analyzing market structure...
   [DIRECTION] BULLISH (MEDIUM)
   [DIRECTION] Consider a long position if price breaks above the resistance level at 1.18221, ...
   [CONFIDENCE] Assessing setup quality...
   [DIRECTION] BULLISH (MEDIUM)
   [DIRECTION] Consider a long position towards the resistance at 1.35624, with a target at the...
   [CONFIDENCE] Assessing setup quality...
   [CONFIDENCE] Probability: 30%
   [CONFIDENCE] UNFAVORABLE: Consider waiting for a clearer trend or a stronger pullback ...
   [CONFIDENCE] BAD PATTERNS: RANGE: Trading in range-bound market without clear edge, SHALLOW PULLBACK: 0% retracement - no proper entry
   [LEVELS] Determining entry, SL, TP...
   [CONFIDENCE] Probability: 55%
   [CONFIDENCE] MARGINAL: Consider entering with reduced size and monitor closely for ...
   [LEVELS] Determining entry, SL, TP...
   [DIRECTION] NEUTRAL (LOW clarity)
   [DIRECTION] Readability: MODERATE
   [DIRECTION] Wait for clarity. Range-play only if price shows clean rejection at an edge: eit...
   [DIRECTION] No clear direction - will assess both sides
   [CONFIDENCE] Assessing setup quality...
   [LEVELS] Entry: 1.18150 (LIMIT)
   [LEVELS] SL: 1.18100 | TP: 1.18200 | RR: 2.00
[2026-02-26T07:20:24.543Z] [EURUSD] SIGNAL: LONG | Entry: 1.1815 | SL: 1.181 | TP: 1.182 | Risk: 0.55
[2026-02-26T07:20:24.543Z] [EURUSD] Reasoning: Dir: Consider a long position if price breaks above the | Conf: The setup shows a bullish bias with price above th...
[2026-02-26T07:20:24.544Z] [EURUSD] [REAL] Placing LONG order for 100000 units...
[EXECUTOR] Entering LONG 100000 EUR/USD TP=1.182 SL=1.181
[EXECUTOR] Entry filled at 1.18154
[2026-02-26T07:20:26.030Z] [EURUSD] [REAL] Order filled at 1.18154 (TP order: 21, SL order: 22)
[2026-02-26T07:20:26.031Z] [EURUSD] ENTERED LONG @ 1.18154 | SL: 1.181 | TP: 1.182 | Size: 100000
   [LEVELS] Entry: 1.35525 (LIMIT)
   [LEVELS] SL: 1.35450 | TP: 1.35675 | RR: 1.50
[2026-02-26T07:20:26.437Z] [GBPUSD] SIGNAL: LONG | Entry: 1.35525 | SL: 1.3545 | TP: 1.35675 | Risk: 0.3
[2026-02-26T07:20:26.437Z] [GBPUSD] Reasoning: Dir: Consider a long position towards the resistance at | Conf: The proposed long trade is set up in a range-bound...
[2026-02-26T07:20:26.437Z] [GBPUSD] [REAL] Placing LONG order for 100000 units...
[EXECUTOR] Entering LONG 100000 GBP/USD TP=1.35675 SL=1.3545
[EXECUTOR] Entry filled at 1.35517
[2026-02-26T07:20:27.763Z] [GBPUSD] [REAL] Order filled at 1.35517 (TP order: 24, SL order: 25)
[2026-02-26T07:20:27.763Z] [GBPUSD] ENTERED LONG @ 1.35517 | SL: 1.3545 | TP: 1.35675 | Size: 100000
   [CONFIDENCE] Probability: 44%
   [CONFIDENCE] Coherence: INCOHERENT | Sizing: MINIMAL
   [CONFIDENCE] This market is not telling one clean story in favor of LONG. Structure points do...
   [LEVELS] Determining entry, SL, TP...
   [LEVELS] Entry: 1.18110 (LIMIT)
   [LEVELS] SL: 1.18082 (TIGHT)
   [LEVELS] TP: 1.18152 | Path: SOME_OBSTACLES | RR: 1.50
[2026-02-26T07:20:41.517Z] [EURUSD_GPT5] SIGNAL: LONG | Entry: 1.1811 | SL: 1.18082 | TP: 1.18152 | Risk: 0.35
[2026-02-26T07:20:41.517Z] [EURUSD_GPT5] Reasoning: Dir: Wait for clarity. Range-play only if price shows c | Conf: This market is not telling one clean story in favo...
[2026-02-26T07:20:41.518Z] [EURUSD_GPT5] [REAL] Placing LONG order for 100000 units...
[EXECUTOR] Entering LONG 100000 EUR/USD TP=1.18152 SL=1.18082
[EXECUTOR] Entry filled at 1.18147
[2026-02-26T07:20:42.989Z] [EURUSD_GPT5] [REAL] Order filled at 1.18147 (TP order: 27, SL order: 28)
[2026-02-26T07:20:42.989Z] [EURUSD_GPT5] ENTERED LONG @ 1.18147 | SL: 1.18082 | TP: 1.18152 | Size: 100000
[2026-02-26T07:25:03.850Z] [USDJPY] New bar: 20260226 07:20:00 | O:156.10150 H:156.16900 L:156.10100 C:156.14200
[2026-02-26T07:25:03.913Z] [EURUSD] New bar: 20260226 07:20:00 | O:1.18162 H:1.18163 L:1.18122 C:1.18122
[2026-02-26T07:25:03.935Z] [EURUSD_GPT5] New bar: 20260226 07:20:00 | O:1.18162 H:1.18163 L:1.18122 C:1.18122
[2026-02-26T07:25:04.728Z] [GBPUSD] New bar: 20260226 07:20:00 | O:1.35536 H:1.35537 L:1.35495 C:1.35509
[EXECUTOR STDERR] [ERROR] 326: Unable to connect as the client id is already in use. Retry with a unique client id.
[2026-02-26T07:25:14.326Z] [USDJPY] [REAL] Position closed by bracket order - TP
[2026-02-26T07:25:14.326Z] [USDJPY] [REAL] Closing position...
[EXECUTOR] Closing position for USD/JPY
[EXECUTOR STDERR] [ERROR] 326: Unable to connect as the client id is already in use. Retry with a unique client id.
[2026-02-26T07:25:14.821Z] [EURUSD_GPT5] [REAL] Position closed by bracket order - TP
[2026-02-26T07:25:14.822Z] [EURUSD_GPT5] [REAL] Closing position...
[EXECUTOR] Closing position for EUR/USD
[EXECUTOR STDERR] [ERROR] 326: Unable to connect as the client id is already in use. Retry with a unique client id.
[2026-02-26T07:25:15.341Z] [GBPUSD] [REAL] Position closed by bracket order - TP
[2026-02-26T07:25:15.341Z] [GBPUSD] [REAL] Closing position...
[EXECUTOR] Closing position for GBP/USD
[EXECUTOR] Position closed at 156.146
[2026-02-26T07:25:16.206Z] [USDJPY] [REAL] Position closed at 156.146
[2026-02-26T07:25:16.207Z] [USDJPY] CLOSED LONG | TP @ 156.146 | R: 0.12 | Weighted: 0.06
[2026-02-26T07:25:16.207Z] [USDJPY] Bars in trade: 3 | Max favorable: 0.04600 | Max adverse: 0.06050
[2026-02-26T07:25:16.207Z] [USDJPY] [REAL P&L] Gross: $2300.00 | Commission: $4.00 | Net: $2296.00
[2026-02-26T07:25:18.160Z] [USDJPY] Analysis: GOOD - The trade was successful as the price moved in the anticipated direction, reaching the take profit l...
[2026-02-26T07:25:18.164Z] Results saved (4 total trades)
[2026-02-26T07:25:18.167Z] Global trades saved (102 total trades)
[EXECUTOR STDERR] [ERROR] 326: Unable to connect as the client id is already in use. Retry with a unique client id.
[EXECUTOR] Close failed: Failed to connect to TWS/IB Gateway
[2026-02-26T07:25:25.287Z] [EURUSD_GPT5] [REAL] Close result: {"error":"Failed to connect to TWS/IB Gateway"}
[2026-02-26T07:25:25.287Z] [EURUSD_GPT5] CLOSED LONG | TP @ 1.18152 | R: 0.08 | Weighted: 0.03
[2026-02-26T07:25:25.288Z] [EURUSD_GPT5] Bars in trade: 1 | Max favorable: 0.00016 | Max adverse: 0.00025
[2026-02-26T07:25:25.288Z] [EURUSD_GPT5] [REAL P&L] Gross: $5.00 | Commission: $4.00 | Net: $1.00
[EXECUTOR STDERR] [ERROR] 326: Unable to connect as the client id is already in use. Retry with a unique client id.
[EXECUTOR] Close failed: Failed to connect to TWS/IB Gateway
[2026-02-26T07:25:25.778Z] [GBPUSD] [REAL] Close result: {"error":"Failed to connect to TWS/IB Gateway"}
[2026-02-26T07:25:25.779Z] [GBPUSD] CLOSED LONG | TP @ 1.355085 | R: -0.13 | Weighted: -0.04
[2026-02-26T07:25:25.779Z] [GBPUSD] Bars in trade: 1 | Max favorable: 0.00020 | Max adverse: 0.00022
[2026-02-26T07:25:25.780Z] [GBPUSD] [REAL P&L] Gross: $-8.50 | Commission: $4.00 | Net: $-12.50
[2026-02-26T07:25:27.941Z] [GBPUSD] Analysis: BAD - The trade was a long position on GBPUSD, but it failed to reach the take profit level before the mar...
[2026-02-26T07:25:27.942Z] Results saved (5 total trades)
[2026-02-26T07:25:27.945Z] Global trades saved (103 total trades)
[2026-02-26T07:25:28.360Z] [EURUSD_GPT5] Analysis: GOOD - The trade won because the entry price of 1.18147 was below the take profit level of 1.18152, and the...
[2026-02-26T07:25:28.362Z] Results saved (6 total trades)
[2026-02-26T07:25:28.364Z] Global trades saved (104 total trades)
[2026-02-26T07:30:03.918Z] [USDJPY] New bar: 20260226 07:25:00 | O:156.14200 H:156.15750 L:156.09950 C:156.15550
[2026-02-26T07:30:04.071Z] [USDJPY] Calling AI agents for trade decision...
   [DIRECTION] Analyzing market structure...
[2026-02-26T07:30:04.458Z] [GBPUSD] New bar: 20260226 07:25:00 | O:1.35509 H:1.35519 L:1.35475 C:1.35486
[2026-02-26T07:30:04.622Z] [GBPUSD] Calling AI agents for trade decision...
   [DIRECTION] Analyzing market structure...
[2026-02-26T07:30:04.623Z] [EURUSD] New bar: 20260226 07:25:00 | O:1.18122 H:1.18144 L:1.18108 C:1.18122
[2026-02-26T07:30:04.691Z] [EURUSD_GPT5] New bar: 20260226 07:25:00 | O:1.18122 H:1.18144 L:1.18108 C:1.18122
[2026-02-26T07:30:04.910Z] [EURUSD_GPT5] Calling AI agents for trade decision...
   [DIRECTION] Analyzing market structure...
   [DIRECTION] NEUTRAL (MEDIUM)
   [DIRECTION] No clear trade; wait for breakout above resistance or below support....
   [DIRECTION] No clear direction - will assess both sides
   [CONFIDENCE] Assessing setup quality...
   [DIRECTION] NEUTRAL (MEDIUM)
   [DIRECTION] Monitor price action around the support level at 1.35480. If price holds above t...
   [DIRECTION] No clear direction - will assess both sides
   [CONFIDENCE] Assessing setup quality...
   [CONFIDENCE] Probability: 45%
   [CONFIDENCE] MARGINAL: LOW conviction - size accordingly...
   [LEVELS] Determining entry, SL, TP...
   [CONFIDENCE] Probability: 25%
   [CONFIDENCE] UNFAVORABLE: Consider waiting for a clearer trend or a stronger pullback ...
   [CONFIDENCE] BAD PATTERNS: RANGE: Trading in range-bound market without clear edge, SHALLOW PULLBACK: 0% retracement - no proper entry
   [LEVELS] Determining entry, SL, TP...
   [LEVELS] Entry: 156.10000 (LIMIT)
   [LEVELS] SL: 155.92943 | TP: 156.20000 | RR: 1.30
[2026-02-26T07:30:19.401Z] [USDJPY] SIGNAL: LONG | Entry: 156.1 | SL: 155.92943 | TP: 156.2 | Risk: 0.505
[2026-02-26T07:30:19.401Z] [USDJPY] Reasoning: Dir: No clear trade; wait for breakout above resistance | Conf: The probability is set at 45% due to the absence o...
[2026-02-26T07:30:19.402Z] [USDJPY] [REAL] Placing LONG order for 100000 units...
[EXECUTOR] Entering LONG 100000 USD/JPY TP=156.2 SL=155.92943
[EXECUTOR STDERR] [ERROR] 110: The price does not conform to the minimum price variation for this contract.
[EXECUTOR] Entry filled at 156.165
[2026-02-26T07:30:20.825Z] [USDJPY] [REAL] Order filled at 156.165 (TP order: 31, SL order: 32)
[2026-02-26T07:30:20.825Z] [USDJPY] ENTERED LONG @ 156.165 | SL: 155.92943 | TP: 156.2 | Size: 100000
   [LEVELS] Entry: 1.35480 (LIMIT)
   [LEVELS] SL: 1.35439 | TP: 1.35624 | RR: 2.10
[2026-02-26T07:30:24.605Z] [GBPUSD] SIGNAL: LONG | Entry: 1.3548 | SL: 1.35439 | TP: 1.35624 | Risk: 0.25
[2026-02-26T07:30:24.605Z] [GBPUSD] Reasoning: Dir: Monitor price action around the support level at 1 | Conf: The proposed long trade is set up in a range-bound...
[2026-02-26T07:30:24.605Z] [GBPUSD] [REAL] Placing LONG order for 100000 units...
[EXECUTOR] Entering LONG 100000 GBP/USD TP=1.35624 SL=1.35439
[EXECUTOR] Entry filled at 1.3547
[2026-02-26T07:30:26.017Z] [GBPUSD] [REAL] Order filled at 1.3547 (TP order: 34, SL order: 35)
[2026-02-26T07:30:26.017Z] [GBPUSD] ENTERED LONG @ 1.3547 | SL: 1.35439 | TP: 1.35624 | Size: 100000
   [DIRECTION] UNCLEAR (LOW clarity)
   [DIRECTION] Readability: MODERATE
   [DIRECTION] Wait for clarity. If support 1.18104 holds and price reclaims/holds above the ne...
   [DIRECTION] No clear direction - will assess both sides
   [CONFIDENCE] Assessing setup quality...
   [CONFIDENCE] Probability: 47%
   [CONFIDENCE] Coherence: INCOHERENT | Sizing: REDUCED
   [CONFIDENCE] This does not read like a clean long setup. Structure points down while the regi...
   [LEVELS] Determining entry, SL, TP...
   [LEVELS] Entry: 1.18106 (LIMIT)
   [LEVELS] SL: 1.18080 (NORMAL)
   [LEVELS] TP: 1.18220 | Path: SOME_OBSTACLES | RR: 4.07
[2026-02-26T07:30:59.800Z] [EURUSD_GPT5] SIGNAL: LONG | Entry: 1.18106 | SL: 1.1808 | TP: 1.1822 | Risk: 0.47
[2026-02-26T07:30:59.800Z] [EURUSD_GPT5] Reasoning: Dir: Wait for clarity. If support 1.18104 holds and pri | Conf: This does not read like a clean long setup. Struct...
[2026-02-26T07:30:59.801Z] [EURUSD_GPT5] [REAL] Placing LONG order for 100000 units...
[EXECUTOR] Entering LONG 100000 EUR/USD TP=1.1822 SL=1.1808
[EXECUTOR] Entry filled at 1.18128
[2026-02-26T07:31:01.222Z] [EURUSD_GPT5] [REAL] Order filled at 1.18128 (TP order: 37, SL order: 38)
[2026-02-26T07:31:01.223Z] [EURUSD_GPT5] ENTERED LONG @ 1.18128 | SL: 1.1808 | TP: 1.1822 | Size: 100000
[2026-02-26T07:35:03.802Z] [USDJPY] New bar: 20260226 07:30:00 | O:156.15550 H:156.17250 L:156.10150 C:156.10350
[2026-02-26T07:35:04.223Z] [GBPUSD] New bar: 20260226 07:30:00 | O:1.35486 H:1.35509 L:1.35474 C:1.35496
[2026-02-26T07:35:04.241Z] [EURUSD] New bar: 20260226 07:30:00 | O:1.18122 H:1.18142 L:1.18117 C:1.18138
[2026-02-26T07:35:04.262Z] [EURUSD_GPT5] New bar: 20260226 07:30:00 | O:1.18122 H:1.18142 L:1.18117 C:1.18138
[EXECUTOR STDERR] [ERROR] 326: Unable to connect as the client id is already in use. Retry with a unique client id.
[2026-02-26T07:35:14.630Z] [GBPUSD] [REAL] Position closed by bracket order - TP
[2026-02-26T07:35:14.631Z] [GBPUSD] [REAL] Closing position...
[EXECUTOR] Closing position for GBP/USD
[EXECUTOR STDERR] [ERROR] 326: Unable to connect as the client id is already in use. Retry with a unique client id.
[2026-02-26T07:35:15.168Z] [EURUSD] [REAL] Position closed by bracket order - TP
[2026-02-26T07:35:15.168Z] [EURUSD] [REAL] Closing position...
[EXECUTOR] Closing position for EUR/USD
[EXECUTOR] Position closed at 1.35494
[2026-02-26T07:35:16.483Z] [GBPUSD] [REAL] Position closed at 1.35494
[2026-02-26T07:35:16.483Z] [GBPUSD] CLOSED LONG | TP @ 1.35494 | R: 0.77 | Weighted: 0.19
[2026-02-26T07:35:16.483Z] [GBPUSD] Bars in trade: 1 | Max favorable: 0.00039 | Max adverse: 0.00000
[2026-02-26T07:35:16.483Z] [GBPUSD] [REAL P&L] Gross: $24.00 | Commission: $4.00 | Net: $20.00
[2026-02-26T07:35:18.791Z] [GBPUSD] Analysis: GOOD - The trade won because the price moved favorably towards the take profit level shortly after entry. T...
[2026-02-26T07:35:18.792Z] Results saved (7 total trades)
[2026-02-26T07:35:18.794Z] Global trades saved (105 total trades)
[EXECUTOR STDERR] [ERROR] 326: Unable to connect as the client id is already in use. Retry with a unique client id.
[EXECUTOR] Close failed: Failed to connect to TWS/IB Gateway
[2026-02-26T07:35:25.579Z] [EURUSD] [REAL] Close result: {"error":"Failed to connect to TWS/IB Gateway"}
[2026-02-26T07:35:25.579Z] [EURUSD] CLOSED LONG | TP @ 1.181375 | R: -0.31 | Weighted: -0.17
[2026-02-26T07:35:25.580Z] [EURUSD] Bars in trade: 3 | Max favorable: 0.00009 | Max adverse: 0.00046
[2026-02-26T07:35:25.580Z] [EURUSD] [REAL P&L] Gross: $-16.50 | Commission: $4.00 | Net: $-20.50
[2026-02-26T07:35:27.705Z] [EURUSD] Analysis: BAD - The trade was a long position on EURUSD with a take profit set above the entry price. However, the m...
[2026-02-26T07:35:27.707Z] Results saved (8 total trades)
[2026-02-26T07:35:27.708Z] Global trades saved (106 total trades)
[2026-02-26T07:40:03.819Z] [GBPUSD] New bar: 20260226 07:35:00 | O:1.35496 H:1.35497 L:1.35464 C:1.35465
[2026-02-26T07:40:03.989Z] [GBPUSD] Calling AI agents for trade decision...
   [DIRECTION] Analyzing market structure...
[2026-02-26T07:40:03.990Z] [USDJPY] New bar: 20260226 07:35:00 | O:156.10350 H:156.16500 L:156.10350 C:156.14050
[2026-02-26T07:40:04.063Z] [EURUSD] New bar: 20260226 07:35:00 | O:1.18138 H:1.18142 L:1.18115 C:1.18118
[2026-02-26T07:40:04.256Z] [EURUSD] Calling AI agents for trade decision...
   [DIRECTION] Analyzing market structure...
[2026-02-26T07:40:04.256Z] [EURUSD_GPT5] New bar: 20260226 07:35:00 | O:1.18138 H:1.18142 L:1.18115 C:1.18118
   [DIRECTION] BULLISH (MEDIUM)
   [DIRECTION] Consider entering a long position near the support level at 1.18103, targeting t...
   [CONFIDENCE] Assessing setup quality...
   [DIRECTION] NEUTRAL (MEDIUM)
   [DIRECTION] Consider waiting for a clear break above resistance at 1.35623 for a potential l...
   [DIRECTION] No clear direction - will assess both sides
   [CONFIDENCE] Assessing setup quality...
[EXECUTOR STDERR] [ERROR] 326: Unable to connect as the client id is already in use. Retry with a unique client id.
[2026-02-26T07:40:14.669Z] [EURUSD_GPT5] [REAL] Position closed by bracket order - TP
[2026-02-26T07:40:14.669Z] [EURUSD_GPT5] [REAL] Closing position...
[EXECUTOR] Closing position for EUR/USD
[EXECUTOR] Position closed at 1.18115
[2026-02-26T07:40:16.603Z] [EURUSD_GPT5] [REAL] Position closed at 1.18115
[2026-02-26T07:40:16.604Z] [EURUSD_GPT5] CLOSED LONG | TP @ 1.18115 | R: -0.27 | Weighted: -0.13
[2026-02-26T07:40:16.604Z] [EURUSD_GPT5] Bars in trade: 2 | Max favorable: 0.00014 | Max adverse: 0.00013
[2026-02-26T07:40:16.604Z] [EURUSD_GPT5] [REAL P&L] Gross: $-13.00 | Commission: $4.00 | Net: $-17.00
   [CONFIDENCE] Probability: 55%
   [CONFIDENCE] MARGINAL: Consider entering with reduced size due to mixed signals and...
   [LEVELS] Determining entry, SL, TP...
[2026-02-26T07:40:18.443Z] [EURUSD_GPT5] Analysis: BAD - The trade was a long position on EURUSD, but the market structure was bearish (-1), indicating downw...
[2026-02-26T07:40:18.444Z] Results saved (9 total trades)
[2026-02-26T07:40:18.445Z] Global trades saved (107 total trades)
   [CONFIDENCE] Probability: 25%
   [CONFIDENCE] UNFAVORABLE: It is advisable to wait for a clear breakout above resistanc...
   [CONFIDENCE] BAD PATTERNS: RANGE: Trading in range-bound market without clear edge, SHALLOW PULLBACK: 0% retracement - no proper entry
   [LEVELS] Determining entry, SL, TP...
   [LEVELS] Entry: 1.18110 (LIMIT)
   [LEVELS] SL: 1.18075 | TP: 1.18250 | RR: 2.50
[2026-02-26T07:40:22.830Z] [EURUSD] SIGNAL: LONG | Entry: 1.1811 | SL: 1.18075 | TP: 1.1825 | Risk: 0.55
[2026-02-26T07:40:22.830Z] [EURUSD] Reasoning: Dir: Consider entering a long position near the support | Conf: The setup has some strengths, such as the price be...
[2026-02-26T07:40:22.831Z] [EURUSD] [REAL] Placing LONG order for 100000 units...
[EXECUTOR] Entering LONG 100000 EUR/USD TP=1.1825 SL=1.18075
[EXECUTOR] Entry filled at 1.18117
[2026-02-26T07:40:24.310Z] [EURUSD] [REAL] Order filled at 1.18117 (TP order: 42, SL order: 43)
[2026-02-26T07:40:24.311Z] [EURUSD] ENTERED LONG @ 1.18117 | SL: 1.18075 | TP: 1.1825 | Size: 100000
   [LEVELS] Entry: 1.35460 (LIMIT)
   [LEVELS] SL: 1.35440 | TP: 1.35620 | RR: 1.50
[2026-02-26T07:40:24.782Z] [GBPUSD] SIGNAL: LONG | Entry: 1.3546 | SL: 1.3544 | TP: 1.3562 | Risk: 0.25
[2026-02-26T07:40:24.782Z] [GBPUSD] Reasoning: Dir: Consider waiting for a clear break above resistanc | Conf: The proposed trade is a LONG position in a range-b...
[2026-02-26T07:40:24.783Z] [GBPUSD] [REAL] Placing LONG order for 100000 units...
[EXECUTOR] Entering LONG 100000 GBP/USD TP=1.3562 SL=1.3544
[EXECUTOR] Entry filled at 1.35475
[2026-02-26T07:40:26.228Z] [GBPUSD] [REAL] Order filled at 1.35475 (TP order: 45, SL order: 46)
[2026-02-26T07:40:26.229Z] [GBPUSD] ENTERED LONG @ 1.35475 | SL: 1.3544 | TP: 1.3562 | Size: 100000
[2026-02-26T07:45:04.430Z] [EURUSD] New bar: 20260226 07:40:00 | O:1.18118 H:1.18145 L:1.18113 C:1.18137
[2026-02-26T07:45:04.494Z] [EURUSD_GPT5] New bar: 20260226 07:40:00 | O:1.18118 H:1.18145 L:1.18113 C:1.18137
[2026-02-26T07:45:04.681Z] [EURUSD_GPT5] Calling AI agents for trade decision...
   [DIRECTION] Analyzing market structure...
[2026-02-26T07:45:04.683Z] [GBPUSD] New bar: 20260226 07:40:00 | O:1.35465 H:1.35509 L:1.35465 C:1.35498
[2026-02-26T07:45:04.704Z] [USDJPY] New bar: 20260226 07:40:00 | O:156.14050 H:156.16250 L:156.10000 C:156.11100
[EXECUTOR STDERR] [ERROR] 326: Unable to connect as the client id is already in use. Retry with a unique client id.
[2026-02-26T07:45:15.060Z] [GBPUSD] [REAL] Position closed by bracket order - TP
[2026-02-26T07:45:15.060Z] [GBPUSD] [REAL] Closing position...
[EXECUTOR] Closing position for GBP/USD
   [DIRECTION] UNCLEAR (LOW clarity)
   [DIRECTION] Readability: MODERATE
   [DIRECTION] Wait for clarity. If price breaks and holds below 1.18103/1.18100, look for a co...
   [DIRECTION] No clear direction - will assess both sides
   [CONFIDENCE] Assessing setup quality...
[EXECUTOR STDERR] [ERROR] 326: Unable to connect as the client id is already in use. Retry with a unique client id.
[2026-02-26T07:45:15.593Z] [USDJPY] [REAL] Position closed by bracket order - TP
[2026-02-26T07:45:15.593Z] [USDJPY] [REAL] Closing position...
[EXECUTOR] Closing position for USD/JPY
[EXECUTOR] Position closed at 1.35494
[2026-02-26T07:45:16.929Z] [GBPUSD] [REAL] Position closed at 1.35494
[2026-02-26T07:45:16.929Z] [GBPUSD] CLOSED LONG | TP @ 1.35494 | R: 0.54 | Weighted: 0.14
[2026-02-26T07:45:16.930Z] [GBPUSD] Bars in trade: 1 | Max favorable: 0.00034 | Max adverse: 0.00010
[2026-02-26T07:45:16.930Z] [GBPUSD] [REAL P&L] Gross: $19.00 | Commission: $4.00 | Net: $15.00
[2026-02-26T07:45:19.023Z] [GBPUSD] Analysis: GOOD - The trade was successful as the price moved favorably from the entry point of 1.35475 to the exit pr...
[2026-02-26T07:45:19.025Z] Results saved (10 total trades)
[2026-02-26T07:45:19.028Z] Global trades saved (108 total trades)
   [CONFIDENCE] Probability: 46%
   [CONFIDENCE] Coherence: INCOHERENT | Sizing: N/A
   [CONFIDENCE] This is not a clean long environment. The dominant structure is down and the EMA...
   [LEVELS] Determining entry, SL, TP...
[EXECUTOR STDERR] [ERROR] 326: Unable to connect as the client id is already in use. Retry with a unique client id.
[EXECUTOR] Close failed: Failed to connect to TWS/IB Gateway
[2026-02-26T07:45:25.970Z] [USDJPY] [REAL] Close result: {"error":"Failed to connect to TWS/IB Gateway"}
[2026-02-26T07:45:25.970Z] [USDJPY] CLOSED LONG | TP @ 156.111 | R: -0.23 | Weighted: -0.12
[2026-02-26T07:45:25.971Z] [USDJPY] Bars in trade: 3 | Max favorable: 0.00750 | Max adverse: 0.06500
[2026-02-26T07:45:25.971Z] [USDJPY] [REAL P&L] Gross: $-5400.00 | Commission: $4.00 | Net: $-5404.00
[2026-02-26T07:45:28.295Z] [USDJPY] Analysis: BAD - The trade was a long position on USDJPY with a tight take profit target. Although the market moved i...
[2026-02-26T07:45:28.296Z] Results saved (11 total trades)
[2026-02-26T07:45:28.299Z] Global trades saved (109 total trades)
   [LEVELS] Entry: 1.18108 (LIMIT)
   [LEVELS] SL: 1.18078 (NORMAL)
   [LEVELS] TP: 1.18155 | Path: SOME_OBSTACLES | RR: 1.57
[2026-02-26T07:45:37.889Z] [EURUSD_GPT5] SIGNAL: LONG | Entry: 1.18108 | SL: 1.18078 | TP: 1.18155 | Risk: 0.46
[2026-02-26T07:45:37.890Z] [EURUSD_GPT5] Reasoning: Dir: Wait for clarity. If price breaks and holds below  | Conf: This is not a clean long environment. The dominant...
[2026-02-26T07:45:37.890Z] [EURUSD_GPT5] [REAL] Placing LONG order for 100000 units...
[EXECUTOR] Entering LONG 100000 EUR/USD TP=1.18155 SL=1.18078
[EXECUTOR] Entry filled at 1.18128
[2026-02-26T07:45:39.322Z] [EURUSD_GPT5] [REAL] Order filled at 1.18128 (TP order: 49, SL order: 50)
[2026-02-26T07:45:39.322Z] [EURUSD_GPT5] ENTERED LONG @ 1.18128 | SL: 1.18078 | TP: 1.18155 | Size: 100000
[2026-02-26T07:50:04.340Z] [GBPUSD] New bar: 20260226 07:45:00 | O:1.35498 H:1.35499 L:1.35465 C:1.35471
[2026-02-26T07:50:04.524Z] [GBPUSD] Calling AI agents for trade decision...
   [DIRECTION] Analyzing market structure...
[2026-02-26T07:50:04.526Z] [EURUSD] New bar: 20260226 07:45:00 | O:1.18137 H:1.18146 L:1.18117 C:1.18133
[2026-02-26T07:50:04.597Z] [EURUSD_GPT5] New bar: 20260226 07:45:00 | O:1.18137 H:1.18146 L:1.18117 C:1.18133
[2026-02-26T07:50:04.619Z] [USDJPY] New bar: 20260226 07:45:00 | O:156.11100 H:156.12400 L:156.07250 C:156.08500
[2026-02-26T07:50:04.809Z] [USDJPY] Calling AI agents for trade decision...
   [DIRECTION] Analyzing market structure...
   [DIRECTION] NEUTRAL (HIGH)
   [DIRECTION] No clear trade; wait for breakout above resistance or below support for directio...
   [DIRECTION] No clear direction - will assess both sides
   [CONFIDENCE] Assessing setup quality...
   [DIRECTION] NEUTRAL (MEDIUM)
   [DIRECTION] Monitor for a potential bounce from support at 1.35469. If the price holds above...
   [DIRECTION] No clear direction - will assess both sides
   [CONFIDENCE] Assessing setup quality...
[EXECUTOR STDERR] [ERROR] 326: Unable to connect as the client id is already in use. Retry with a unique client id.
[2026-02-26T07:50:15.089Z] [EURUSD_GPT5] [REAL] Position closed by bracket order - TP
[2026-02-26T07:50:15.089Z] [EURUSD_GPT5] [REAL] Closing position...
[EXECUTOR] Closing position for EUR/USD
   [CONFIDENCE] Probability: 35%
   [CONFIDENCE] UNFAVORABLE: VERY_LOW conviction - size accordingly...
   [LEVELS] Determining entry, SL, TP...
[EXECUTOR] Position closed at 1.18136
[2026-02-26T07:50:16.829Z] [EURUSD_GPT5] [REAL] Position closed at 1.18136
[2026-02-26T07:50:16.829Z] [EURUSD_GPT5] CLOSED LONG | TP @ 1.18136 | R: 0.16 | Weighted: 0.07
[2026-02-26T07:50:16.830Z] [EURUSD_GPT5] Bars in trade: 1 | Max favorable: 0.00018 | Max adverse: 0.00011
[2026-02-26T07:50:16.830Z] [EURUSD_GPT5] [REAL P&L] Gross: $8.00 | Commission: $4.00 | Net: $4.00
   [CONFIDENCE] Probability: 30%
   [CONFIDENCE] UNFAVORABLE: Consider waiting for a clearer trend or a stronger confirmat...
   [CONFIDENCE] BAD PATTERNS: RANGE: Trading in range-bound market without clear edge, SHALLOW PULLBACK: 0% retracement - no proper entry
   [LEVELS] Determining entry, SL, TP...
[2026-02-26T07:50:19.231Z] [EURUSD_GPT5] Analysis: GOOD - The trade was successful as the price moved favorably from the entry point of 1.18128 to the exit pr...
[2026-02-26T07:50:19.233Z] Results saved (12 total trades)
[2026-02-26T07:50:19.236Z] Global trades saved (110 total trades)
   [LEVELS] Entry: 156.05000 (LIMIT)
   [LEVELS] SL: 155.95000 | TP: 156.16640 | RR: 1.30
[2026-02-26T07:50:22.259Z] [USDJPY] SIGNAL: LONG | Entry: 156.05 | SL: 155.95 | TP: 156.1664 | Risk: 0.41500000000000004
[2026-02-26T07:50:22.260Z] [USDJPY] Reasoning: Dir: No clear trade; wait for breakout above resistance | Conf: This probability reflects the lack of a clear tren...
[2026-02-26T07:50:22.260Z] [USDJPY] [REAL] Placing LONG order for 100000 units...
[EXECUTOR] Entering LONG 100000 USD/JPY TP=156.1664 SL=155.95
[EXECUTOR STDERR] [ERROR] 110: The price does not conform to the minimum price variation for this contract.
[EXECUTOR] Entry filled at 156.079
[2026-02-26T07:50:23.696Z] [USDJPY] [REAL] Order filled at 156.079 (TP order: 53, SL order: 54)
[2026-02-26T07:50:23.697Z] [USDJPY] ENTERED LONG @ 156.079 | SL: 155.95 | TP: 156.1664 | Size: 100000
   [LEVELS] Entry: 1.35468 (LIMIT)
   [LEVELS] SL: 1.35453 | TP: 1.35613 | RR: 1.50
[2026-02-26T07:50:24.811Z] [GBPUSD] SIGNAL: LONG | Entry: 1.35468 | SL: 1.35453 | TP: 1.35613 | Risk: 0.3
[2026-02-26T07:50:24.811Z] [GBPUSD] Reasoning: Dir: Monitor for a potential bounce from support at 1.3 | Conf: The proposed long trade is set up in a range-bound...
[2026-02-26T07:50:24.811Z] [GBPUSD] [REAL] Placing LONG order for 100000 units...
[EXECUTOR] Entering LONG 100000 GBP/USD TP=1.35613 SL=1.35453
[EXECUTOR] Entry filled at 1.35467
[2026-02-26T07:50:26.226Z] [GBPUSD] [REAL] Order filled at 1.35467 (TP order: 56, SL order: 57)
[2026-02-26T07:50:26.226Z] [GBPUSD] ENTERED LONG @ 1.35467 | SL: 1.35453 | TP: 1.35613 | Size: 100000
[2026-02-26T07:55:03.940Z] [EURUSD] New bar: 20260226 07:50:00 | O:1.18133 H:1.18175 L:1.18131 C:1.18173
[2026-02-26T07:55:04.014Z] [EURUSD_GPT5] New bar: 20260226 07:50:00 | O:1.18133 H:1.18175 L:1.18131 C:1.18173
[2026-02-26T07:55:04.189Z] [EURUSD_GPT5] Calling AI agents for trade decision...
   [DIRECTION] Analyzing market structure...
[2026-02-26T07:55:04.470Z] [GBPUSD] New bar: 20260226 07:50:00 | O:1.35471 H:1.35479 L:1.35443 C:1.35475
[2026-02-26T07:55:04.491Z] [USDJPY] New bar: 20260226 07:50:00 | O:156.08500 H:156.08600 L:156.02250 C:156.02600
[2026-02-26T07:55:05.446Z] [EURUSD] [REAL] Position closed by bracket order - TP
[2026-02-26T07:55:05.446Z] [EURUSD] [REAL] Closing position...
[EXECUTOR] Closing position for EUR/USD
[EXECUTOR] Position closed at N/A
[2026-02-26T07:55:06.965Z] [EURUSD] [REAL] Position already closed (likely by TP/SL order)
[2026-02-26T07:55:06.965Z] [EURUSD] CLOSED LONG | TP @ 1.181735 | R: 1.35 | Weighted: 0.74
[2026-02-26T07:55:06.966Z] [EURUSD] Bars in trade: 3 | Max favorable: 0.00057 | Max adverse: 0.00004
[2026-02-26T07:55:06.966Z] [EURUSD] [REAL P&L] Gross: $56.50 | Commission: $4.00 | Net: $52.50
[2026-02-26T07:55:09.335Z] [EURUSD] Analysis: GOOD - The trade won because the market moved favorably towards the take profit level. The entry was well-t...
[2026-02-26T07:55:09.336Z] Results saved (13 total trades)
[2026-02-26T07:55:09.338Z] Global trades saved (111 total trades)
   [DIRECTION] NEUTRAL (LOW clarity)
   [DIRECTION] Readability: MODERATE
   [DIRECTION] Wait for clarity. If price breaks and holds above 1.18220 and then reclaims/hold...
   [DIRECTION] No clear direction - will assess both sides
   [CONFIDENCE] Assessing setup quality...
[EXECUTOR STDERR] [ERROR] 326: Unable to connect as the client id is already in use. Retry with a unique client id.
[2026-02-26T07:55:14.845Z] [GBPUSD] [REAL] Position closed by bracket order - SL
[2026-02-26T07:55:14.845Z] [GBPUSD] [REAL] Closing position...
[EXECUTOR] Closing position for GBP/USD
[EXECUTOR STDERR] [ERROR] 326: Unable to connect as the client id is already in use. Retry with a unique client id.
[2026-02-26T07:55:15.397Z] [USDJPY] [REAL] Position closed by bracket order - TP
[2026-02-26T07:55:15.397Z] [USDJPY] [REAL] Closing position...
[EXECUTOR] Closing position for USD/JPY
[EXECUTOR] Position closed at 1.35478
[2026-02-26T07:55:16.682Z] [GBPUSD] [REAL] Position closed at 1.35478
[2026-02-26T07:55:16.683Z] [GBPUSD] CLOSED LONG | SL @ 1.35478 | R: 0.79 | Weighted: 0.24
[2026-02-26T07:55:16.683Z] [GBPUSD] Bars in trade: 1 | Max favorable: 0.00012 | Max adverse: 0.00024
[2026-02-26T07:55:16.683Z] [GBPUSD] [REAL P&L] Gross: $11.00 | Commission: $4.00 | Net: $7.00
[2026-02-26T07:55:18.748Z] [GBPUSD] Analysis: BAD - The trade resulted in a loss as the price moved against the long position, hitting the stop loss sho...
[2026-02-26T07:55:18.749Z] Results saved (14 total trades)
[2026-02-26T07:55:18.753Z] Global trades saved (112 total trades)
   [CONFIDENCE] Probability: 44%
   [CONFIDENCE] Coherence: INCOHERENT | Sizing: MINIMAL
   [CONFIDENCE] This is not a clean long environment. Structure is bearish (downtrend) while the...
   [LEVELS] Determining entry, SL, TP...
[EXECUTOR STDERR] [ERROR] 326: Unable to connect as the client id is already in use. Retry with a unique client id.
[EXECUTOR] Close failed: Failed to connect to TWS/IB Gateway
[2026-02-26T07:55:25.805Z] [USDJPY] [REAL] Close result: {"error":"Failed to connect to TWS/IB Gateway"}
[2026-02-26T07:55:25.806Z] [USDJPY] CLOSED LONG | TP @ 156.026 | R: -0.41 | Weighted: -0.17
[2026-02-26T07:55:25.806Z] [USDJPY] Bars in trade: 1 | Max favorable: 0.00700 | Max adverse: 0.05650
[2026-02-26T07:55:25.806Z] [USDJPY] [REAL P&L] Gross: $-5300.00 | Commission: $4.00 | Net: $-5304.00
[2026-02-26T07:55:27.678Z] [USDJPY] Analysis: BAD - The trade was set up with a long position on USDJPY, expecting the price to rise above the entry poi...
[2026-02-26T07:55:27.680Z] Results saved (15 total trades)
[2026-02-26T07:55:27.682Z] Global trades saved (113 total trades)
   [LEVELS] Entry: 1.18110 (LIMIT)
   [LEVELS] SL: 1.18078 (NORMAL)
   [LEVELS] TP: 1.18223 | Path: SOME_OBSTACLES | RR: 3.53
[2026-02-26T07:55:34.234Z] [EURUSD_GPT5] SIGNAL: LONG | Entry: 1.1811 | SL: 1.18078 | TP: 1.18223 | Risk: 0.35
[2026-02-26T07:55:34.234Z] [EURUSD_GPT5] Reasoning: Dir: Wait for clarity. If price breaks and holds above  | Conf: This is not a clean long environment. Structure is...
[2026-02-26T07:55:34.234Z] [EURUSD_GPT5] [REAL] Placing LONG order for 100000 units...
[EXECUTOR] Entering LONG 100000 EUR/USD TP=1.18223 SL=1.18078
[EXECUTOR] Entry filled at 1.1817
[2026-02-26T07:55:35.449Z] [EURUSD_GPT5] [REAL] Order filled at 1.1817 (TP order: 60, SL order: 61)
[2026-02-26T07:55:35.450Z] [EURUSD_GPT5] ENTERED LONG @ 1.1817 | SL: 1.18078 | TP: 1.18223 | Size: 100000
[2026-02-26T08:00:03.829Z] [USDJPY] New bar: 20260226 07:55:00 | O:156.02600 H:156.08400 L:156.02150 C:156.05250
[2026-02-26T08:00:03.979Z] [USDJPY] Calling AI agents for trade decision...
   [DIRECTION] Analyzing market structure...
[2026-02-26T08:00:03.980Z] [GBPUSD] New bar: 20260226 07:55:00 | O:1.35475 H:1.35492 L:1.35461 C:1.35465
[2026-02-26T08:00:04.127Z] [GBPUSD] Calling AI agents for trade decision...
   [DIRECTION] Analyzing market structure...
[2026-02-26T08:00:04.169Z] [EURUSD] New bar: 20260226 07:55:00 | O:1.18173 H:1.18183 L:1.18155 C:1.18158
[2026-02-26T08:00:04.321Z] [EURUSD] Calling AI agents for trade decision...
   [DIRECTION] Analyzing market structure...
[2026-02-26T08:00:04.322Z] [EURUSD_GPT5] New bar: 20260226 07:55:00 | O:1.18173 H:1.18183 L:1.18155 C:1.18158
   [DIRECTION] NEUTRAL (HIGH)
   [DIRECTION] No clear trade; wait for breakout above resistance or below support....
   [DIRECTION] No clear direction - will assess both sides
   [CONFIDENCE] Assessing setup quality...
   [DIRECTION] NEUTRAL (MEDIUM)
   [DIRECTION] Consider waiting for a clear breakout above resistance at 1.35623 for a potentia...
   [DIRECTION] No clear direction - will assess both sides
   [CONFIDENCE] Assessing setup quality...
   [DIRECTION] NEUTRAL (MEDIUM)
   [DIRECTION] Monitor for a breakout above resistance at 1.18220 for a potential long entry, o...
   [DIRECTION] No clear direction - will assess both sides
   [CONFIDENCE] Assessing setup quality...
   [CONFIDENCE] Probability: 45%
   [CONFIDENCE] MARGINAL: LOW conviction - size accordingly...
   [LEVELS] Determining entry, SL, TP...
   [CONFIDENCE] Probability: 30%
   [CONFIDENCE] UNFAVORABLE: Consider waiting for a clear breakout above resistance at 1....
   [CONFIDENCE] BAD PATTERNS: RANGE: Trading in range-bound market without clear edge, SHALLOW PULLBACK: 0% retracement - no proper entry
   [LEVELS] Determining entry, SL, TP...
   [CONFIDENCE] Probability: 55%
   [CONFIDENCE] MARGINAL: Consider waiting for a breakout above resistance at 1.18220 ...
   [LEVELS] Determining entry, SL, TP...
   [LEVELS] Entry: 156.02000 (LIMIT)
   [LEVELS] SL: 155.95800 | TP: 156.16600 | RR: 2.50
[2026-02-26T08:00:27.464Z] [USDJPY] SIGNAL: LONG | Entry: 156.02 | SL: 155.958 | TP: 156.166 | Risk: 0.505
[2026-02-26T08:00:27.465Z] [USDJPY] Reasoning: Dir: No clear trade; wait for breakout above resistance | Conf: This probability reflects the lack of a clear tren...
[2026-02-26T08:00:27.465Z] [USDJPY] [REAL] Placing LONG order for 100000 units...
[EXECUTOR] Entering LONG 100000 USD/JPY TP=156.166 SL=155.958
[EXECUTOR] Entry filled at 156.044
[2026-02-26T08:00:28.878Z] [USDJPY] [REAL] Order filled at 156.044 (TP order: 63, SL order: 64)
[2026-02-26T08:00:28.879Z] [USDJPY] ENTERED LONG @ 156.044 | SL: 155.958 | TP: 156.166 | Size: 100000
   [LEVELS] Entry: 1.35460 (LIMIT)
   [LEVELS] SL: 1.35420 | TP: 1.35560 | RR: 2.00
[2026-02-26T08:00:29.767Z] [GBPUSD] SIGNAL: LONG | Entry: 1.3546 | SL: 1.3542 | TP: 1.3556 | Risk: 0.3
[2026-02-26T08:00:29.768Z] [GBPUSD] Reasoning: Dir: Consider waiting for a clear breakout above resist | Conf: The proposed long trade is set up in a range-bound...
[2026-02-26T08:00:29.768Z] [GBPUSD] [REAL] Placing LONG order for 100000 units...
[EXECUTOR] Entering LONG 100000 GBP/USD TP=1.3556 SL=1.3542
[EXECUTOR] Entry filled at 1.35448
[2026-02-26T08:00:31.188Z] [GBPUSD] [REAL] Order filled at 1.35448 (TP order: 66, SL order: 67)
[2026-02-26T08:00:31.188Z] [GBPUSD] ENTERED LONG @ 1.35448 | SL: 1.3542 | TP: 1.3556 | Size: 100000
   [LEVELS] Entry: 1.18150 (LIMIT)
   [LEVELS] SL: 1.18110 | TP: 1.18220 | RR: 1.67
[2026-02-26T08:00:34.198Z] [EURUSD] SIGNAL: LONG | Entry: 1.1815 | SL: 1.1811 | TP: 1.1822 | Risk: 0.55
[2026-02-26T08:00:34.199Z] [EURUSD] Reasoning: Dir: Monitor for a breakout above resistance at 1.18220 | Conf: The setup shows some positive aspects, such as the...
[2026-02-26T08:00:34.199Z] [EURUSD] [REAL] Placing LONG order for 100000 units...
[EXECUTOR] Entering LONG 100000 EUR/USD TP=1.1822 SL=1.1811
[EXECUTOR] Entry filled at 1.18129
[2026-02-26T08:00:35.596Z] [EURUSD] [REAL] Order filled at 1.18129 (TP order: 69, SL order: 70)
[2026-02-26T08:00:35.596Z] [EURUSD] ENTERED LONG @ 1.18129 | SL: 1.1811 | TP: 1.1822 | Size: 100000
[2026-02-26T08:05:03.773Z] [GBPUSD] New bar: 20260226 08:00:00 | O:1.35465 H:1.35473 L:1.35345 C:1.35362
[2026-02-26T08:05:03.844Z] [EURUSD] New bar: 20260226 08:00:00 | O:1.18158 H:1.18159 L:1.18054 C:1.18063
[2026-02-26T08:05:03.865Z] [EURUSD_GPT5] New bar: 20260226 08:00:00 | O:1.18158 H:1.18159 L:1.18054 C:1.18063
[2026-02-26T08:05:03.889Z] [USDJPY] New bar: 20260226 08:00:00 | O:156.05250 H:156.13600 L:156.02500 C:156.12050
[2026-02-26T08:05:05.388Z] [GBPUSD] [REAL] Closing position...
[EXECUTOR] Closing position for GBP/USD
[EXECUTOR] Position closed at 1.35368
[2026-02-26T08:05:07.320Z] [GBPUSD] [REAL] Position closed at 1.35368
[2026-02-26T08:05:07.321Z] [GBPUSD] CLOSED LONG | SL @ 1.35368 | R: -2.86 | Weighted: -0.86
[2026-02-26T08:05:07.321Z] [GBPUSD] Bars in trade: 1 | Max favorable: 0.00025 | Max adverse: 0.00103
[2026-02-26T08:05:07.321Z] [GBPUSD] [REAL P&L] Gross: $-80.00 | Commission: $4.00 | Net: $-84.00
[2026-02-26T08:05:09.984Z] [GBPUSD] Analysis: BAD - The trade resulted in a loss as the price moved against the long position, hitting the stop loss bef...
[2026-02-26T08:05:09.985Z] Results saved (16 total trades)
[2026-02-26T08:05:09.988Z] Global trades saved (114 total trades)
[EXECUTOR STDERR] [ERROR] 326: Unable to connect as the client id is already in use. Retry with a unique client id.
[2026-02-26T08:05:14.360Z] [EURUSD] [REAL] Position closed by bracket order - SL
[2026-02-26T08:05:14.360Z] [EURUSD] [REAL] Closing position...
[EXECUTOR] Closing position for EUR/USD
[EXECUTOR STDERR] [ERROR] 326: Unable to connect as the client id is already in use. Retry with a unique client id.
[2026-02-26T08:05:14.808Z] [USDJPY] [REAL] Position closed by bracket order - TP
[2026-02-26T08:05:14.808Z] [USDJPY] [REAL] Closing position...
[EXECUTOR] Closing position for USD/JPY
[EXECUTOR STDERR] [ERROR] 326: Unable to connect as the client id is already in use. Retry with a unique client id.
[2026-02-26T08:05:14.828Z] [EURUSD_GPT5] [REAL] Position closed by bracket order - SL
[2026-02-26T08:05:14.828Z] [EURUSD_GPT5] [REAL] Closing position...
[EXECUTOR] Closing position for EUR/USD
[EXECUTOR] Position closed at 1.18058
[2026-02-26T08:05:16.253Z] [EURUSD] [REAL] Position closed at 1.18058
[2026-02-26T08:05:16.253Z] [EURUSD] CLOSED LONG | SL @ 1.18058 | R: -3.74 | Weighted: -2.06
[2026-02-26T08:05:16.253Z] [EURUSD] Bars in trade: 1 | Max favorable: 0.00030 | Max adverse: 0.00075
[2026-02-26T08:05:16.254Z] [EURUSD] [REAL P&L] Gross: $-71.00 | Commission: $4.00 | Net: $-75.00
[2026-02-26T08:05:18.461Z] [EURUSD] Analysis: BAD - The trade was a loss due to a tight stop loss that was hit shortly after entry. The market structure...
[2026-02-26T08:05:18.463Z] Results saved (17 total trades)
[2026-02-26T08:05:18.467Z] Global trades saved (115 total trades)
[EXECUTOR STDERR] [ERROR] 326: Unable to connect as the client id is already in use. Retry with a unique client id.
[EXECUTOR] Close failed: Failed to connect to TWS/IB Gateway
[2026-02-26T08:05:25.236Z] [USDJPY] [REAL] Close result: {"error":"Failed to connect to TWS/IB Gateway"}
[2026-02-26T08:05:25.236Z] [USDJPY] CLOSED LONG | TP @ 156.1205 | R: 0.89 | Weighted: 0.45
[2026-02-26T08:05:25.236Z] [USDJPY] Bars in trade: 1 | Max favorable: 0.09200 | Max adverse: 0.01900
[2026-02-26T08:05:25.237Z] [USDJPY] [REAL P&L] Gross: $7650.00 | Commission: $4.00 | Net: $7646.00
[EXECUTOR STDERR] [ERROR] 326: Unable to connect as the client id is already in use. Retry with a unique client id.
[EXECUTOR] Close failed: Failed to connect to TWS/IB Gateway
[2026-02-26T08:05:25.771Z] [EURUSD_GPT5] [REAL] Close result: {"error":"Failed to connect to TWS/IB Gateway"}
[2026-02-26T08:05:25.771Z] [EURUSD_GPT5] CLOSED LONG | SL @ 1.18078 | R: -1.00 | Weighted: -0.35
[2026-02-26T08:05:25.771Z] [EURUSD_GPT5] Bars in trade: 2 | Max favorable: 0.00013 | Max adverse: 0.00116
[2026-02-26T08:05:25.772Z] [EURUSD_GPT5] [REAL P&L] Gross: $-92.00 | Commission: $4.00 | Net: $-96.00
[2026-02-26T08:05:26.959Z] [USDJPY] Analysis: GOOD - The trade was successful as the price moved favorably towards the take profit level of 156.166 short...
[2026-02-26T08:05:26.960Z] Results saved (18 total trades)
[2026-02-26T08:05:26.962Z] Global trades saved (116 total trades)
[2026-02-26T08:05:27.990Z] [EURUSD_GPT5] Analysis: BAD - The trade was a loss as the price moved against the long position, hitting the stop loss before reac...
[2026-02-26T08:05:27.991Z] Results saved (19 total trades)
[2026-02-26T08:05:27.994Z] Global trades saved (117 total trades)
[2026-02-26T08:10:03.736Z] [EURUSD] New bar: 20260226 08:05:00 | O:1.18063 H:1.18074 L:1.18037 C:1.18067
[2026-02-26T08:10:03.881Z] [EURUSD] Calling AI agents for trade decision...
   [DIRECTION] Analyzing market structure...
[2026-02-26T08:10:03.881Z] [EURUSD_GPT5] New bar: 20260226 08:05:00 | O:1.18063 H:1.18074 L:1.18037 C:1.18067
[2026-02-26T08:10:04.030Z] [EURUSD_GPT5] Calling AI agents for trade decision...
   [DIRECTION] Analyzing market structure...
[2026-02-26T08:10:04.031Z] [USDJPY] New bar: 20260226 08:05:00 | O:156.12050 H:156.17650 L:156.10900 C:156.13600
[2026-02-26T08:10:04.180Z] [USDJPY] Calling AI agents for trade decision...
   [DIRECTION] Analyzing market structure...
[2026-02-26T08:10:04.181Z] [GBPUSD] New bar: 20260226 08:05:00 | O:1.35362 H:1.35376 L:1.35322 C:1.35349
[2026-02-26T08:10:04.329Z] [GBPUSD] Calling AI agents for trade decision...
   [DIRECTION] Analyzing market structure...
   [DIRECTION] NEUTRAL (HIGH)
   [DIRECTION] No clear trade; wait for a breakout above resistance or below support to establi...
   [DIRECTION] No clear direction - will assess both sides
   [CONFIDENCE] Assessing setup quality...
   [DIRECTION] BULLISH (MEDIUM)
   [DIRECTION] Consider entering a long position near the support level at 1.18095, targeting t...
   [CONFIDENCE] Assessing setup quality...
   [CONFIDENCE] Probability: 45%
   [CONFIDENCE] MARGINAL: LOW conviction - size accordingly...
   [LEVELS] Determining entry, SL, TP...
   [DIRECTION] UNCLEAR (LOW clarity)
   [DIRECTION] Readability: MODERATE
   [DIRECTION] Wait for clarity. Price is sitting at the bottom of the session range (~7%) righ...
   [DIRECTION] No clear direction - will assess both sides
   [CONFIDENCE] Assessing setup quality...
   [DIRECTION] BEARISH (MEDIUM)
   [DIRECTION] Consider shorting at resistance around 1.35622, targeting support at 1.35459. If...
   [CONFIDENCE] Assessing setup quality...
   [LEVELS] Entry: 156.08000 (LIMIT)
   [LEVELS] SL: 155.70050 | TP: 156.16560 | RR: 1.40
[2026-02-26T08:10:16.523Z] [USDJPY] SIGNAL: LONG | Entry: 156.08 | SL: 155.7005 | TP: 156.1656 | Risk: 0.505
[2026-02-26T08:10:16.524Z] [USDJPY] Reasoning: Dir: No clear trade; wait for a breakout above resistan | Conf: This probability reflects the lack of a clear tren...
[2026-02-26T08:10:16.525Z] [USDJPY] [REAL] Placing LONG order for 100000 units...
[EXECUTOR] Entering LONG 100000 USD/JPY TP=156.1656 SL=155.7005
   [CONFIDENCE] Probability: 55%
   [CONFIDENCE] MARGINAL: Consider entering with reduced size due to the lack of stron...
   [LEVELS] Determining entry, SL, TP...
[EXECUTOR STDERR] [ERROR] 110: The price does not conform to the minimum price variation for this contract.
[ERROR] 110: The price does not conform to the minimum price variation for this contract.
[EXECUTOR] Entry filled at 156.141
[2026-02-26T08:10:17.937Z] [USDJPY] [REAL] Order filled at 156.141 (TP order: 74, SL order: 75)
[2026-02-26T08:10:17.945Z] [USDJPY] ENTERED LONG @ 156.141 | SL: 155.7005 | TP: 156.1656 | Size: 100000
   [CONFIDENCE] Probability: 25%
   [CONFIDENCE] UNFAVORABLE: Consider waiting for a clearer trend or a more favorable ent...
   [CONFIDENCE] BAD PATTERNS: RANGE: Trading in range-bound market without clear edge, SHALLOW PULLBACK: 0% retracement - no proper entry
   [LEVELS] Determining entry, SL, TP...
   [CONFIDENCE] Probability: 44%
   [CONFIDENCE] Coherence: INCOHERENT | Sizing: MINIMAL
   [CONFIDENCE] This does not read like a clean long environment. Structure is pointing down whi...
   [LEVELS] Determining entry, SL, TP...
   [LEVELS] Entry: 1.18060 (LIMIT)
   [LEVELS] SL: 1.18020 | TP: 1.18150 | RR: 2.30
[2026-02-26T08:10:22.716Z] [EURUSD] SIGNAL: LONG | Entry: 1.1806 | SL: 1.1802 | TP: 1.1815 | Risk: 0.55
[2026-02-26T08:10:22.717Z] [EURUSD] Reasoning: Dir: Consider entering a long position near the support | Conf: The setup shows a bullish bias with price above th...
[2026-02-26T08:10:22.717Z] [EURUSD] [REAL] Placing LONG order for 100000 units...
[EXECUTOR] Entering LONG 100000 EUR/USD TP=1.1815 SL=1.1802
[EXECUTOR] Entry filled at 1.18063
[2026-02-26T08:10:24.126Z] [EURUSD] [REAL] Order filled at 1.18063 (TP order: 77, SL order: 78)
[2026-02-26T08:10:24.127Z] [EURUSD] ENTERED LONG @ 1.18063 | SL: 1.1802 | TP: 1.1815 | Size: 100000
   [LEVELS] Entry: 1.35600 (LIMIT)
   [LEVELS] SL: 1.35700 | TP: 1.35300 | RR: 1.50
[2026-02-26T08:10:24.842Z] [GBPUSD] SIGNAL: SHORT | Entry: 1.356 | SL: 1.357 | TP: 1.353 | Risk: 0.25
[2026-02-26T08:10:24.843Z] [GBPUSD] Reasoning: Dir: Consider shorting at resistance around 1.35622, ta | Conf: The proposed trade has been assessed with multiple...
[2026-02-26T08:10:24.843Z] [GBPUSD] [REAL] Placing SHORT order for 100000 units...
[EXECUTOR] Entering SHORT 100000 GBP/USD TP=1.353 SL=1.357
[EXECUTOR] Entry filled at 1.35343
[2026-02-26T08:10:26.254Z] [GBPUSD] [REAL] Order filled at 1.35343 (TP order: 80, SL order: 81)
[2026-02-26T08:10:26.255Z] [GBPUSD] ENTERED SHORT @ 1.35343 | SL: 1.357 | TP: 1.353 | Size: 100000
[2026-02-26T08:10:30.975Z] [EURUSD_GPT5] Error processing bar: Unexpected token 'i', ..."asoning":final_graph"... is not valid JSON
[2026-02-26T08:15:04.352Z] [EURUSD] New bar: 20260226 08:10:00 | O:1.18067 H:1.18078 L:1.18049 C:1.18068
[2026-02-26T08:15:04.430Z] [EURUSD_GPT5] New bar: 20260226 08:10:00 | O:1.18067 H:1.18078 L:1.18049 C:1.18068
[2026-02-26T08:15:04.584Z] [EURUSD_GPT5] Calling AI agents for trade decision...
   [DIRECTION] Analyzing market structure...
[2026-02-26T08:15:04.586Z] [GBPUSD] New bar: 20260226 08:10:00 | O:1.35349 H:1.35354 L:1.35310 C:1.35323
[2026-02-26T08:15:04.619Z] [USDJPY] New bar: 20260226 08:10:00 | O:156.13600 H:156.14250 L:156.05400 C:156.05500
   [DIRECTION] UNCLEAR (LOW clarity)
   [DIRECTION] Readability: MESSY
   [DIRECTION] Wait for clarity. If price reclaims and holds above 1.18085 (and especially back...
   [DIRECTION] No clear direction - will assess both sides
   [CONFIDENCE] Assessing setup quality...
[EXECUTOR STDERR] [ERROR] 326: Unable to connect as the client id is already in use. Retry with a unique client id.
[2026-02-26T08:15:14.980Z] [GBPUSD] [REAL] Position closed by bracket order - TP
[2026-02-26T08:15:14.980Z] [GBPUSD] [REAL] Closing position...
[EXECUTOR] Closing position for GBP/USD
[EXECUTOR STDERR] [ERROR] 326: Unable to connect as the client id is already in use. Retry with a unique client id.
[2026-02-26T08:15:15.512Z] [USDJPY] [REAL] Position closed by bracket order - TP
[2026-02-26T08:15:15.513Z] [USDJPY] [REAL] Closing position...
[EXECUTOR] Closing position for USD/JPY
[EXECUTOR] Position closed at 1.35331
[2026-02-26T08:15:16.847Z] [GBPUSD] [REAL] Position closed at 1.35331
[2026-02-26T08:15:16.847Z] [GBPUSD] CLOSED SHORT | TP @ 1.35331 | R: 0.03 | Weighted: 0.01
[2026-02-26T08:15:16.847Z] [GBPUSD] Bars in trade: 1 | Max favorable: 0.00033 | Max adverse: 0.00011
[2026-02-26T08:15:16.848Z] [GBPUSD] [REAL P&L] Gross: $12.00 | Commission: $4.00 | Net: $8.00
[2026-02-26T08:15:18.675Z] [GBPUSD] Analysis: GOOD - The trade was successful as the market moved in favor of the short position quickly, reaching the ta...
[2026-02-26T08:15:18.677Z] Results saved (20 total trades)
[2026-02-26T08:15:18.679Z] Global trades saved (118 total trades)
   [CONFIDENCE] Probability: 43%
   [CONFIDENCE] Coherence: INCOHERENT | Sizing: MINIMAL
   [CONFIDENCE] This does not read like a clean long. The higher-level story is conflicted (rang...
   [LEVELS] Determining entry, SL, TP...
[EXECUTOR STDERR] [ERROR] 326: Unable to connect as the client id is already in use. Retry with a unique client id.
[EXECUTOR] Close failed: Failed to connect to TWS/IB Gateway
[2026-02-26T08:15:25.933Z] [USDJPY] [REAL] Close result: {"error":"Failed to connect to TWS/IB Gateway"}
[2026-02-26T08:15:25.933Z] [USDJPY] CLOSED LONG | TP @ 156.055 | R: -0.20 | Weighted: -0.10
[2026-02-26T08:15:25.934Z] [USDJPY] Bars in trade: 1 | Max favorable: 0.00150 | Max adverse: 0.08700
[2026-02-26T08:15:25.934Z] [USDJPY] [REAL P&L] Gross: $-8600.00 | Commission: $4.00 | Net: $-8604.00
[2026-02-26T08:15:28.243Z] [USDJPY] Analysis: BAD - The trade was a long position on USDJPY, but the market did not move in the expected direction to hi...
[2026-02-26T08:15:28.245Z] Results saved (21 total trades)
[2026-02-26T08:15:28.248Z] Global trades saved (119 total trades)
   [LEVELS] Entry: 1.18045 (LIMIT)
   [LEVELS] SL: 1.18015 (TIGHT)
   [LEVELS] TP: 1.18096 | Path: SOME_OBSTACLES | RR: 1.70
[2026-02-26T08:15:31.079Z] [EURUSD_GPT5] SIGNAL: LONG | Entry: 1.18045 | SL: 1.18015 | TP: 1.18096 | Risk: 0.35
[2026-02-26T08:15:31.079Z] [EURUSD_GPT5] Reasoning: Dir: Wait for clarity. If price reclaims and holds abov | Conf: This does not read like a clean long. The higher-l...
[2026-02-26T08:15:31.080Z] [EURUSD_GPT5] [REAL] Placing LONG order for 100000 units...
[EXECUTOR] Entering LONG 100000 EUR/USD TP=1.18096 SL=1.18015
[EXECUTOR] Entry filled at 1.1807
[2026-02-26T08:15:32.479Z] [EURUSD_GPT5] [REAL] Order filled at 1.1807 (TP order: 84, SL order: 85)
[2026-02-26T08:15:32.479Z] [EURUSD_GPT5] ENTERED LONG @ 1.1807 | SL: 1.18015 | TP: 1.18096 | Size: 100000
[2026-02-26T08:20:03.933Z] [EURUSD] New bar: 20260226 08:15:00 | O:1.18068 H:1.18083 L:1.18043 C:1.18058
[2026-02-26T08:20:04.002Z] [EURUSD_GPT5] New bar: 20260226 08:15:00 | O:1.18068 H:1.18083 L:1.18043 C:1.18058
[2026-02-26T08:20:04.027Z] [USDJPY] New bar: 20260226 08:15:00 | O:156.05500 H:156.07850 L:155.98950 C:156.05600
[2026-02-26T08:20:04.235Z] [USDJPY] Calling AI agents for trade decision...
   [DIRECTION] Analyzing market structure...
[2026-02-26T08:20:04.802Z] [GBPUSD] New bar: 20260226 08:15:00 | O:1.35323 H:1.35350 L:1.35296 C:1.35315
[2026-02-26T08:20:04.974Z] [GBPUSD] Calling AI agents for trade decision...
   [DIRECTION] Analyzing market structure...
   [DIRECTION] NEUTRAL (MEDIUM)
   [DIRECTION] No clear trade. Wait for breakout above 156.16917 or below 155.84232....
   [DIRECTION] No clear direction - will assess both sides
   [CONFIDENCE] Assessing setup quality...
   [DIRECTION] BEARISH (MEDIUM)
   [DIRECTION] Consider shorting near the resistance level at 1.35622, targeting the support le...
   [CONFIDENCE] Assessing setup quality...
   [CONFIDENCE] Probability: 45%
   [CONFIDENCE] MARGINAL: LOW conviction - size accordingly...
   [LEVELS] Determining entry, SL, TP...
   [CONFIDENCE] Probability: 25%
   [CONFIDENCE] UNFAVORABLE: Consider waiting for a clearer bearish signal or a breakout ...
   [CONFIDENCE] BAD PATTERNS: RANGE: Trading in range-bound market without clear edge, SHALLOW PULLBACK: 0% retracement - no proper entry
   [LEVELS] Determining entry, SL, TP...
[EXECUTOR STDERR] [ERROR] 326: Unable to connect as the client id is already in use. Retry with a unique client id.
[2026-02-26T08:20:14.459Z] [EURUSD_GPT5] [REAL] Position closed by bracket order - TP
[2026-02-26T08:20:14.459Z] [EURUSD_GPT5] [REAL] Closing position...
[EXECUTOR] Closing position for EUR/USD
[EXECUTOR] Position closed at 1.18054
[2026-02-26T08:20:16.355Z] [EURUSD_GPT5] [REAL] Position closed at 1.18054
[2026-02-26T08:20:16.355Z] [EURUSD_GPT5] CLOSED LONG | TP @ 1.18054 | R: -0.29 | Weighted: -0.10
[2026-02-26T08:20:16.356Z] [EURUSD_GPT5] Bars in trade: 1 | Max favorable: 0.00013 | Max adverse: 0.00028
[2026-02-26T08:20:16.356Z] [EURUSD_GPT5] [REAL P&L] Gross: $-16.00 | Commission: $4.00 | Net: $-20.00
   [LEVELS] Entry: 156.08500 (LIMIT)
   [LEVELS] SL: 155.97000 | TP: 156.16917 | RR: 1.50
[2026-02-26T08:20:18.202Z] [USDJPY] SIGNAL: LONG | Entry: 156.085 | SL: 155.97 | TP: 156.16917 | Risk: 0.505
[2026-02-26T08:20:18.202Z] [USDJPY] Reasoning: Dir: No clear trade. Wait for breakout above 156.16917  | Conf: This probability reflects the mixed signals in the...
[2026-02-26T08:20:18.202Z] [USDJPY] [REAL] Placing LONG order for 100000 units...
[EXECUTOR] Entering LONG 100000 USD/JPY TP=156.16917 SL=155.97
   [LEVELS] Entry: 1.35325 (LIMIT)
   [LEVELS] SL: 1.35701 | TP: 1.35277 | RR: 1.50
[2026-02-26T08:20:18.470Z] [GBPUSD] SIGNAL: SHORT | Entry: 1.35325 | SL: 1.35701 | TP: 1.35277 | Risk: 0.25
[2026-02-26T08:20:18.471Z] [GBPUSD] Reasoning: Dir: Consider shorting near the resistance level at 1.3 | Conf: The proposed trade has been identified with two si...
[2026-02-26T08:20:18.471Z] [GBPUSD] [REAL] Placing SHORT order for 100000 units...
[EXECUTOR] Entering SHORT 100000 GBP/USD TP=1.35277 SL=1.35701
[2026-02-26T08:20:18.995Z] [EURUSD_GPT5] Analysis: BAD - The trade was set up with a long position on EURUSD, but the market structure was bearish (-1), indi...
[2026-02-26T08:20:18.996Z] Results saved (22 total trades)
[2026-02-26T08:20:18.999Z] Global trades saved (120 total trades)
[EXECUTOR STDERR] [ERROR] 110: The price does not conform to the minimum price variation for this contract.
[EXECUTOR] Entry filled at 156.032
[2026-02-26T08:20:19.610Z] [USDJPY] [REAL] Order filled at 156.032 (TP order: 88, SL order: 89)
[2026-02-26T08:20:19.611Z] [USDJPY] ENTERED LONG @ 156.032 | SL: 155.97 | TP: 156.16917 | Size: 100000
[EXECUTOR STDERR] [ERROR] 326: Unable to connect as the client id is already in use. Retry with a unique client id.
[EXECUTOR] Entry failed: Failed to connect to TWS/IB Gateway
[2026-02-26T08:20:28.817Z] [GBPUSD] [REAL] Order FAILED: Failed to connect to TWS/IB Gateway
[2026-02-26T08:25:04.278Z] [EURUSD] New bar: 20260226 08:20:00 | O:1.18058 H:1.18068 L:1.18030 C:1.18053
[2026-02-26T08:25:04.346Z] [EURUSD_GPT5] New bar: 20260226 08:20:00 | O:1.18058 H:1.18068 L:1.18030 C:1.18053
[2026-02-26T08:25:04.519Z] [EURUSD_GPT5] Calling AI agents for trade decision...
   [DIRECTION] Analyzing market structure...
[2026-02-26T08:25:04.521Z] [GBPUSD] New bar: 20260226 08:20:00 | O:1.35315 H:1.35325 L:1.35268 C:1.35284
[2026-02-26T08:25:04.711Z] [GBPUSD] Calling AI agents for trade decision...
   [DIRECTION] Analyzing market structure...
[2026-02-26T08:25:04.711Z] [USDJPY] New bar: 20260226 08:20:00 | O:156.05600 H:156.05850 L:156.00450 C:156.00550
[2026-02-26T08:25:05.770Z] [EURUSD] [REAL] Position closed by bracket order - TP
[2026-02-26T08:25:05.770Z] [EURUSD] [REAL] Closing position...
[EXECUTOR] Closing position for EUR/USD
[EXECUTOR] Position closed at N/A
[2026-02-26T08:25:07.219Z] [EURUSD] [REAL] Position already closed (likely by TP/SL order)
[2026-02-26T08:25:07.219Z] [EURUSD] CLOSED LONG | TP @ 1.180535 | R: -0.22 | Weighted: -0.12
[2026-02-26T08:25:07.220Z] [EURUSD] Bars in trade: 3 | Max favorable: 0.00020 | Max adverse: 0.00033
[2026-02-26T08:25:07.220Z] [EURUSD] [REAL P&L] Gross: $-9.50 | Commission: $4.00 | Net: $-13.50
   [DIRECTION] BEARISH (MEDIUM)
   [DIRECTION] Consider shorting at the resistance level of 1.35622, targeting the support leve...
   [CONFIDENCE] Assessing setup quality...
[2026-02-26T08:25:09.517Z] [EURUSD] Analysis: BAD - The trade was a long position on EURUSD, but the market structure was bearish (-1), indicating a dow...
[2026-02-26T08:25:09.518Z] Results saved (23 total trades)
[2026-02-26T08:25:09.521Z] Global trades saved (121 total trades)
   [DIRECTION] UNCLEAR (LOW clarity)
   [DIRECTION] Readability: MODERATE
   [DIRECTION] Wait for clarity. This is a decision area: price is sitting on/just above 1.1804...
   [DIRECTION] No clear direction - will assess both sides
   [CONFIDENCE] Assessing setup quality...
   [CONFIDENCE] Probability: 30%
   [CONFIDENCE] UNFAVORABLE: Consider waiting for a clearer trend or a better entry point...
   [CONFIDENCE] BAD PATTERNS: RANGE: Trading in range-bound market without clear edge, SHALLOW PULLBACK: 0% retracement - no proper entry
   [LEVELS] Determining entry, SL, TP...
[EXECUTOR STDERR] [ERROR] 326: Unable to connect as the client id is already in use. Retry with a unique client id.
[2026-02-26T08:25:15.102Z] [USDJPY] [REAL] Position closed by bracket order - TP
[2026-02-26T08:25:15.102Z] [USDJPY] [REAL] Closing position...
[EXECUTOR] Closing position for USD/JPY
[EXECUTOR] Position closed at 156.014
[2026-02-26T08:25:17.023Z] [USDJPY] [REAL] Position closed at 156.014
[2026-02-26T08:25:17.025Z] [USDJPY] CLOSED LONG | TP @ 156.014 | R: -0.29 | Weighted: -0.15
[2026-02-26T08:25:17.025Z] [USDJPY] Bars in trade: 1 | Max favorable: 0.02650 | Max adverse: 0.02750
[2026-02-26T08:25:17.026Z] [USDJPY] [REAL P&L] Gross: $-1800.00 | Commission: $4.00 | Net: $-1804.00
   [LEVELS] Entry: 1.35322 (LIMIT)
   [LEVELS] SL: 1.35701 | TP: 1.35232 | RR: 1.50
[2026-02-26T08:25:19.026Z] [GBPUSD] SIGNAL: SHORT | Entry: 1.35322 | SL: 1.35701 | TP: 1.35232 | Risk: 0.3
[2026-02-26T08:25:19.027Z] [GBPUSD] Reasoning: Dir: Consider shorting at the resistance level of 1.356 | Conf: The proposed trade is assessed to have a probabili...
[2026-02-26T08:25:19.027Z] [GBPUSD] [REAL] Placing SHORT order for 100000 units...
[EXECUTOR] Entering SHORT 100000 GBP/USD TP=1.35232 SL=1.35701
[2026-02-26T08:25:19.392Z] [USDJPY] Analysis: BAD - The trade was set up with a long position on USDJPY, but the market did not move in the expected dir...
[2026-02-26T08:25:19.393Z] Results saved (24 total trades)
[2026-02-26T08:25:19.396Z] Global trades saved (122 total trades)
[EXECUTOR] Entry filled at 1.35244
[2026-02-26T08:25:20.426Z] [GBPUSD] [REAL] Order filled at 1.35244 (TP order: 92, SL order: 93)
[2026-02-26T08:25:20.427Z] [GBPUSD] ENTERED SHORT @ 1.35244 | SL: 1.35701 | TP: 1.35232 | Size: 100000
   [CONFIDENCE] Probability: 47%
   [CONFIDENCE] Coherence: INCOHERENT | Sizing: REDUCED
   [CONFIDENCE] This does not read like a market confidently setting up for a long continuation....
   [LEVELS] Determining entry, SL, TP...
   [LEVELS] Entry: 1.18050 (LIMIT)
   [LEVELS] SL: 1.18026 (TIGHT)
   [LEVELS] TP: 1.18205 | Path: SOME_OBSTACLES | RR: 6.46
[2026-02-26T08:25:43.006Z] [EURUSD_GPT5] SIGNAL: LONG | Entry: 1.1805 | SL: 1.18026 | TP: 1.18205 | Risk: 0.47
[2026-02-26T08:25:43.007Z] [EURUSD_GPT5] Reasoning: Dir: Wait for clarity. This is a decision area: price i | Conf: This does not read like a market confidently setti...
[2026-02-26T08:25:43.007Z] [EURUSD_GPT5] [REAL] Placing LONG order for 100000 units...
[EXECUTOR] Entering LONG 100000 EUR/USD TP=1.18205 SL=1.18026
[EXECUTOR] Entry filled at 1.18043
[2026-02-26T08:25:44.423Z] [EURUSD_GPT5] [REAL] Order filled at 1.18043 (TP order: 95, SL order: 96)
[2026-02-26T08:25:44.423Z] [EURUSD_GPT5] ENTERED LONG @ 1.18043 | SL: 1.18026 | TP: 1.18205 | Size: 100000
[2026-02-26T08:30:03.761Z] [EURUSD] New bar: 20260226 08:25:00 | O:1.18053 H:1.18054 L:1.18023 C:1.18035
[2026-02-26T08:30:03.924Z] [EURUSD] Calling AI agents for trade decision...
   [DIRECTION] Analyzing market structure...
[2026-02-26T08:30:03.924Z] [EURUSD_GPT5] New bar: 20260226 08:25:00 | O:1.18053 H:1.18054 L:1.18023 C:1.18035
[2026-02-26T08:30:03.997Z] [USDJPY] New bar: 20260226 08:25:00 | O:156.00550 H:156.10500 L:156.00450 C:156.08900
[2026-02-26T08:30:04.165Z] [USDJPY] Calling AI agents for trade decision...
   [DIRECTION] Analyzing market structure...
[2026-02-26T08:30:04.167Z] [GBPUSD] New bar: 20260226 08:25:00 | O:1.35284 H:1.35284 L:1.35234 C:1.35275
[2026-02-26T08:30:05.439Z] [EURUSD_GPT5] [REAL] Position closed by bracket order - SL
[2026-02-26T08:30:05.440Z] [EURUSD_GPT5] [REAL] Closing position...
[EXECUTOR] Closing position for EUR/USD
[EXECUTOR] Position closed at N/A
[2026-02-26T08:30:06.890Z] [EURUSD_GPT5] [REAL] Position already closed (likely by TP/SL order)
[2026-02-26T08:30:06.891Z] [EURUSD_GPT5] CLOSED LONG | SL @ 1.18026 | R: -1.00 | Weighted: -0.47
[2026-02-26T08:30:06.891Z] [EURUSD_GPT5] Bars in trade: 1 | Max favorable: 0.00011 | Max adverse: 0.00021
[2026-02-26T08:30:06.891Z] [EURUSD_GPT5] [REAL P&L] Gross: $-17.00 | Commission: $4.00 | Net: $-21.00
[2026-02-26T08:30:08.545Z] [EURUSD_GPT5] Analysis: BAD - The trade resulted in a loss because the market structure was bearish (-1), indicating a downward tr...
[2026-02-26T08:30:08.546Z] Results saved (25 total trades)
[2026-02-26T08:30:08.549Z] Global trades saved (123 total trades)
   [DIRECTION] BEARISH (MEDIUM)
   [DIRECTION] Consider shorting near the resistance level at 1.18218, targeting the support le...
   [CONFIDENCE] Assessing setup quality...
   [DIRECTION] NEUTRAL (HIGH)
   [DIRECTION] No clear trade; wait for breakout above resistance or below support for directio...
   [DIRECTION] No clear direction - will assess both sides
   [CONFIDENCE] Assessing setup quality...
   [CONFIDENCE] Probability: 45%
   [CONFIDENCE] MARGINAL: LOW conviction - size accordingly...
   [LEVELS] Determining entry, SL, TP...
[EXECUTOR STDERR] [ERROR] 326: Unable to connect as the client id is already in use. Retry with a unique client id.
[2026-02-26T08:30:14.630Z] [GBPUSD] [REAL] Position closed by bracket order - TP
[2026-02-26T08:30:14.631Z] [GBPUSD] [REAL] Closing position...
[EXECUTOR] Closing position for GBP/USD
   [CONFIDENCE] Probability: 55%
   [CONFIDENCE] MARGINAL: Consider proceeding with reduced size due to proximity to su...
   [LEVELS] Determining entry, SL, TP...
[EXECUTOR] Position closed at 1.35262
[2026-02-26T08:30:16.535Z] [GBPUSD] [REAL] Position closed at 1.35262
[2026-02-26T08:30:16.536Z] [GBPUSD] CLOSED SHORT | TP @ 1.35262 | R: -0.04 | Weighted: -0.01
[2026-02-26T08:30:16.536Z] [GBPUSD] Bars in trade: 1 | Max favorable: 0.00010 | Max adverse: 0.00040
[2026-02-26T08:30:16.536Z] [GBPUSD] [REAL P&L] Gross: $-18.00 | Commission: $4.00 | Net: $-22.00
   [LEVELS] Entry: 156.05500 (LIMIT)
   [LEVELS] SL: 155.98200 | TP: 156.16880 | RR: 1.50
[2026-02-26T08:30:18.257Z] [USDJPY] SIGNAL: LONG | Entry: 156.055 | SL: 155.982 | TP: 156.1688 | Risk: 0.505
[2026-02-26T08:30:18.257Z] [USDJPY] Reasoning: Dir: No clear trade; wait for breakout above resistance | Conf: This probability reflects the lack of a clear tren...
[2026-02-26T08:30:18.257Z] [USDJPY] [REAL] Placing LONG order for 100000 units...
[EXECUTOR] Entering LONG 100000 USD/JPY TP=156.1688 SL=155.982
[2026-02-26T08:30:19.292Z] [GBPUSD] Analysis: BAD - The trade was a short position on GBPUSD, but the market moved against the position, resulting in a ...
[2026-02-26T08:30:19.293Z] Results saved (26 total trades)
[2026-02-26T08:30:19.295Z] Global trades saved (124 total trades)
[EXECUTOR STDERR] [ERROR] 110: The price does not conform to the minimum price variation for this contract.
[EXECUTOR] Entry filled at 156.104
[2026-02-26T08:30:19.659Z] [USDJPY] [REAL] Order filled at 156.104 (TP order: 99, SL order: 100)
[2026-02-26T08:30:19.659Z] [USDJPY] ENTERED LONG @ 156.104 | SL: 155.982 | TP: 156.1688 | Size: 100000
   [LEVELS] Entry: 1.18218 (LIMIT)
   [LEVELS] SL: 1.18267 | TP: 1.18035 | RR: 1.50
[2026-02-26T08:30:20.160Z] [EURUSD] SIGNAL: SHORT | Entry: 1.18218 | SL: 1.18267 | TP: 1.18035 | Risk: 0.55
[2026-02-26T08:30:20.161Z] [EURUSD] Reasoning: Dir: Consider shorting near the resistance level at 1.1 | Conf: The setup has some positive aspects, such as being...
[2026-02-26T08:30:20.161Z] [EURUSD] [REAL] Placing SHORT order for 100000 units...
[EXECUTOR] Entering SHORT 100000 EUR/USD TP=1.18035 SL=1.18267
[EXECUTOR] Entry filled at 1.18029
[2026-02-26T08:30:21.583Z] [EURUSD] [REAL] Order filled at 1.18029 (TP order: 102, SL order: 103)
[2026-02-26T08:30:21.584Z] [EURUSD] ENTERED SHORT @ 1.18029 | SL: 1.18267 | TP: 1.18035 | Size: 100000
[2026-02-26T08:35:04.227Z] [USDJPY] New bar: 20260226 08:30:00 | O:156.08900 H:156.10450 L:156.01200 C:156.02700
[2026-02-26T08:35:04.304Z] [EURUSD] New bar: 20260226 08:30:00 | O:1.18035 H:1.18078 L:1.18023 C:1.18067
[2026-02-26T08:35:04.327Z] [EURUSD_GPT5] New bar: 20260226 08:30:00 | O:1.18035 H:1.18078 L:1.18023 C:1.18067
[2026-02-26T08:35:04.529Z] [EURUSD_GPT5] Calling AI agents for trade decision...
   [DIRECTION] Analyzing market structure...
[2026-02-26T08:35:04.530Z] [GBPUSD] New bar: 20260226 08:30:00 | O:1.35275 H:1.35311 L:1.35254 C:1.35285
[2026-02-26T08:35:04.728Z] [GBPUSD] Calling AI agents for trade decision...
   [DIRECTION] Analyzing market structure...
   [DIRECTION] BEARISH (MEDIUM)
   [DIRECTION] Consider shorting at the current price of 1.35285, targeting the support level a...
   [CONFIDENCE] Assessing setup quality...
   [DIRECTION] UNCLEAR (LOW clarity)
   [DIRECTION] Readability: MODERATE
   [DIRECTION] Wait for clarity. If price cleanly loses and holds below 1.18037/1.18023 (sessio...
   [DIRECTION] No clear direction - will assess both sides
   [CONFIDENCE] Assessing setup quality...
[EXECUTOR STDERR] [ERROR] 326: Unable to connect as the client id is already in use. Retry with a unique client id.
[2026-02-26T08:35:14.759Z] [EURUSD] [REAL] Position closed by bracket order - TP
[2026-02-26T08:35:14.759Z] [EURUSD] [REAL] Closing position...
[EXECUTOR] Closing position for EUR/USD
[EXECUTOR] Position closed at 1.1806
[2026-02-26T08:35:16.674Z] [EURUSD] [REAL] Position closed at 1.1806
[2026-02-26T08:35:16.675Z] [EURUSD] CLOSED SHORT | TP @ 1.1806 | R: -0.13 | Weighted: -0.07
[2026-02-26T08:35:16.675Z] [EURUSD] Bars in trade: 1 | Max favorable: 0.00006 | Max adverse: 0.00049
[2026-02-26T08:35:16.675Z] [EURUSD] [REAL P&L] Gross: $-31.00 | Commission: $4.00 | Net: $-35.00
   [CONFIDENCE] Probability: 25%
   [CONFIDENCE] UNFAVORABLE: Reassess the trade setup and consider waiting for a clearer ...
   [CONFIDENCE] BAD PATTERNS: RANGE: Trading in range-bound market without clear edge, SHALLOW PULLBACK: 0% retracement - no proper entry
   [LEVELS] Determining entry, SL, TP...
[2026-02-26T08:35:19.197Z] [EURUSD] Analysis: BAD - The trade was a short position on EURUSD, but it did not reach the take profit level before the pric...
[2026-02-26T08:35:19.198Z] Results saved (27 total trades)
[2026-02-26T08:35:19.200Z] Global trades saved (125 total trades)
   [CONFIDENCE] Probability: 43%
   [CONFIDENCE] Coherence: INCOHERENT | Sizing: MINIMAL
   [CONFIDENCE] This does not read like a clean LONG story. Structure is pointing down and recen...
   [LEVELS] Determining entry, SL, TP...
   [LEVELS] Entry: 1.35295 (LIMIT)
   [LEVELS] SL: 1.35701 | TP: 1.35185 | RR: 1.50
[2026-02-26T08:35:24.464Z] [GBPUSD] SIGNAL: SHORT | Entry: 1.35295 | SL: 1.35701 | TP: 1.35185 | Risk: 0.25
[2026-02-26T08:35:24.464Z] [GBPUSD] Reasoning: Dir: Consider shorting at the current price of 1.35285, | Conf: The proposed trade is in a range-bound market with...
[2026-02-26T08:35:24.465Z] [GBPUSD] [REAL] Placing SHORT order for 100000 units...
[EXECUTOR] Entering SHORT 100000 GBP/USD TP=1.35185 SL=1.35701
[EXECUTOR] Entry filled at 1.35282
[2026-02-26T08:35:25.888Z] [GBPUSD] [REAL] Order filled at 1.35282 (TP order: 106, SL order: 107)
[2026-02-26T08:35:25.889Z] [GBPUSD] ENTERED SHORT @ 1.35282 | SL: 1.35701 | TP: 1.35185 | Size: 100000
   [LEVELS] Entry: 1.18042 (LIMIT)
   [LEVELS] SL: 1.17998 (NORMAL)
   [LEVELS] TP: 1.18197 | Path: SOME_OBSTACLES | RR: 3.52
[2026-02-26T08:35:33.994Z] [EURUSD_GPT5] SIGNAL: LONG | Entry: 1.18042 | SL: 1.17998 | TP: 1.18197 | Risk: 0.35
[2026-02-26T08:35:33.994Z] [EURUSD_GPT5] Reasoning: Dir: Wait for clarity. If price cleanly loses and holds | Conf: This does not read like a clean LONG story. Struct...
[2026-02-26T08:35:33.994Z] [EURUSD_GPT5] [REAL] Placing LONG order for 100000 units...
[EXECUTOR] Entering LONG 100000 EUR/USD TP=1.18197 SL=1.17998
[EXECUTOR] Entry filled at 1.18064
[2026-02-26T08:35:35.397Z] [EURUSD_GPT5] [REAL] Order filled at 1.18064 (TP order: 109, SL order: 110)
[2026-02-26T08:35:35.397Z] [EURUSD_GPT5] ENTERED LONG @ 1.18064 | SL: 1.17998 | TP: 1.18197 | Size: 100000
[2026-02-26T08:40:04.034Z] [GBPUSD] New bar: 20260226 08:35:00 | O:1.35285 H:1.35298 L:1.35224 C:1.35225
[2026-02-26T08:40:04.103Z] [EURUSD] New bar: 20260226 08:35:00 | O:1.18067 H:1.18074 L:1.18037 C:1.18039
[2026-02-26T08:40:04.307Z] [EURUSD] Calling AI agents for trade decision...
   [DIRECTION] Analyzing market structure...
[2026-02-26T08:40:04.308Z] [EURUSD_GPT5] New bar: 20260226 08:35:00 | O:1.18067 H:1.18074 L:1.18037 C:1.18039
[2026-02-26T08:40:04.397Z] [USDJPY] New bar: 20260226 08:35:00 | O:156.02700 H:156.06750 L:156.01200 C:156.05350
   [DIRECTION] BEARISH (MEDIUM)
   [DIRECTION] Consider shorting the market with a target towards the support level at 1.18031....
   [CONFIDENCE] Assessing setup quality...
[EXECUTOR STDERR] [ERROR] 326: Unable to connect as the client id is already in use. Retry with a unique client id.
[2026-02-26T08:40:14.734Z] [EURUSD_GPT5] [REAL] Position closed by bracket order - TP
[2026-02-26T08:40:14.734Z] [EURUSD_GPT5] [REAL] Closing position...
[EXECUTOR] Closing position for EUR/USD
[EXECUTOR STDERR] [ERROR] 326: Unable to connect as the client id is already in use. Retry with a unique client id.
[2026-02-26T08:40:15.262Z] [USDJPY] [REAL] Position closed by bracket order - TP
[2026-02-26T08:40:15.262Z] [USDJPY] [REAL] Closing position...
[EXECUTOR] Closing position for USD/JPY
   [CONFIDENCE] Probability: 55%
   [CONFIDENCE] MARGINAL: Proceed with reduced size due to proximity to support and la...
   [LEVELS] Determining entry, SL, TP...
[EXECUTOR] Position closed at 1.18038
[2026-02-26T08:40:16.593Z] [EURUSD_GPT5] [REAL] Position closed at 1.18038
[2026-02-26T08:40:16.594Z] [EURUSD_GPT5] CLOSED LONG | TP @ 1.18038 | R: -0.39 | Weighted: -0.14
[2026-02-26T08:40:16.594Z] [EURUSD_GPT5] Bars in trade: 1 | Max favorable: 0.00011 | Max adverse: 0.00026
[2026-02-26T08:40:16.594Z] [EURUSD_GPT5] [REAL P&L] Gross: $-26.00 | Commission: $4.00 | Net: $-30.00
[2026-02-26T08:40:18.365Z] [EURUSD_GPT5] Analysis: BAD - The trade was a long position on EURUSD with a tight stop loss and take profit. The market structure...
[2026-02-26T08:40:18.366Z] Results saved (28 total trades)
[2026-02-26T08:40:18.369Z] Global trades saved (126 total trades)
   [LEVELS] Entry: 1.18200 (LIMIT)
   [LEVELS] SL: 1.18267 | TP: 1.18000 | RR: 1.50
[2026-02-26T08:40:22.162Z] [EURUSD] SIGNAL: SHORT | Entry: 1.182 | SL: 1.18267 | TP: 1.18 | Risk: 0.55
[2026-02-26T08:40:22.162Z] [EURUSD] Reasoning: Dir: Consider shorting the market with a target towards | Conf: The setup shows a bearish bias with price below th...
[2026-02-26T08:40:22.162Z] [EURUSD] [REAL] Placing SHORT order for 100000 units...
[EXECUTOR] Entering SHORT 100000 EUR/USD TP=1.18 SL=1.18267
[EXECUTOR] Entry filled at 1.18044
[2026-02-26T08:40:23.537Z] [EURUSD] [REAL] Order filled at 1.18044 (TP order: 113, SL order: 114)
[2026-02-26T08:40:23.538Z] [EURUSD] ENTERED SHORT @ 1.18044 | SL: 1.18267 | TP: 1.18 | Size: 100000
[EXECUTOR STDERR] [ERROR] 326: Unable to connect as the client id is already in use. Retry with a unique client id.
[EXECUTOR] Close failed: Failed to connect to TWS/IB Gateway
[2026-02-26T08:40:25.690Z] [USDJPY] [REAL] Close result: {"error":"Failed to connect to TWS/IB Gateway"}
[2026-02-26T08:40:25.691Z] [USDJPY] CLOSED LONG | TP @ 156.0535 | R: -0.41 | Weighted: -0.21
[2026-02-26T08:40:25.691Z] [USDJPY] Bars in trade: 2 | Max favorable: 0.00050 | Max adverse: 0.09200
[2026-02-26T08:40:25.691Z] [USDJPY] [REAL P&L] Gross: $-5050.00 | Commission: $4.00 | Net: $-5054.00
[2026-02-26T08:40:28.522Z] [USDJPY] Analysis: BAD - The trade was set to take profit at 156.1688, but the exit price was 156.0535, which indicates that ...
[2026-02-26T08:40:28.524Z] Results saved (29 total trades)
[2026-02-26T08:40:28.527Z] Global trades saved (127 total trades)
[2026-02-26T08:45:04.052Z] [EURUSD] New bar: 20260226 08:40:00 | O:1.18039 H:1.18080 L:1.18031 C:1.18070
[2026-02-26T08:45:04.128Z] [EURUSD_GPT5] New bar: 20260226 08:40:00 | O:1.18039 H:1.18080 L:1.18031 C:1.18070
[2026-02-26T08:45:04.320Z] [EURUSD_GPT5] Calling AI agents for trade decision...
   [DIRECTION] Analyzing market structure...
[2026-02-26T08:45:04.321Z] [GBPUSD] New bar: 20260226 08:40:00 | O:1.35225 H:1.35255 L:1.35204 C:1.35240
[2026-02-26T08:45:04.344Z] [USDJPY] New bar: 20260226 08:40:00 | O:156.05350 H:156.08950 L:155.96450 C:155.99450
[2026-02-26T08:45:04.542Z] [USDJPY] Calling AI agents for trade decision...
   [DIRECTION] Analyzing market structure...
   [DIRECTION] NEUTRAL (HIGH)
   [DIRECTION] No clear trade; wait for breakout above resistance or below support for directio...
   [DIRECTION] No clear direction - will assess both sides
   [CONFIDENCE] Assessing setup quality...
   [DIRECTION] UNCLEAR (LOW clarity)
   [DIRECTION] Readability: MODERATE
   [DIRECTION] Wait for clarity. If support 1.18031 holds and price reclaims/holds above 1.1812...
   [DIRECTION] No clear direction - will assess both sides
   [CONFIDENCE] Assessing setup quality...
[EXECUTOR STDERR] [ERROR] 326: Unable to connect as the client id is already in use. Retry with a unique client id.
[2026-02-26T08:45:14.697Z] [GBPUSD] [REAL] Position closed by bracket order - TP
[2026-02-26T08:45:14.697Z] [GBPUSD] [REAL] Closing position...
[EXECUTOR] Closing position for GBP/USD
   [CONFIDENCE] Probability: 45%
   [CONFIDENCE] MARGINAL: LOW conviction - size accordingly...
   [LEVELS] Determining entry, SL, TP...
[EXECUTOR] Position closed at 1.35238
[2026-02-26T08:45:16.601Z] [GBPUSD] [REAL] Position closed at 1.35238
[2026-02-26T08:45:16.602Z] [GBPUSD] CLOSED SHORT | TP @ 1.35238 | R: 0.11 | Weighted: 0.03
[2026-02-26T08:45:16.602Z] [GBPUSD] Bars in trade: 2 | Max favorable: 0.00078 | Max adverse: 0.00016
[2026-02-26T08:45:16.602Z] [GBPUSD] [REAL P&L] Gross: $44.00 | Commission: $4.00 | Net: $40.00
   [CONFIDENCE] Probability: 46%
   [CONFIDENCE] Coherence: INCOHERENT | Sizing: MINIMAL
   [CONFIDENCE] This does not read like a clean long environment. Structure is down (bearish), a...
   [LEVELS] Determining entry, SL, TP...
[2026-02-26T08:45:18.681Z] [GBPUSD] Analysis: GOOD - The trade was successful as the GBPUSD pair moved downwards, allowing the trader to hit the take pro...
[2026-02-26T08:45:18.682Z] Results saved (30 total trades)
[2026-02-26T08:45:18.685Z] Global trades saved (128 total trades)
   [LEVELS] Entry: 155.84510 (LIMIT)
   [LEVELS] SL: 155.70050 | TP: 156.10000 | RR: 1.30
[2026-02-26T08:45:20.412Z] [USDJPY] SIGNAL: LONG | Entry: 155.8451 | SL: 155.7005 | TP: 156.1 | Risk: 0.505
[2026-02-26T08:45:20.412Z] [USDJPY] Reasoning: Dir: No clear trade; wait for breakout above resistance | Conf: This specific setup has a lack of trend alignment ...
[2026-02-26T08:45:20.412Z] [USDJPY] [REAL] Placing LONG order for 100000 units...
[EXECUTOR] Entering LONG 100000 USD/JPY TP=156.1 SL=155.7005
[EXECUTOR STDERR] [ERROR] 110: The price does not conform to the minimum price variation for this contract.
[EXECUTOR] Entry filled at 156.002
[2026-02-26T08:45:21.800Z] [USDJPY] [REAL] Order filled at 156.002 (TP order: 117, SL order: 118)
[2026-02-26T08:45:21.800Z] [USDJPY] ENTERED LONG @ 156.002 | SL: 155.7005 | TP: 156.1 | Size: 100000
   [LEVELS] Entry: 1.18040 (LIMIT)
   [LEVELS] SL: 1.18015 (TIGHT)
   [LEVELS] TP: 1.18200 | Path: SOME_OBSTACLES | RR: 6.40
[2026-02-26T08:45:27.068Z] [EURUSD_GPT5] SIGNAL: LONG | Entry: 1.1804 | SL: 1.18015 | TP: 1.182 | Risk: 0.35
[2026-02-26T08:45:27.068Z] [EURUSD_GPT5] Reasoning: Dir: Wait for clarity. If support 1.18031 holds and pri | Conf: This does not read like a clean long environment. ...
[2026-02-26T08:45:27.068Z] [EURUSD_GPT5] [REAL] Placing LONG order for 100000 units...
[EXECUTOR] Entering LONG 100000 EUR/USD TP=1.182 SL=1.18015
[EXECUTOR] Entry filled at 1.18074
[2026-02-26T08:45:35.786Z] [EURUSD_GPT5] [REAL] Order filled at 1.18074 (TP order: 120, SL order: 121)
[2026-02-26T08:45:35.787Z] [EURUSD_GPT5] ENTERED LONG @ 1.18074 | SL: 1.18015 | TP: 1.182 | Size: 100000
[2026-02-26T08:50:03.975Z] [EURUSD] New bar: 20260226 08:45:00 | O:1.18070 H:1.18079 L:1.18048 C:1.18064
[2026-02-26T08:50:04.047Z] [EURUSD_GPT5] New bar: 20260226 08:45:00 | O:1.18070 H:1.18079 L:1.18048 C:1.18064
[2026-02-26T08:50:04.829Z] [GBPUSD] New bar: 20260226 08:45:00 | O:1.35240 H:1.35267 L:1.35221 C:1.35265
[2026-02-26T08:50:05.011Z] [GBPUSD] Calling AI agents for trade decision...
   [DIRECTION] Analyzing market structure...
[2026-02-26T08:50:05.011Z] [USDJPY] New bar: 20260226 08:45:00 | O:155.99450 H:156.00850 L:155.92750 C:155.92750
[2026-02-26T08:50:05.492Z] [EURUSD] [REAL] Position closed by bracket order - TP
[2026-02-26T08:50:05.492Z] [EURUSD] [REAL] Closing position...
[EXECUTOR] Closing position for EUR/USD
[EXECUTOR] Position closed at N/A
[2026-02-26T08:50:06.971Z] [EURUSD] [REAL] Position already closed (likely by TP/SL order)
[2026-02-26T08:50:06.972Z] [EURUSD] CLOSED SHORT | TP @ 1.180635 | R: -0.09 | Weighted: -0.05
[2026-02-26T08:50:06.972Z] [EURUSD] Bars in trade: 2 | Max favorable: 0.00013 | Max adverse: 0.00036
[2026-02-26T08:50:06.972Z] [EURUSD] [REAL P&L] Gross: $-19.50 | Commission: $4.00 | Net: $-23.50
[2026-02-26T08:50:09.421Z] [EURUSD] Analysis: GOOD - The trade was successful as the price moved in the expected direction shortly after entry, hitting t...
[2026-02-26T08:50:09.422Z] Results saved (31 total trades)
[2026-02-26T08:50:09.425Z] Global trades saved (129 total trades)
   [DIRECTION] BEARISH (MEDIUM)
   [DIRECTION] Consider shorting near the resistance level at 1.35621, targeting the support le...
   [CONFIDENCE] Assessing setup quality...
[EXECUTOR STDERR] [ERROR] 326: Unable to connect as the client id is already in use. Retry with a unique client id.
[2026-02-26T08:50:14.416Z] [EURUSD_GPT5] [REAL] Position closed by bracket order - TP
[2026-02-26T08:50:14.416Z] [EURUSD_GPT5] [REAL] Closing position...
[EXECUTOR] Closing position for EUR/USD
[EXECUTOR STDERR] [ERROR] 326: Unable to connect as the client id is already in use. Retry with a unique client id.
[2026-02-26T08:50:15.361Z] [USDJPY] [REAL] Position closed by bracket order - TP
[2026-02-26T08:50:15.361Z] [USDJPY] [REAL] Closing position...
[EXECUTOR] Closing position for USD/JPY
[EXECUTOR] Position closed at N/A
[2026-02-26T08:50:15.857Z] [EURUSD_GPT5] [REAL] Position already closed (likely by TP/SL order)
[2026-02-26T08:50:15.857Z] [EURUSD_GPT5] CLOSED LONG | TP @ 1.180635 | R: -0.18 | Weighted: -0.06
[2026-02-26T08:50:15.857Z] [EURUSD_GPT5] Bars in trade: 1 | Max favorable: 0.00005 | Max adverse: 0.00026
[2026-02-26T08:50:15.858Z] [EURUSD_GPT5] [REAL P&L] Gross: $-10.50 | Commission: $4.00 | Net: $-14.50
   [CONFIDENCE] Probability: 30%
   [CONFIDENCE] UNFAVORABLE: Consider waiting for a clearer trend or a more definitive br...
   [CONFIDENCE] BAD PATTERNS: RANGE: Trading in range-bound market without clear edge, SHALLOW PULLBACK: 0% retracement - no proper entry
   [LEVELS] Determining entry, SL, TP...
[2026-02-26T08:50:18.596Z] [EURUSD_GPT5] Analysis: BAD - The trade was set to go long on EURUSD with a target of 1.182, but the market structure was bearish ...
[2026-02-26T08:50:18.597Z] Results saved (32 total trades)
[2026-02-26T08:50:18.599Z] Global trades saved (130 total trades)
   [LEVELS] Entry: 1.35600 (LIMIT)
   [LEVELS] SL: 1.35805 | TP: 1.35239 | RR: 1.50
[2026-02-26T08:50:24.429Z] [GBPUSD] SIGNAL: SHORT | Entry: 1.356 | SL: 1.35805 | TP: 1.35239 | Risk: 0.3
[2026-02-26T08:50:24.430Z] [GBPUSD] Reasoning: Dir: Consider shorting near the resistance level at 1.3 | Conf: The proposed trade has been assessed with the pres...
[2026-02-26T08:50:24.430Z] [GBPUSD] [REAL] Placing SHORT order for 100000 units...
[EXECUTOR] Entering SHORT 100000 GBP/USD TP=1.35239 SL=1.35805
[EXECUTOR STDERR] [ERROR] 326: Unable to connect as the client id is already in use. Retry with a unique client id.
[EXECUTOR] Close failed: Failed to connect to TWS/IB Gateway
[2026-02-26T08:50:25.716Z] [USDJPY] [REAL] Close result: {"error":"Failed to connect to TWS/IB Gateway"}
[2026-02-26T08:50:25.717Z] [USDJPY] CLOSED LONG | TP @ 155.9275 | R: -0.25 | Weighted: -0.12
[2026-02-26T08:50:25.717Z] [USDJPY] Bars in trade: 1 | Max favorable: 0.00650 | Max adverse: 0.07450
[2026-02-26T08:50:25.717Z] [USDJPY] [REAL P&L] Gross: $-7450.00 | Commission: $4.00 | Net: $-7454.00
[EXECUTOR] Entry filled at 1.35266
[2026-02-26T08:50:25.792Z] [GBPUSD] [REAL] Order filled at 1.35266 (TP order: 123, SL order: 124)
[2026-02-26T08:50:25.793Z] [GBPUSD] ENTERED SHORT @ 1.35266 | SL: 1.35805 | TP: 1.35239 | Size: 100000
[2026-02-26T08:50:28.144Z] [USDJPY] Analysis: BAD - The trade was set to take profit at 156.1 but was exited at 155.9275, which indicates that the marke...
[2026-02-26T08:50:28.145Z] Results saved (33 total trades)
[2026-02-26T08:50:28.147Z] Global trades saved (131 total trades)
[2026-02-26T08:55:03.993Z] [EURUSD] New bar: 20260226 08:50:00 | O:1.18064 H:1.18064 L:1.18026 C:1.18041
[2026-02-26T08:55:04.157Z] [EURUSD] Calling AI agents for trade decision...
   [DIRECTION] Analyzing market structure...
[2026-02-26T08:55:04.157Z] [EURUSD_GPT5] New bar: 20260226 08:50:00 | O:1.18064 H:1.18064 L:1.18026 C:1.18041
[2026-02-26T08:55:04.303Z] [EURUSD_GPT5] Calling AI agents for trade decision...
   [DIRECTION] Analyzing market structure...
[2026-02-26T08:55:04.303Z] [GBPUSD] New bar: 20260226 08:50:00 | O:1.35265 H:1.35268 L:1.35231 C:1.35238
[2026-02-26T08:55:04.494Z] [USDJPY] New bar: 20260226 08:50:00 | O:155.92750 H:155.98300 L:155.92000 C:155.96150
[2026-02-26T08:55:04.635Z] [USDJPY] Calling AI agents for trade decision...
   [DIRECTION] Analyzing market structure...
[2026-02-26T08:55:05.806Z] [GBPUSD] [REAL] Closing position...
[EXECUTOR] Closing position for GBP/USD
[EXECUTOR] Position closed at 1.35237
[2026-02-26T08:55:07.687Z] [GBPUSD] [REAL] Position closed at 1.35237
[2026-02-26T08:55:07.687Z] [GBPUSD] CLOSED SHORT | TP @ 1.35237 | R: 0.05 | Weighted: 0.02
[2026-02-26T08:55:07.688Z] [GBPUSD] Bars in trade: 1 | Max favorable: 0.00035 | Max adverse: 0.00002
[2026-02-26T08:55:07.688Z] [GBPUSD] [REAL P&L] Gross: $29.00 | Commission: $4.00 | Net: $25.00
[2026-02-26T08:55:09.624Z] [GBPUSD] Analysis: GOOD - The trade was successful as the market moved favorably towards the take profit level shortly after e...
[2026-02-26T08:55:09.625Z] Results saved (34 total trades)
[2026-02-26T08:55:09.628Z] Global trades saved (132 total trades)
   [DIRECTION] NEUTRAL (MEDIUM)
   [DIRECTION] Wait for breakout...
   [DIRECTION] No clear direction - will assess both sides
   [CONFIDENCE] Assessing setup quality...
   [DIRECTION] BEARISH (MEDIUM)
   [DIRECTION] Consider shorting the market as it approaches the resistance level at 1.18218, t...
   [CONFIDENCE] Assessing setup quality...
   [DIRECTION] BEARISH (MEDIUM clarity)
   [DIRECTION] Readability: MODERATE
   [DIRECTION] Leaning short only if price breaks and holds below 1.18030 (clean acceptance und...
   [CONFIDENCE] Assessing setup quality...
   [CONFIDENCE] Probability: 45%
   [CONFIDENCE] MARGINAL: LOW conviction - size accordingly...
   [LEVELS] Determining entry, SL, TP...
   [CONFIDENCE] Probability: 55%
   [CONFIDENCE] MARGINAL: Consider proceeding with reduced size due to the lack of mom...
   [LEVELS] Determining entry, SL, TP...
   [LEVELS] Entry: 155.84615 (LIMIT)
   [LEVELS] SL: 155.70050 | TP: 156.10000 | RR: 1.30
[2026-02-26T08:55:19.489Z] [USDJPY] SIGNAL: LONG | Entry: 155.84615 | SL: 155.7005 | TP: 156.1 | Risk: 0.505
[2026-02-26T08:55:19.489Z] [USDJPY] Reasoning: Dir: Wait for breakout | Conf: This probability reflects the lack of a clear tren...
[2026-02-26T08:55:19.489Z] [USDJPY] [REAL] Placing LONG order for 100000 units...
[EXECUTOR] Entering LONG 100000 USD/JPY TP=156.1 SL=155.7005
   [CONFIDENCE] Probability: 44%
   [CONFIDENCE] Coherence: INCOHERENT | Sizing: MINIMAL
   [CONFIDENCE] The market is sitting near the bottom of the session range (9%), which is poor l...
   [LEVELS] Determining entry, SL, TP...
[EXECUTOR STDERR] [ERROR] 110: The price does not conform to the minimum price variation for this contract.
[EXECUTOR] Entry filled at 155.961
[2026-02-26T08:55:20.705Z] [USDJPY] [REAL] Order filled at 155.961 (TP order: 127, SL order: 128)
[2026-02-26T08:55:20.705Z] [USDJPY] ENTERED LONG @ 155.961 | SL: 155.7005 | TP: 156.1 | Size: 100000
   [LEVELS] Entry: 1.18210 (LIMIT)
   [LEVELS] SL: 1.18267 | TP: 1.17950 | RR: 1.30
[2026-02-26T08:55:25.489Z] [EURUSD] SIGNAL: SHORT | Entry: 1.1821 | SL: 1.18267 | TP: 1.1795 | Risk: 0.55
[2026-02-26T08:55:25.489Z] [EURUSD] Reasoning: Dir: Consider shorting the market as it approaches the  | Conf: The setup shows a bearish bias with the price belo...
[2026-02-26T08:55:25.490Z] [EURUSD] [REAL] Placing SHORT order for 100000 units...
[EXECUTOR] Entering SHORT 100000 EUR/USD TP=1.1795 SL=1.18267
[EXECUTOR] Entry filled at 1.18041
[2026-02-26T08:55:26.904Z] [EURUSD] [REAL] Order filled at 1.18041 (TP order: 130, SL order: 131)
[2026-02-26T08:55:26.905Z] [EURUSD] ENTERED SHORT @ 1.18041 | SL: 1.18267 | TP: 1.1795 | Size: 100000
   [LEVELS] Entry: 1.18215 (LIMIT)
   [LEVELS] SL: 1.18266 (NORMAL)
   [LEVELS] TP: 1.18150 | Path: SOME_OBSTACLES | RR: 1.27
[2026-02-26T08:55:27.912Z] [EURUSD_GPT5] SIGNAL: SHORT | Entry: 1.18215 | SL: 1.18266 | TP: 1.1815 | Risk: 0.35
[2026-02-26T08:55:27.912Z] [EURUSD_GPT5] Reasoning: Dir: Leaning short only if price breaks and holds below | Conf: The market is sitting near the bottom of the sessi...
[2026-02-26T08:55:27.912Z] [EURUSD_GPT5] [REAL] Placing SHORT order for 100000 units...
[EXECUTOR] Entering SHORT 100000 EUR/USD TP=1.1815 SL=1.18266
[EXECUTOR] Entry filled at 1.18041
[2026-02-26T08:55:29.313Z] [EURUSD_GPT5] [REAL] Order filled at 1.18041 (TP order: 133, SL order: 134)
[2026-02-26T08:55:29.313Z] [EURUSD_GPT5] ENTERED SHORT @ 1.18041 | SL: 1.18266 | TP: 1.1815 | Size: 100000
[2026-02-26T09:00:03.808Z] [GBPUSD] New bar: 20260226 08:55:00 | O:1.35238 H:1.35268 L:1.35231 C:1.35238
[2026-02-26T09:00:03.949Z] [GBPUSD] Calling AI agents for trade decision...
   [DIRECTION] Analyzing market structure...
[2026-02-26T09:00:03.957Z] [USDJPY] New bar: 20260226 08:55:00 | O:155.96150 H:156.00200 L:155.93300 C:156.00200
[2026-02-26T09:00:04.030Z] [EURUSD] New bar: 20260226 08:55:00 | O:1.18041 H:1.18053 L:1.18024 C:1.18026
[2026-02-26T09:00:04.053Z] [EURUSD_GPT5] New bar: 20260226 08:55:00 | O:1.18041 H:1.18053 L:1.18024 C:1.18026
   [DIRECTION] BEARISH (MEDIUM)
   [DIRECTION] Consider shorting near the resistance level at 1.35621, targeting the support le...
   [CONFIDENCE] Assessing setup quality...
[EXECUTOR STDERR] [ERROR] 326: Unable to connect as the client id is already in use. Retry with a unique client id.
[2026-02-26T09:00:14.417Z] [EURUSD] [REAL] Position closed by bracket order - TP
[2026-02-26T09:00:14.418Z] [EURUSD] [REAL] Closing position...
[EXECUTOR] Closing position for EUR/USD
[EXECUTOR STDERR] [ERROR] 326: Unable to connect as the client id is already in use. Retry with a unique client id.
[2026-02-26T09:00:14.974Z] [EURUSD_GPT5] [REAL] Position closed by bracket order - TP
[2026-02-26T09:00:14.974Z] [EURUSD_GPT5] [REAL] Closing position...
[EXECUTOR] Closing position for EUR/USD
[EXECUTOR] Position closed at 1.18032
[2026-02-26T09:00:16.257Z] [EURUSD] [REAL] Position closed at 1.18032
[2026-02-26T09:00:16.257Z] [EURUSD] CLOSED SHORT | TP @ 1.18032 | R: 0.04 | Weighted: 0.02
[2026-02-26T09:00:16.257Z] [EURUSD] Bars in trade: 1 | Max favorable: 0.00017 | Max adverse: 0.00012
[2026-02-26T09:00:16.258Z] [EURUSD] [REAL P&L] Gross: $9.00 | Commission: $4.00 | Net: $5.00
[2026-02-26T09:00:18.624Z] [EURUSD] Analysis: GOOD - The trade was successful as the price moved in the expected direction immediately after entry, hitti...
[2026-02-26T09:00:18.625Z] Results saved (35 total trades)
[2026-02-26T09:00:18.627Z] Global trades saved (133 total trades)
   [CONFIDENCE] Probability: 30%
   [CONFIDENCE] UNFAVORABLE: Consider waiting for a clearer trend or a stronger pullback ...
   [CONFIDENCE] BAD PATTERNS: RANGE: Trading in range-bound market without clear edge, SHALLOW PULLBACK: 0% retracement - no proper entry
   [LEVELS] Determining entry, SL, TP...
[EXECUTOR STDERR] [ERROR] 326: Unable to connect as the client id is already in use. Retry with a unique client id.
[EXECUTOR] Close failed: Failed to connect to TWS/IB Gateway
[2026-02-26T09:00:25.393Z] [EURUSD_GPT5] [REAL] Close result: {"error":"Failed to connect to TWS/IB Gateway"}
[2026-02-26T09:00:25.394Z] [EURUSD_GPT5] CLOSED SHORT | TP @ 1.1815 | R: -0.48 | Weighted: -0.17
[2026-02-26T09:00:25.394Z] [EURUSD_GPT5] Bars in trade: 1 | Max favorable: 0.00017 | Max adverse: 0.00012
[2026-02-26T09:00:25.394Z] [EURUSD_GPT5] [REAL P&L] Gross: $-109.00 | Commission: $4.00 | Net: $-113.00
   [LEVELS] Entry: 1.35250 (LIMIT)
   [LEVELS] SL: 1.35700 | TP: 1.35150 | RR: 1.50
[2026-02-26T09:00:25.623Z] [GBPUSD] SIGNAL: SHORT | Entry: 1.3525 | SL: 1.357 | TP: 1.3515 | Risk: 0.3
[2026-02-26T09:00:25.624Z] [GBPUSD] Reasoning: Dir: Consider shorting near the resistance level at 1.3 | Conf: The proposed trade has been negatively impacted by...
[2026-02-26T09:00:25.624Z] [GBPUSD] [REAL] Placing SHORT order for 100000 units...
[EXECUTOR] Entering SHORT 100000 GBP/USD TP=1.3515 SL=1.357
[EXECUTOR] Entry filled at 1.3525
[2026-02-26T09:00:27.047Z] [GBPUSD] [REAL] Order filled at 1.3525 (TP order: 137, SL order: 138)
[2026-02-26T09:00:27.048Z] [GBPUSD] ENTERED SHORT @ 1.3525 | SL: 1.357 | TP: 1.3515 | Size: 100000
[2026-02-26T09:00:29.009Z] [EURUSD_GPT5] Analysis: GOOD - The trade was a short position on EURUSD, entered at 1.18041 with a take profit set at 1.1815. The m...
[2026-02-26T09:00:29.010Z] Results saved (36 total trades)
[2026-02-26T09:00:29.013Z] Global trades saved (134 total trades)
[2026-02-26T09:05:03.761Z] [EURUSD] New bar: 20260226 09:00:00 | O:1.18026 H:1.18060 L:1.18013 C:1.18017
[2026-02-26T09:05:03.914Z] [EURUSD] Calling AI agents for trade decision...
   [DIRECTION] Analyzing market structure...
[2026-02-26T09:05:03.915Z] [EURUSD_GPT5] New bar: 20260226 09:00:00 | O:1.18026 H:1.18060 L:1.18013 C:1.18017
[2026-02-26T09:05:04.068Z] [EURUSD_GPT5] Calling AI agents for trade decision...
   [DIRECTION] Analyzing market structure...
[2026-02-26T09:05:04.069Z] [GBPUSD] New bar: 20260226 09:00:00 | O:1.35238 H:1.35275 L:1.35226 C:1.35232
[2026-02-26T09:05:04.145Z] [USDJPY] New bar: 20260226 09:00:00 | O:156.00200 H:156.00650 L:155.92000 C:155.94650
   [DIRECTION] BEARISH (MEDIUM)
   [DIRECTION] Consider shorting near the resistance level at 1.18217, targeting the support le...
   [CONFIDENCE] Assessing setup quality...
   [DIRECTION] UNCLEAR (LOW clarity)
   [DIRECTION] Readability: MESSY
   [DIRECTION] Wait for clarity. Either (1) a clean 5m close below 1.18023 followed by a retest...
   [DIRECTION] No clear direction - will assess both sides
   [CONFIDENCE] Assessing setup quality...
[EXECUTOR STDERR] [ERROR] 326: Unable to connect as the client id is already in use. Retry with a unique client id.
[2026-02-26T09:05:14.528Z] [GBPUSD] [REAL] Position closed by bracket order - TP
[2026-02-26T09:05:14.528Z] [GBPUSD] [REAL] Closing position...
[EXECUTOR] Closing position for GBP/USD
[EXECUTOR] Position closed at 1.3524
[2026-02-26T09:05:16.443Z] [GBPUSD] [REAL] Position closed at 1.3524
[2026-02-26T09:05:16.443Z] [GBPUSD] CLOSED SHORT | TP @ 1.3524 | R: 0.02 | Weighted: 0.01
[2026-02-26T09:05:16.443Z] [GBPUSD] Bars in trade: 1 | Max favorable: 0.00024 | Max adverse: 0.00025
[2026-02-26T09:05:16.444Z] [GBPUSD] [REAL P&L] Gross: $10.00 | Commission: $4.00 | Net: $6.00
   [CONFIDENCE] Probability: 55%
   [CONFIDENCE] MARGINAL: Consider proceeding with reduced size due to the proximity t...
   [LEVELS] Determining entry, SL, TP...
[2026-02-26T09:05:19.231Z] [GBPUSD] Analysis: GOOD - The trade was successful as the market moved in favor of the short position, reaching the take profi...
[2026-02-26T09:05:19.233Z] Results saved (37 total trades)
[2026-02-26T09:05:19.235Z] Global trades saved (135 total trades)
   [CONFIDENCE] Probability: 41%
   [CONFIDENCE] Coherence: INCOHERENT | Sizing: MINIMAL
   [CONFIDENCE] This does not read like a clean long environment. The structural pressure and mo...
   [LEVELS] Determining entry, SL, TP...
   [LEVELS] Entry: 1.18217 (LIMIT)
   [LEVELS] SL: 1.18269 | TP: 1.17975 | RR: 1.50
[2026-02-26T09:05:24.936Z] [EURUSD] SIGNAL: SHORT | Entry: 1.18217 | SL: 1.18269 | TP: 1.17975 | Risk: 0.55
[2026-02-26T09:05:24.937Z] [EURUSD] Reasoning: Dir: Consider shorting near the resistance level at 1.1 | Conf: The setup shows a bearish bias with the price belo...
[2026-02-26T09:05:24.937Z] [EURUSD] [REAL] Placing SHORT order for 100000 units...
[EXECUTOR] Entering SHORT 100000 EUR/USD TP=1.17975 SL=1.18269
[EXECUTOR] Entry filled at 1.18014
[2026-02-26T09:05:26.355Z] [EURUSD] [REAL] Order filled at 1.18014 (TP order: 141, SL order: 142)
[2026-02-26T09:05:26.355Z] [EURUSD] ENTERED SHORT @ 1.18014 | SL: 1.18269 | TP: 1.17975 | Size: 100000
   [LEVELS] Entry: 1.18026 (LIMIT)
   [LEVELS] SL: 1.17988 (NORMAL)
   [LEVELS] TP: 1.18210 | Path: SOME_OBSTACLES | RR: 4.84
[2026-02-26T09:05:28.458Z] [EURUSD_GPT5] SIGNAL: LONG | Entry: 1.18026 | SL: 1.17988 | TP: 1.1821 | Risk: 0.35
[2026-02-26T09:05:28.458Z] [EURUSD_GPT5] Reasoning: Dir: Wait for clarity. Either (1) a clean 5m close belo | Conf: This does not read like a clean long environment. ...
[2026-02-26T09:05:28.458Z] [EURUSD_GPT5] [REAL] Placing LONG order for 100000 units...
[EXECUTOR] Entering LONG 100000 EUR/USD TP=1.1821 SL=1.17988
[EXECUTOR] Entry filled at 1.18013
[2026-02-26T09:05:29.894Z] [EURUSD_GPT5] [REAL] Order filled at 1.18013 (TP order: 144, SL order: 145)
[2026-02-26T09:05:29.894Z] [EURUSD_GPT5] ENTERED LONG @ 1.18013 | SL: 1.17988 | TP: 1.1821 | Size: 100000
[2026-02-26T09:10:03.882Z] [USDJPY] New bar: 20260226 09:05:00 | O:155.94650 H:155.99800 L:155.91950 C:155.99300
[2026-02-26T09:10:03.969Z] [GBPUSD] New bar: 20260226 09:05:00 | O:1.35232 H:1.35250 L:1.35207 C:1.35247
[2026-02-26T09:10:04.110Z] [GBPUSD] Calling AI agents for trade decision...
   [DIRECTION] Analyzing market structure...
[2026-02-26T09:10:04.462Z] [EURUSD] New bar: 20260226 09:05:00 | O:1.18017 H:1.18025 L:1.18000 C:1.18013
[2026-02-26T09:10:04.482Z] [EURUSD_GPT5] New bar: 20260226 09:05:00 | O:1.18017 H:1.18025 L:1.18000 C:1.18013
   [DIRECTION] BEARISH (MEDIUM)
   [DIRECTION] Consider shorting near the resistance level at 1.35495, targeting the support le...
   [CONFIDENCE] Assessing setup quality...
[EXECUTOR STDERR] [ERROR] 326: Unable to connect as the client id is already in use. Retry with a unique client id.
[2026-02-26T09:10:14.824Z] [EURUSD] [REAL] Position closed by bracket order - TP
[2026-02-26T09:10:14.824Z] [EURUSD] [REAL] Closing position...
[EXECUTOR] Closing position for EUR/USD
[EXECUTOR STDERR] [ERROR] 326: Unable to connect as the client id is already in use. Retry with a unique client id.
[2026-02-26T09:10:15.348Z] [EURUSD_GPT5] [REAL] Position closed by bracket order - TP
[2026-02-26T09:10:15.348Z] [EURUSD_GPT5] [REAL] Closing position...
[EXECUTOR] Closing position for EUR/USD
[EXECUTOR] Position closed at 1.18008
[2026-02-26T09:10:16.689Z] [EURUSD] [REAL] Position closed at 1.18008
[2026-02-26T09:10:16.689Z] [EURUSD] CLOSED SHORT | TP @ 1.18008 | R: 0.02 | Weighted: 0.01
[2026-02-26T09:10:16.689Z] [EURUSD] Bars in trade: 1 | Max favorable: 0.00013 | Max adverse: 0.00011
[2026-02-26T09:10:16.690Z] [EURUSD] [REAL P&L] Gross: $6.00 | Commission: $4.00 | Net: $2.00
[2026-02-26T09:10:18.935Z] [EURUSD] Analysis: GOOD - The trade won because the market structure was bearish (-1), indicating a downward trend, which alig...
[2026-02-26T09:10:18.938Z] Results saved (38 total trades)
[2026-02-26T09:10:18.940Z] Global trades saved (136 total trades)
   [CONFIDENCE] Probability: 25%
   [CONFIDENCE] UNFAVORABLE: Consider waiting for a clearer trend or a more favorable ent...
   [CONFIDENCE] BAD PATTERNS: RANGE: Trading in range-bound market without clear edge, SHALLOW PULLBACK: 0% retracement - no proper entry
   [LEVELS] Determining entry, SL, TP...
[EXECUTOR STDERR] [ERROR] 326: Unable to connect as the client id is already in use. Retry with a unique client id.
[EXECUTOR] Close failed: Failed to connect to TWS/IB Gateway
[2026-02-26T09:10:25.776Z] [EURUSD_GPT5] [REAL] Close result: {"error":"Failed to connect to TWS/IB Gateway"}
[2026-02-26T09:10:25.777Z] [EURUSD_GPT5] CLOSED LONG | TP @ 1.180135 | R: 0.02 | Weighted: 0.01
[2026-02-26T09:10:25.777Z] [EURUSD_GPT5] Bars in trade: 1 | Max favorable: 0.00012 | Max adverse: 0.00012
[2026-02-26T09:10:25.777Z] [EURUSD_GPT5] [REAL P&L] Gross: $0.50 | Commission: $4.00 | Net: $-3.50
[2026-02-26T09:10:28.013Z] [EURUSD_GPT5] Analysis: GOOD - The trade was successful as the price moved slightly above the entry point, reaching the take profit...
[2026-02-26T09:10:28.014Z] Results saved (39 total trades)
[2026-02-26T09:10:28.016Z] Global trades saved (137 total trades)
   [LEVELS] Entry: 1.35260 (LIMIT)
   [LEVELS] SL: 1.35751 | TP: 1.35150 | RR: 1.50
[2026-02-26T09:10:29.623Z] [GBPUSD] SIGNAL: SHORT | Entry: 1.3526 | SL: 1.35751 | TP: 1.3515 | Risk: 0.25
[2026-02-26T09:10:29.624Z] [GBPUSD] Reasoning: Dir: Consider shorting near the resistance level at 1.3 | Conf: The proposed trade setup has been identified with ...
[2026-02-26T09:10:29.624Z] [GBPUSD] [REAL] Placing SHORT order for 100000 units...
[EXECUTOR] Entering SHORT 100000 GBP/USD TP=1.3515 SL=1.35751
[EXECUTOR] Entry filled at 1.35248
[2026-02-26T09:10:31.048Z] [GBPUSD] [REAL] Order filled at 1.35248 (TP order: 148, SL order: 149)
[2026-02-26T09:10:31.049Z] [GBPUSD] ENTERED SHORT @ 1.35248 | SL: 1.35751 | TP: 1.3515 | Size: 100000
[2026-02-26T09:15:03.957Z] [EURUSD] New bar: 20260226 09:10:00 | O:1.18013 H:1.18020 L:1.18003 C:1.18009
[2026-02-26T09:15:04.094Z] [EURUSD] Calling AI agents for trade decision...
   [DIRECTION] Analyzing market structure...
[2026-02-26T09:15:04.095Z] [EURUSD_GPT5] New bar: 20260226 09:10:00 | O:1.18013 H:1.18020 L:1.18003 C:1.18009
[2026-02-26T09:15:04.237Z] [EURUSD_GPT5] Calling AI agents for trade decision...
   [DIRECTION] Analyzing market structure...
[2026-02-26T09:15:04.238Z] [GBPUSD] New bar: 20260226 09:10:00 | O:1.35247 H:1.35278 L:1.35230 C:1.35244
[2026-02-26T09:15:04.305Z] [USDJPY] New bar: 20260226 09:10:00 | O:155.99300 H:156.00450 L:155.93850 C:155.95500
   [DIRECTION] UNCLEAR (LOW clarity)
   [DIRECTION] Readability: MESSY
   [DIRECTION] Wait for clarity. If price reclaims and holds above 1.18025 and starts printing ...
   [DIRECTION] No clear direction - will assess both sides
   [CONFIDENCE] Assessing setup quality...
   [DIRECTION] BEARISH (MEDIUM)
   [DIRECTION] Consider shorting near the resistance level at 1.18217, targeting the support at...
   [CONFIDENCE] Assessing setup quality...
[EXECUTOR STDERR] [ERROR] 326: Unable to connect as the client id is already in use. Retry with a unique client id.
[2026-02-26T09:15:14.702Z] [USDJPY] [REAL] Position closed by bracket order - TP
[2026-02-26T09:15:14.702Z] [USDJPY] [REAL] Closing position...
[EXECUTOR] Closing position for USD/JPY
[EXECUTOR] Position closed at 155.958
[2026-02-26T09:15:16.588Z] [USDJPY] [REAL] Position closed at 155.958
[2026-02-26T09:15:16.588Z] [USDJPY] CLOSED LONG | TP @ 155.958 | R: -0.01 | Weighted: -0.01
[2026-02-26T09:15:16.588Z] [USDJPY] Bars in trade: 4 | Max favorable: 0.04550 | Max adverse: 0.04150
[2026-02-26T09:15:16.589Z] [USDJPY] [REAL P&L] Gross: $-300.00 | Commission: $4.00 | Net: $-304.00
   [CONFIDENCE] Probability: 41%
   [CONFIDENCE] Coherence: INCOHERENT | Sizing: N/A
   [CONFIDENCE] The market is not telling a clean long story. Structure is pointing down, recent...
   [LEVELS] Determining entry, SL, TP...
[2026-02-26T09:15:19.302Z] [USDJPY] Analysis: BAD - The trade was set to take profit at 156.1, but the exit price was 155.958, which indicates that the ...
[2026-02-26T09:15:19.305Z] Results saved (40 total trades)
[2026-02-26T09:15:19.308Z] Global trades saved (138 total trades)
   [CONFIDENCE] Probability: 55%
   [CONFIDENCE] MARGINAL: Consider proceeding with reduced size due to proximity to su...
   [LEVELS] Determining entry, SL, TP...
   [LEVELS] Entry: 1.18030 (LIMIT)
   [LEVELS] SL: 1.17990 (NORMAL)
   [LEVELS] TP: 1.18090 | Path: SOME_OBSTACLES | RR: 1.50
[2026-02-26T09:15:25.940Z] [EURUSD_GPT5] SIGNAL: LONG | Entry: 1.1803 | SL: 1.1799 | TP: 1.1809 | Risk: 0.41
[2026-02-26T09:15:25.941Z] [EURUSD_GPT5] Reasoning: Dir: Wait for clarity. If price reclaims and holds abov | Conf: The market is not telling a clean long story. Stru...
[2026-02-26T09:15:25.941Z] [EURUSD_GPT5] [REAL] Placing LONG order for 100000 units...
[EXECUTOR] Entering LONG 100000 EUR/USD TP=1.1809 SL=1.1799
[EXECUTOR] Entry filled at 1.18013
[2026-02-26T09:15:27.342Z] [EURUSD_GPT5] [REAL] Order filled at 1.18013 (TP order: 152, SL order: 153)
[2026-02-26T09:15:27.342Z] [EURUSD_GPT5] ENTERED LONG @ 1.18013 | SL: 1.1799 | TP: 1.1809 | Size: 100000
   [LEVELS] Entry: 1.18015 (LIMIT)
   [LEVELS] SL: 1.18267 | TP: 1.17963 | RR: 1.50
[2026-02-26T09:15:27.606Z] [EURUSD] SIGNAL: SHORT | Entry: 1.18015 | SL: 1.18267 | TP: 1.17963 | Risk: 0.55
[2026-02-26T09:15:27.606Z] [EURUSD] Reasoning: Dir: Consider shorting near the resistance level at 1.1 | Conf: The setup has some bearish indicators, such as the...
[2026-02-26T09:15:27.607Z] [EURUSD] [REAL] Placing SHORT order for 100000 units...
[EXECUTOR] Entering SHORT 100000 EUR/USD TP=1.17963 SL=1.18267
[EXECUTOR] Entry filled at 1.18013
[2026-02-26T09:15:29.028Z] [EURUSD] [REAL] Order filled at 1.18013 (TP order: 155, SL order: 156)
[2026-02-26T09:15:29.028Z] [EURUSD] ENTERED SHORT @ 1.18013 | SL: 1.18267 | TP: 1.17963 | Size: 100000
[2026-02-26T09:20:04.052Z] [USDJPY] New bar: 20260226 09:15:00 | O:155.95500 H:156.03100 L:155.95300 C:156.02900
[2026-02-26T09:20:04.182Z] [USDJPY] Calling AI agents for trade decision...
   [DIRECTION] Analyzing market structure...
[2026-02-26T09:20:04.193Z] [EURUSD] New bar: 20260226 09:15:00 | O:1.18009 H:1.18018 L:1.17978 C:1.17988
[2026-02-26T09:20:04.260Z] [EURUSD_GPT5] New bar: 20260226 09:15:00 | O:1.18009 H:1.18018 L:1.17978 C:1.17988
[2026-02-26T09:20:04.500Z] [GBPUSD] New bar: 20260226 09:15:00 | O:1.35244 H:1.35261 L:1.35205 C:1.35213
   [DIRECTION] NEUTRAL (HIGH)
   [DIRECTION] No clear trade; wait for breakout above resistance or below support for directio...
   [DIRECTION] No clear direction - will assess both sides
   [CONFIDENCE] Assessing setup quality...
[EXECUTOR STDERR] [ERROR] 326: Unable to connect as the client id is already in use. Retry with a unique client id.
[2026-02-26T09:20:14.673Z] [EURUSD_GPT5] [REAL] Position closed by bracket order - SL
[2026-02-26T09:20:14.673Z] [EURUSD_GPT5] [REAL] Closing position...
[EXECUTOR] Closing position for EUR/USD
[EXECUTOR STDERR] [ERROR] 326: Unable to connect as the client id is already in use. Retry with a unique client id.
[2026-02-26T09:20:15.229Z] [GBPUSD] [REAL] Position closed by bracket order - TP
[2026-02-26T09:20:15.229Z] [GBPUSD] [REAL] Closing position...
[EXECUTOR] Closing position for GBP/USD
[EXECUTOR] Position closed at 1.17985
[2026-02-26T09:20:16.514Z] [EURUSD_GPT5] [REAL] Position closed at 1.17985
[2026-02-26T09:20:16.514Z] [EURUSD_GPT5] CLOSED LONG | SL @ 1.17985 | R: -1.22 | Weighted: -0.50
[2026-02-26T09:20:16.515Z] [EURUSD_GPT5] Bars in trade: 1 | Max favorable: 0.00005 | Max adverse: 0.00035
[2026-02-26T09:20:16.515Z] [EURUSD_GPT5] [REAL P&L] Gross: $-28.00 | Commission: $4.00 | Net: $-32.00
   [CONFIDENCE] Probability: 45%
   [CONFIDENCE] MARGINAL: LOW conviction - size accordingly...
   [LEVELS] Determining entry, SL, TP...
[2026-02-26T09:20:19.363Z] [EURUSD_GPT5] Analysis: BAD - The trade was a long position on EURUSD, but the market structure was bearish (-1), indicating a dow...
[2026-02-26T09:20:19.366Z] Results saved (41 total trades)
[2026-02-26T09:20:19.371Z] Global trades saved (139 total trades)
   [LEVELS] Entry: 155.95000 (LIMIT)
   [LEVELS] SL: 155.86950 | TP: 156.13600 | RR: 1.30
[2026-02-26T09:20:22.449Z] [USDJPY] SIGNAL: LONG | Entry: 155.95 | SL: 155.8695 | TP: 156.136 | Risk: 0.505
[2026-02-26T09:20:22.450Z] [USDJPY] Reasoning: Dir: No clear trade; wait for breakout above resistance | Conf: This probability reflects the lack of a clear tren...
[2026-02-26T09:20:22.450Z] [USDJPY] [REAL] Placing LONG order for 100000 units...
[EXECUTOR] Entering LONG 100000 USD/JPY TP=156.136 SL=155.8695
[EXECUTOR STDERR] [ERROR] 110: The price does not conform to the minimum price variation for this contract.
[EXECUTOR] Entry filled at 156.032
[2026-02-26T09:20:23.823Z] [USDJPY] [REAL] Order filled at 156.032 (TP order: 159, SL order: 160)
[2026-02-26T09:20:23.823Z] [USDJPY] ENTERED LONG @ 156.032 | SL: 155.8695 | TP: 156.136 | Size: 100000
[EXECUTOR STDERR] [ERROR] 326: Unable to connect as the client id is already in use. Retry with a unique client id.
[EXECUTOR] Close failed: Failed to connect to TWS/IB Gateway
[2026-02-26T09:20:25.663Z] [GBPUSD] [REAL] Close result: {"error":"Failed to connect to TWS/IB Gateway"}
[2026-02-26T09:20:25.664Z] [GBPUSD] CLOSED SHORT | TP @ 1.35213 | R: 0.07 | Weighted: 0.02
[2026-02-26T09:20:25.664Z] [GBPUSD] Bars in trade: 2 | Max favorable: 0.00043 | Max adverse: 0.00030
[2026-02-26T09:20:25.664Z] [GBPUSD] [REAL P&L] Gross: $35.00 | Commission: $4.00 | Net: $31.00
[2026-02-26T09:20:28.198Z] [GBPUSD] Analysis: GOOD - The trade was successful as the GBPUSD pair moved downward from the entry point of 1.35248 to the ta...
[2026-02-26T09:20:28.199Z] Results saved (42 total trades)
[2026-02-26T09:20:28.202Z] Global trades saved (140 total trades)
[2026-02-26T09:25:04.042Z] [GBPUSD] New bar: 20260226 09:20:00 | O:1.35213 H:1.35245 L:1.35190 C:1.35236
[2026-02-26T09:25:04.179Z] [GBPUSD] Calling AI agents for trade decision...
   [DIRECTION] Analyzing market structure...
[2026-02-26T09:25:04.461Z] [EURUSD] New bar: 20260226 09:20:00 | O:1.17988 H:1.18013 L:1.17974 C:1.18009
[2026-02-26T09:25:04.528Z] [EURUSD_GPT5] New bar: 20260226 09:20:00 | O:1.17988 H:1.18013 L:1.17974 C:1.18009
[2026-02-26T09:25:04.667Z] [EURUSD_GPT5] Calling AI agents for trade decision...
   [DIRECTION] Analyzing market structure...
[2026-02-26T09:25:04.669Z] [USDJPY] New bar: 20260226 09:20:00 | O:156.02900 H:156.04600 L:156.00100 C:156.00550
[2026-02-26T09:25:05.957Z] [EURUSD] [REAL] Position closed by bracket order - TP
[2026-02-26T09:25:05.957Z] [EURUSD] [REAL] Closing position...
[EXECUTOR] Closing position for EUR/USD
[EXECUTOR] Position closed at N/A
[2026-02-26T09:25:07.409Z] [EURUSD] [REAL] Position already closed (likely by TP/SL order)
[2026-02-26T09:25:07.410Z] [EURUSD] CLOSED SHORT | TP @ 1.180085 | R: 0.02 | Weighted: 0.01
[2026-02-26T09:25:07.410Z] [EURUSD] Bars in trade: 2 | Max favorable: 0.00039 | Max adverse: 0.00005
[2026-02-26T09:25:07.410Z] [EURUSD] [REAL P&L] Gross: $4.50 | Commission: $4.00 | Net: $0.50
[2026-02-26T09:25:09.384Z] [EURUSD] Analysis: GOOD - The trade was successful as the market moved in the anticipated direction, allowing the price to rea...
[2026-02-26T09:25:09.385Z] Results saved (43 total trades)
[2026-02-26T09:25:09.387Z] Global trades saved (141 total trades)
   [DIRECTION] BEARISH (MEDIUM)
   [DIRECTION] Consider shorting near the current price level (1.35236) with a target towards t...
   [CONFIDENCE] Assessing setup quality...
   [DIRECTION] UNCLEAR (LOW clarity)
   [DIRECTION] Readability: MESSY
   [DIRECTION] Wait for clarity. If price breaks and holds below 1.18025/1.18023 (acceptance un...
   [DIRECTION] No clear direction - will assess both sides
   [CONFIDENCE] Assessing setup quality...
[EXECUTOR STDERR] [ERROR] 326: Unable to connect as the client id is already in use. Retry with a unique client id.
[2026-02-26T09:25:15.052Z] [USDJPY] [REAL] Position closed by bracket order - TP
[2026-02-26T09:25:15.052Z] [USDJPY] [REAL] Closing position...
[EXECUTOR] Closing position for USD/JPY
[EXECUTOR] Position closed at 156.004
[2026-02-26T09:25:16.951Z] [USDJPY] [REAL] Position closed at 156.004
[2026-02-26T09:25:16.951Z] [USDJPY] CLOSED LONG | TP @ 156.004 | R: -0.17 | Weighted: -0.09
[2026-02-26T09:25:16.951Z] [USDJPY] Bars in trade: 1 | Max favorable: 0.01400 | Max adverse: 0.03100
[2026-02-26T09:25:16.951Z] [USDJPY] [REAL P&L] Gross: $-2800.00 | Commission: $4.00 | Net: $-2804.00
[2026-02-26T09:25:18.816Z] [USDJPY] Analysis: BAD - The trade was a long position on USDJPY, but the exit price of 156.004 was below the take profit lev...
[2026-02-26T09:25:18.818Z] Results saved (44 total trades)
[2026-02-26T09:25:18.820Z] Global trades saved (142 total trades)
   [CONFIDENCE] Probability: 42%
   [CONFIDENCE] Coherence: INCOHERENT | Sizing: N/A
   [CONFIDENCE] The cleanest story here is bearish-to-neutral, not bullish. Momentum is bearish,...
   [LEVELS] Determining entry, SL, TP...
   [CONFIDENCE] Probability: 25%
   [CONFIDENCE] UNFAVORABLE: Reassess the trade idea and consider waiting for a clearer t...
   [CONFIDENCE] BAD PATTERNS: RANGE: Trading in range-bound market without clear edge, SHALLOW PULLBACK: 0% retracement - no proper entry
   [LEVELS] Determining entry, SL, TP...
   [LEVELS] Entry: 1.35240 (LIMIT)
   [LEVELS] SL: 1.35701 | TP: 1.35188 | RR: 1.30
[2026-02-26T09:25:26.255Z] [GBPUSD] SIGNAL: SHORT | Entry: 1.3524 | SL: 1.35701 | TP: 1.35188 | Risk: 0.25
[2026-02-26T09:25:26.256Z] [GBPUSD] Reasoning: Dir: Consider shorting near the current price level (1. | Conf: The proposed trade setup has been identified with ...
[2026-02-26T09:25:26.256Z] [GBPUSD] [REAL] Placing SHORT order for 100000 units...
[EXECUTOR] Entering SHORT 100000 GBP/USD TP=1.35188 SL=1.35701
   [LEVELS] Entry: 1.18025 (LIMIT)
   [LEVELS] SL: 1.17973 (NORMAL)
   [LEVELS] TP: 1.18103 | Path: SOME_OBSTACLES | RR: 1.50
[2026-02-26T09:25:27.248Z] [EURUSD_GPT5] SIGNAL: LONG | Entry: 1.18025 | SL: 1.17973 | TP: 1.18103 | Risk: 0.42
[2026-02-26T09:25:27.249Z] [EURUSD_GPT5] Reasoning: Dir: Wait for clarity. If price breaks and holds below  | Conf: The cleanest story here is bearish-to-neutral, not...
[2026-02-26T09:25:27.249Z] [EURUSD_GPT5] [REAL] Placing LONG order for 100000 units...
[EXECUTOR] Entering LONG 100000 EUR/USD TP=1.18103 SL=1.17973
[EXECUTOR] Entry filled at 1.3525
[2026-02-26T09:25:27.492Z] [GBPUSD] [REAL] Order filled at 1.3525 (TP order: 163, SL order: 164)
[2026-02-26T09:25:27.493Z] [GBPUSD] ENTERED SHORT @ 1.3525 | SL: 1.35701 | TP: 1.35188 | Size: 100000
[EXECUTOR] Entry filled at 1.18019
[2026-02-26T09:25:28.610Z] [EURUSD_GPT5] [REAL] Order filled at 1.18019 (TP order: 166, SL order: 167)
[2026-02-26T09:25:28.611Z] [EURUSD_GPT5] ENTERED LONG @ 1.18019 | SL: 1.17973 | TP: 1.18103 | Size: 100000
[2026-02-26T09:30:03.752Z] [EURUSD] New bar: 20260226 09:25:00 | O:1.18009 H:1.18038 L:1.18005 C:1.18015
[2026-02-26T09:30:03.906Z] [EURUSD] Calling AI agents for trade decision...
   [DIRECTION] Analyzing market structure...
[2026-02-26T09:30:03.907Z] [EURUSD_GPT5] New bar: 20260226 09:25:00 | O:1.18009 H:1.18038 L:1.18005 C:1.18015
[2026-02-26T09:30:03.984Z] [GBPUSD] New bar: 20260226 09:25:00 | O:1.35236 H:1.35274 L:1.35235 C:1.35257
[2026-02-26T09:30:04.008Z] [USDJPY] New bar: 20260226 09:25:00 | O:156.00550 H:156.03800 L:155.97850 C:156.03450
[2026-02-26T09:30:04.159Z] [USDJPY] Calling AI agents for trade decision...
   [DIRECTION] Analyzing market structure...
   [DIRECTION] NEUTRAL (HIGH)
   [DIRECTION] Wait for breakout....
   [DIRECTION] No clear direction - will assess both sides
   [CONFIDENCE] Assessing setup quality...
   [DIRECTION] BEARISH (MEDIUM)
   [DIRECTION] Consider shorting near resistance at 1.18217, targeting the support level at 1.1...
   [CONFIDENCE] Assessing setup quality...
   [CONFIDENCE] Probability: 45%
   [CONFIDENCE] MARGINAL: LOW conviction - size accordingly...
   [LEVELS] Determining entry, SL, TP...
   [CONFIDENCE] Probability: 55%
   [CONFIDENCE] MARGINAL: Consider proceeding with reduced size due to proximity to su...
   [LEVELS] Determining entry, SL, TP...
[EXECUTOR STDERR] [ERROR] 326: Unable to connect as the client id is already in use. Retry with a unique client id.
[2026-02-26T09:30:14.401Z] [GBPUSD] [REAL] Position closed by bracket order - TP
[2026-02-26T09:30:14.401Z] [GBPUSD] [REAL] Closing position...
[EXECUTOR] Closing position for GBP/USD
[EXECUTOR] Position closed at 1.3525
[2026-02-26T09:30:16.316Z] [GBPUSD] [REAL] Position closed at 1.3525
[2026-02-26T09:30:16.316Z] [GBPUSD] CLOSED SHORT | TP @ 1.3525 | R: 0.00 | Weighted: 0.00
[2026-02-26T09:30:16.317Z] [GBPUSD] Bars in trade: 1 | Max favorable: 0.00015 | Max adverse: 0.00023
[2026-02-26T09:30:16.317Z] [GBPUSD] [REAL P&L] Gross: $0.00 | Commission: $4.00 | Net: $-4.00
   [LEVELS] Entry: 155.92500 (LIMIT)
   [LEVELS] SL: 155.85000 | TP: 156.16740 | RR: 1.60
[2026-02-26T09:30:17.010Z] [USDJPY] SIGNAL: LONG | Entry: 155.925 | SL: 155.85 | TP: 156.1674 | Risk: 0.505
[2026-02-26T09:30:17.011Z] [USDJPY] Reasoning: Dir: Wait for breakout. | Conf: This setup has a neutral bias with no clear trend ...
[2026-02-26T09:30:17.011Z] [USDJPY] [REAL] Placing LONG order for 100000 units...
[EXECUTOR] Entering LONG 100000 USD/JPY TP=156.1674 SL=155.85
[2026-02-26T09:30:18.387Z] [GBPUSD] Analysis: NEUTRAL - The trade was executed at the entry price of 1.3525 and reached the take profit level of 1.35188, re...
[2026-02-26T09:30:18.388Z] Results saved (45 total trades)
[2026-02-26T09:30:18.390Z] Global trades saved (143 total trades)
[EXECUTOR STDERR] [ERROR] 110: The price does not conform to the minimum price variation for this contract.
[EXECUTOR] Entry filled at 156.04
[2026-02-26T09:30:18.419Z] [USDJPY] [REAL] Order filled at 156.04 (TP order: 170, SL order: 171)
[2026-02-26T09:30:18.419Z] [USDJPY] ENTERED LONG @ 156.04 | SL: 155.85 | TP: 156.1674 | Size: 100000
   [LEVELS] Entry: 1.18210 (LIMIT)
   [LEVELS] SL: 1.18267 | TP: 1.17979 | RR: 1.50
[2026-02-26T09:30:18.457Z] [EURUSD] SIGNAL: SHORT | Entry: 1.1821 | SL: 1.18267 | TP: 1.17979 | Risk: 0.55
[2026-02-26T09:30:18.458Z] [EURUSD] Reasoning: Dir: Consider shorting near resistance at 1.18217, targ | Conf: The setup has some strengths, such as the price be...
[2026-02-26T09:30:18.458Z] [EURUSD] [REAL] Placing SHORT order for 100000 units...
[EXECUTOR] Entering SHORT 100000 EUR/USD TP=1.17979 SL=1.18267
[EXECUTOR] Entry filled at 1.18002
[2026-02-26T09:30:19.855Z] [EURUSD] [REAL] Order filled at 1.18002 (TP order: 173, SL order: 174)
[2026-02-26T09:30:19.855Z] [EURUSD] ENTERED SHORT @ 1.18002 | SL: 1.18267 | TP: 1.17979 | Size: 100000
[2026-02-26T09:35:03.892Z] [EURUSD] New bar: 20260226 09:30:00 | O:1.18015 H:1.18020 L:1.17997 C:1.18003
[2026-02-26T09:35:03.964Z] [EURUSD_GPT5] New bar: 20260226 09:30:00 | O:1.18015 H:1.18020 L:1.17997 C:1.18003
[2026-02-26T09:35:03.986Z] [GBPUSD] New bar: 20260226 09:30:00 | O:1.35257 H:1.35282 L:1.35235 C:1.35267
[2026-02-26T09:35:04.164Z] [GBPUSD] Calling AI agents for trade decision...
   [DIRECTION] Analyzing market structure...
[2026-02-26T09:35:04.754Z] [USDJPY] New bar: 20260226 09:30:00 | O:156.03450 H:156.05200 L:156.00250 C:156.00950
[2026-02-26T09:35:05.403Z] [EURUSD] [REAL] Position closed by bracket order - TP
[2026-02-26T09:35:05.403Z] [EURUSD] [REAL] Closing position...
[EXECUTOR] Closing position for EUR/USD
[EXECUTOR] Position closed at N/A
[2026-02-26T09:35:06.835Z] [EURUSD] [REAL] Position already closed (likely by TP/SL order)
[2026-02-26T09:35:06.836Z] [EURUSD] CLOSED SHORT | TP @ 1.180035 | R: -0.01 | Weighted: -0.00
[2026-02-26T09:35:06.836Z] [EURUSD] Bars in trade: 1 | Max favorable: 0.00005 | Max adverse: 0.00018
[2026-02-26T09:35:06.836Z] [EURUSD] [REAL P&L] Gross: $-1.50 | Commission: $4.00 | Net: $-5.50
   [DIRECTION] BEARISH (MEDIUM)
   [DIRECTION] Consider shorting near the resistance level at 1.35621, targeting the support le...
   [CONFIDENCE] Assessing setup quality...
[2026-02-26T09:35:08.938Z] [EURUSD] Analysis: BAD - The trade was a short position on EURUSD, which was executed during the London session when the mark...
[2026-02-26T09:35:08.939Z] Results saved (46 total trades)
[2026-02-26T09:35:08.941Z] Global trades saved (144 total trades)
   [CONFIDENCE] Probability: 25%
   [CONFIDENCE] UNFAVORABLE: Consider waiting for a clearer trend or a breakout confirmat...
   [CONFIDENCE] BAD PATTERNS: RANGE: Trading in range-bound market without clear edge, SHALLOW PULLBACK: 0% retracement - no proper entry
   [LEVELS] Determining entry, SL, TP...
[EXECUTOR STDERR] [ERROR] 326: Unable to connect as the client id is already in use. Retry with a unique client id.
[2026-02-26T09:35:14.377Z] [EURUSD_GPT5] [REAL] Position closed by bracket order - TP
[2026-02-26T09:35:14.377Z] [EURUSD_GPT5] [REAL] Closing position...
[EXECUTOR] Closing position for EUR/USD
[EXECUTOR STDERR] [ERROR] 326: Unable to connect as the client id is already in use. Retry with a unique client id.
[2026-02-26T09:35:15.127Z] [USDJPY] [REAL] Position closed by bracket order - TP
[2026-02-26T09:35:15.128Z] [USDJPY] [REAL] Closing position...
[EXECUTOR] Closing position for USD/JPY
[EXECUTOR] Position closed at N/A
[2026-02-26T09:35:15.816Z] [EURUSD_GPT5] [REAL] Position already closed (likely by TP/SL order)
[2026-02-26T09:35:15.816Z] [EURUSD_GPT5] CLOSED LONG | TP @ 1.180035 | R: -0.34 | Weighted: -0.14
[2026-02-26T09:35:15.816Z] [EURUSD_GPT5] Bars in trade: 2 | Max favorable: 0.00019 | Max adverse: 0.00022
[2026-02-26T09:35:15.816Z] [EURUSD_GPT5] [REAL P&L] Gross: $-15.50 | Commission: $4.00 | Net: $-19.50
[2026-02-26T09:35:18.247Z] [EURUSD_GPT5] Analysis: GOOD - The trade won as the price reached the take profit level of 1.18103, despite the exit price being sl...
[2026-02-26T09:35:18.250Z] Results saved (47 total trades)
[2026-02-26T09:35:18.253Z] Global trades saved (145 total trades)
   [LEVELS] Entry: 1.35300 (LIMIT)
   [LEVELS] SL: 1.35700 | TP: 1.35150 | RR: 1.50
[2026-02-26T09:35:18.866Z] [GBPUSD] SIGNAL: SHORT | Entry: 1.353 | SL: 1.357 | TP: 1.3515 | Risk: 0.25
[2026-02-26T09:35:18.867Z] [GBPUSD] Reasoning: Dir: Consider shorting near the resistance level at 1.3 | Conf: The proposed trade has been assessed as having sig...
[2026-02-26T09:35:18.867Z] [GBPUSD] [REAL] Placing SHORT order for 100000 units...
[EXECUTOR] Entering SHORT 100000 GBP/USD TP=1.3515 SL=1.357
[EXECUTOR] Entry filled at 1.35264
[2026-02-26T09:35:20.225Z] [GBPUSD] [REAL] Order filled at 1.35264 (TP order: 176, SL order: 177)
[2026-02-26T09:35:20.225Z] [GBPUSD] ENTERED SHORT @ 1.35264 | SL: 1.357 | TP: 1.3515 | Size: 100000
[EXECUTOR STDERR] [ERROR] 326: Unable to connect as the client id is already in use. Retry with a unique client id.
[EXECUTOR] Close failed: Failed to connect to TWS/IB Gateway
[2026-02-26T09:35:25.513Z] [USDJPY] [REAL] Close result: {"error":"Failed to connect to TWS/IB Gateway"}
[2026-02-26T09:35:25.514Z] [USDJPY] CLOSED LONG | TP @ 156.0095 | R: -0.16 | Weighted: -0.08
[2026-02-26T09:35:25.514Z] [USDJPY] Bars in trade: 1 | Max favorable: 0.01200 | Max adverse: 0.03750
[2026-02-26T09:35:25.514Z] [USDJPY] [REAL P&L] Gross: $-3050.00 | Commission: $4.00 | Net: $-3054.00
[2026-02-26T09:35:26.779Z] [USDJPY] Analysis: BAD - The trade was set to take profit at 156.1674, but the exit price was 156.0095, which indicates that ...
[2026-02-26T09:35:26.781Z] Results saved (48 total trades)
[2026-02-26T09:35:26.784Z] Global trades saved (146 total trades)
[2026-02-26T09:40:03.931Z] [USDJPY] New bar: 20260226 09:35:00 | O:156.00950 H:156.05250 L:156.00000 C:156.03400
[2026-02-26T09:40:04.083Z] [USDJPY] Calling AI agents for trade decision...
   [DIRECTION] Analyzing market structure...
[2026-02-26T09:40:04.414Z] [EURUSD] New bar: 20260226 09:35:00 | O:1.18003 H:1.18016 L:1.17999 C:1.18003
[2026-02-26T09:40:04.581Z] [EURUSD] Calling AI agents for trade decision...
   [DIRECTION] Analyzing market structure...
[2026-02-26T09:40:04.582Z] [EURUSD_GPT5] New bar: 20260226 09:35:00 | O:1.18003 H:1.18016 L:1.17999 C:1.18003
[2026-02-26T09:40:04.739Z] [EURUSD_GPT5] Calling AI agents for trade decision...
   [DIRECTION] Analyzing market structure...
[2026-02-26T09:40:04.748Z] [GBPUSD] New bar: 20260226 09:35:00 | O:1.35267 H:1.35299 L:1.35263 C:1.35294
   [DIRECTION] NEUTRAL (HIGH)
   [DIRECTION] No clear trade; wait for breakout above resistance or below support....
   [DIRECTION] No clear direction - will assess both sides
   [CONFIDENCE] Assessing setup quality...
   [DIRECTION] BEARISH (MEDIUM)
   [DIRECTION] Consider shorting near the resistance level at 1.18217, targeting the support le...
   [CONFIDENCE] Assessing setup quality...
   [CONFIDENCE] Probability: 45%
   [CONFIDENCE] MARGINAL: LOW conviction - size accordingly...
   [LEVELS] Determining entry, SL, TP...
   [DIRECTION] UNCLEAR (LOW clarity)
   [DIRECTION] Readability: MESSY
   [DIRECTION] Wait for clarity. Price is pressing/under session support (1.18025) while the EM...
   [DIRECTION] No clear direction - will assess both sides
   [CONFIDENCE] Assessing setup quality...
   [CONFIDENCE] Probability: 55%
   [CONFIDENCE] MARGINAL: Consider proceeding with reduced size due to proximity to su...
   [LEVELS] Determining entry, SL, TP...
   [LEVELS] Entry: 155.90000 (LIMIT)
   [LEVELS] SL: 155.82800 | TP: 156.16740 | RR: 1.50
[2026-02-26T09:40:15.841Z] [USDJPY] SIGNAL: LONG | Entry: 155.9 | SL: 155.828 | TP: 156.1674 | Risk: 0.505
[2026-02-26T09:40:15.841Z] [USDJPY] Reasoning: Dir: No clear trade; wait for breakout above resistance | Conf: This probability reflects the lack of a clear tren...
[2026-02-26T09:40:15.842Z] [USDJPY] [REAL] Placing LONG order for 100000 units...
[EXECUTOR] Entering LONG 100000 USD/JPY TP=156.1674 SL=155.828
[EXECUTOR STDERR] [ERROR] 110: The price does not conform to the minimum price variation for this contract.
[EXECUTOR] Entry filled at 156.044
[2026-02-26T09:40:17.237Z] [USDJPY] [REAL] Order filled at 156.044 (TP order: 179, SL order: 180)
[2026-02-26T09:40:17.238Z] [USDJPY] ENTERED LONG @ 156.044 | SL: 155.828 | TP: 156.1674 | Size: 100000
   [CONFIDENCE] Probability: 41%
   [CONFIDENCE] Coherence: INCOHERENT | Sizing: MINIMAL
   [CONFIDENCE] This market is not telling a clean bullish story. Structure is pointing down whi...
   [LEVELS] Determining entry, SL, TP...
   [LEVELS] Entry: 1.18215 (LIMIT)
   [LEVELS] SL: 1.18267 | TP: 1.17969 | RR: 1.50
[2026-02-26T09:40:20.902Z] [EURUSD] SIGNAL: SHORT | Entry: 1.18215 | SL: 1.18267 | TP: 1.17969 | Risk: 0.55
[2026-02-26T09:40:20.903Z] [EURUSD] Reasoning: Dir: Consider shorting near the resistance level at 1.1 | Conf: The setup has a bearish bias as the price is below...
[2026-02-26T09:40:20.903Z] [EURUSD] [REAL] Placing SHORT order for 100000 units...
[EXECUTOR] Entering SHORT 100000 EUR/USD TP=1.17969 SL=1.18267
[EXECUTOR] Entry filled at 1.18002
[2026-02-26T09:40:22.317Z] [EURUSD] [REAL] Order filled at 1.18002 (TP order: 182, SL order: 183)
[2026-02-26T09:40:22.317Z] [EURUSD] ENTERED SHORT @ 1.18002 | SL: 1.18267 | TP: 1.17969 | Size: 100000
   [LEVELS] Entry: 1.18025 (LIMIT)
   [LEVELS] SL: 1.17978 (NORMAL)
   [LEVELS] TP: 1.18085 | Path: SOME_OBSTACLES | RR: 1.28
[2026-02-26T09:40:30.516Z] [EURUSD_GPT5] SIGNAL: LONG | Entry: 1.18025 | SL: 1.17978 | TP: 1.18085 | Risk: 0.35
[2026-02-26T09:40:30.516Z] [EURUSD_GPT5] Reasoning: Dir: Wait for clarity. Price is pressing/under session  | Conf: This market is not telling a clean bullish story. ...
[2026-02-26T09:40:30.516Z] [EURUSD_GPT5] [REAL] Placing LONG order for 100000 units...
[EXECUTOR] Entering LONG 100000 EUR/USD TP=1.18085 SL=1.17978
[EXECUTOR] Entry filled at 1.18005
[2026-02-26T09:40:31.945Z] [EURUSD_GPT5] [REAL] Order filled at 1.18005 (TP order: 185, SL order: 186)
[2026-02-26T09:40:31.945Z] [EURUSD_GPT5] ENTERED LONG @ 1.18005 | SL: 1.17978 | TP: 1.18085 | Size: 100000
[2026-02-26T09:45:03.831Z] [EURUSD] New bar: 20260226 09:40:00 | O:1.18003 H:1.18017 L:1.17971 C:1.17973
[2026-02-26T09:45:03.903Z] [EURUSD_GPT5] New bar: 20260226 09:40:00 | O:1.18003 H:1.18017 L:1.17971 C:1.17973
[2026-02-26T09:45:04.678Z] [GBPUSD] New bar: 20260226 09:40:00 | O:1.35294 H:1.35336 L:1.35284 C:1.35285
[2026-02-26T09:45:04.699Z] [USDJPY] New bar: 20260226 09:40:00 | O:156.03400 H:156.05150 L:156.00000 C:156.00250
[EXECUTOR STDERR] [ERROR] 326: Unable to connect as the client id is already in use. Retry with a unique client id.
[2026-02-26T09:45:14.279Z] [EURUSD_GPT5] [REAL] Position closed by bracket order - SL
[2026-02-26T09:45:14.279Z] [EURUSD_GPT5] [REAL] Closing position...
[EXECUTOR] Closing position for EUR/USD
[EXECUTOR STDERR] [ERROR] 326: Unable to connect as the client id is already in use. Retry with a unique client id.
[2026-02-26T09:45:15.121Z] [GBPUSD] [REAL] Position closed by bracket order - TP
[2026-02-26T09:45:15.121Z] [GBPUSD] [REAL] Closing position...
[EXECUTOR] Closing position for GBP/USD
[EXECUTOR] Position closed at 1.17994
[2026-02-26T09:45:15.945Z] [EURUSD_GPT5] [REAL] Position closed at 1.17994
[2026-02-26T09:45:15.946Z] [EURUSD_GPT5] CLOSED LONG | SL @ 1.17994 | R: -0.41 | Weighted: -0.14
[2026-02-26T09:45:15.946Z] [EURUSD_GPT5] Bars in trade: 1 | Max favorable: 0.00012 | Max adverse: 0.00035
[2026-02-26T09:45:15.946Z] [EURUSD_GPT5] [REAL P&L] Gross: $-11.00 | Commission: $4.00 | Net: $-15.00
[2026-02-26T09:45:18.394Z] [EURUSD_GPT5] Analysis: BAD - The trade was a loss due to the market structure being bearish (-1) during the London session, which...
[2026-02-26T09:45:18.396Z] Results saved (49 total trades)
[2026-02-26T09:45:18.399Z] Global trades saved (147 total trades)
[EXECUTOR STDERR] [ERROR] 326: Unable to connect as the client id is already in use. Retry with a unique client id.
[EXECUTOR] Close failed: Failed to connect to TWS/IB Gateway
[2026-02-26T09:45:25.559Z] [GBPUSD] [REAL] Close result: {"error":"Failed to connect to TWS/IB Gateway"}
[2026-02-26T09:45:25.559Z] [GBPUSD] CLOSED SHORT | TP @ 1.352855 | R: -0.05 | Weighted: -0.01
[2026-02-26T09:45:25.559Z] [GBPUSD] Bars in trade: 2 | Max favorable: 0.00001 | Max adverse: 0.00072
[2026-02-26T09:45:25.560Z] [GBPUSD] [REAL P&L] Gross: $-21.50 | Commission: $4.00 | Net: $-25.50
[2026-02-26T09:45:28.568Z] [GBPUSD] Analysis: NEUTRAL - The trade was successful as the price moved towards the take profit level of 1.3515 before hitting t...
[2026-02-26T09:45:28.570Z] Results saved (50 total trades)
[2026-02-26T09:45:28.573Z] Global trades saved (148 total trades)
[2026-02-26T09:50:03.932Z] [EURUSD] New bar: 20260226 09:45:00 | O:1.17973 H:1.17999 L:1.17967 C:1.17982
[2026-02-26T09:50:03.997Z] [EURUSD_GPT5] New bar: 20260226 09:45:00 | O:1.17973 H:1.17999 L:1.17967 C:1.17982
[2026-02-26T09:50:04.148Z] [EURUSD_GPT5] Calling AI agents for trade decision...
   [DIRECTION] Analyzing market structure...
[2026-02-26T09:50:04.149Z] [USDJPY] New bar: 20260226 09:45:00 | O:156.00250 H:156.06700 L:155.98950 C:156.06600
[2026-02-26T09:50:04.935Z] [GBPUSD] New bar: 20260226 09:45:00 | O:1.35285 H:1.35316 L:1.35276 C:1.35296
[2026-02-26T09:50:05.070Z] [GBPUSD] Calling AI agents for trade decision...
   [DIRECTION] Analyzing market structure...
[2026-02-26T09:50:05.446Z] [EURUSD] [REAL] Position closed by bracket order - TP
[2026-02-26T09:50:05.446Z] [EURUSD] [REAL] Closing position...
[EXECUTOR] Closing position for EUR/USD
[EXECUTOR] Position closed at N/A
[2026-02-26T09:50:06.906Z] [EURUSD] [REAL] Position already closed (likely by TP/SL order)
[2026-02-26T09:50:06.906Z] [EURUSD] CLOSED SHORT | TP @ 1.17969 | R: 0.12 | Weighted: 0.07
[2026-02-26T09:50:06.906Z] [EURUSD] Bars in trade: 2 | Max favorable: 0.00035 | Max adverse: 0.00015
[2026-02-26T09:50:06.907Z] [EURUSD] [REAL P&L] Gross: $33.00 | Commission: $4.00 | Net: $29.00
[2026-02-26T09:50:08.947Z] [EURUSD] Analysis: GOOD - The trade was successful as the market structure was bearish (-1), indicating a downward trend. The ...
[2026-02-26T09:50:08.948Z] Results saved (51 total trades)
[2026-02-26T09:50:08.950Z] Global trades saved (149 total trades)
   [DIRECTION] BEARISH (MEDIUM)
   [DIRECTION] Consider shorting at the nearest resistance level of 1.35621, targeting the supp...
   [CONFIDENCE] Assessing setup quality...
   [DIRECTION] UNCLEAR (LOW clarity)
   [DIRECTION] Readability: MESSY
   [DIRECTION] Wait for clarity. If price reclaims and holds back above 1.18025 and starts prin...
   [DIRECTION] No clear direction - will assess both sides
   [CONFIDENCE] Assessing setup quality...
[EXECUTOR STDERR] [ERROR] 326: Unable to connect as the client id is already in use. Retry with a unique client id.
[2026-02-26T09:50:14.534Z] [USDJPY] [REAL] Position closed by bracket order - TP
[2026-02-26T09:50:14.534Z] [USDJPY] [REAL] Closing position...
[EXECUTOR] Closing position for USD/JPY
[EXECUTOR] Position closed at 156.066
[2026-02-26T09:50:16.434Z] [USDJPY] [REAL] Position closed at 156.066
[2026-02-26T09:50:16.434Z] [USDJPY] CLOSED LONG | TP @ 156.066 | R: 0.10 | Weighted: 0.05
[2026-02-26T09:50:16.435Z] [USDJPY] Bars in trade: 2 | Max favorable: 0.02300 | Max adverse: 0.05450
[2026-02-26T09:50:16.435Z] [USDJPY] [REAL P&L] Gross: $2200.00 | Commission: $4.00 | Net: $2196.00
   [CONFIDENCE] Probability: 39%
   [CONFIDENCE] Coherence: INCOHERENT | Sizing: SKIP
   [CONFIDENCE] This market is not presenting a clean long narrative. Structure is pointing down...
   [LEVELS] Determining entry, SL, TP...
[2026-02-26T09:50:18.767Z] [USDJPY] Analysis: GOOD - The trade won because the price moved favorably towards the take profit level shortly after entry. T...
[2026-02-26T09:50:18.769Z] Results saved (52 total trades)
[2026-02-26T09:50:18.772Z] Global trades saved (150 total trades)
   [CONFIDENCE] Probability: 25%
   [CONFIDENCE] UNFAVORABLE: Reconsider the trade setup; wait for a clearer trend or a be...
   [CONFIDENCE] BAD PATTERNS: RANGE: Trading in range-bound market without clear edge, SHALLOW PULLBACK: 0% retracement - no proper entry
   [LEVELS] Determining entry, SL, TP...
   [LEVELS] Entry: 1.35321 (LIMIT)
   [LEVELS] SL: 1.35701 | TP: 1.35181 | RR: 1.30
[2026-02-26T09:50:28.093Z] [GBPUSD] SIGNAL: SHORT | Entry: 1.35321 | SL: 1.35701 | TP: 1.35181 | Risk: 0.25
[2026-02-26T09:50:28.093Z] [GBPUSD] Reasoning: Dir: Consider shorting at the nearest resistance level  | Conf: The proposed trade has been assessed with signific...
[2026-02-26T09:50:28.094Z] [GBPUSD] [REAL] Placing SHORT order for 100000 units...
[EXECUTOR] Entering SHORT 100000 GBP/USD TP=1.35181 SL=1.35701
[EXECUTOR] Entry filled at 1.35295
[2026-02-26T09:50:29.520Z] [GBPUSD] [REAL] Order filled at 1.35295 (TP order: 190, SL order: 191)
[2026-02-26T09:50:29.520Z] [GBPUSD] ENTERED SHORT @ 1.35295 | SL: 1.35701 | TP: 1.35181 | Size: 100000
   [LEVELS] Entry: 1.17985 (LIMIT)
   [LEVELS] SL: 1.17945 (NORMAL)
   [LEVELS] TP: 1.18045 | Path: SOME_OBSTACLES | RR: 1.50
[2026-02-26T09:50:29.789Z] [EURUSD_GPT5] AI says WAIT: Confidence agent recommends SKIP: This market is not presenting a clean long narrative. Structure is...
[2026-02-26T09:55:04.482Z] [EURUSD] New bar: 20260226 09:50:00 | O:1.17982 H:1.17995 L:1.17976 C:1.17978
[2026-02-26T09:55:04.614Z] [EURUSD] Calling AI agents for trade decision...
   [DIRECTION] Analyzing market structure...
[2026-02-26T09:55:04.615Z] [EURUSD_GPT5] New bar: 20260226 09:50:00 | O:1.17982 H:1.17995 L:1.17976 C:1.17978
[2026-02-26T09:55:04.754Z] [EURUSD_GPT5] Calling AI agents for trade decision...
   [DIRECTION] Analyzing market structure...
[2026-02-26T09:55:04.755Z] [GBPUSD] New bar: 20260226 09:50:00 | O:1.35296 H:1.35305 L:1.35271 C:1.35278
[2026-02-26T09:55:04.827Z] [USDJPY] New bar: 20260226 09:50:00 | O:156.06600 H:156.09000 L:156.05800 C:156.07000
[2026-02-26T09:55:04.965Z] [USDJPY] Calling AI agents for trade decision...
   [DIRECTION] Analyzing market structure...
   [DIRECTION] NEUTRAL (HIGH)
   [DIRECTION] No clear trade; wait for breakout above resistance or below support....
   [DIRECTION] No clear direction - will assess both sides
   [CONFIDENCE] Assessing setup quality...
   [DIRECTION] BEARISH (MEDIUM)
   [DIRECTION] Consider shorting the market as it approaches the support level at 1.18025. If t...
   [CONFIDENCE] Assessing setup quality...
   [CONFIDENCE] Probability: 45%
   [CONFIDENCE] MARGINAL: LOW conviction - size accordingly...
   [LEVELS] Determining entry, SL, TP...
   [DIRECTION] UNCLEAR (LOW clarity)
   [DIRECTION] Readability: MESSY
   [DIRECTION] Wait for clarity. If price reclaims and holds back above 1.18025 with a higher l...
   [DIRECTION] No clear direction - will assess both sides
   [CONFIDENCE] Assessing setup quality...
   [LEVELS] Entry: 156.00200 (LIMIT)
   [LEVELS] SL: 155.93846 | TP: 156.16740 | RR: 2.10
[2026-02-26T09:55:18.996Z] [USDJPY] SIGNAL: LONG | Entry: 156.002 | SL: 155.93846 | TP: 156.1674 | Risk: 0.505
[2026-02-26T09:55:18.997Z] [USDJPY] Reasoning: Dir: No clear trade; wait for breakout above resistance | Conf: This probability reflects the mixed signals presen...
[2026-02-26T09:55:18.997Z] [USDJPY] [REAL] Placing LONG order for 100000 units...
[EXECUTOR] Entering LONG 100000 USD/JPY TP=156.1674 SL=155.93846
   [CONFIDENCE] Probability: 55%
   [CONFIDENCE] MARGINAL: Consider proceeding with reduced size due to proximity to ke...
   [LEVELS] Determining entry, SL, TP...
[EXECUTOR STDERR] [ERROR] 110: The price does not conform to the minimum price variation for this contract.
[ERROR] 110: The price does not conform to the minimum price variation for this contract.
[EXECUTOR] Entry filled at 156.069
[2026-02-26T09:55:20.409Z] [USDJPY] [REAL] Order filled at 156.069 (TP order: 193, SL order: 194)
[2026-02-26T09:55:20.409Z] [USDJPY] ENTERED LONG @ 156.069 | SL: 155.93846 | TP: 156.1674 | Size: 100000
   [CONFIDENCE] Probability: 34%
   [CONFIDENCE] Coherence: INCOHERENT | Sizing: SKIP
   [CONFIDENCE] This market is not presenting a unified long thesis. Structure and momentum are ...
   [LEVELS] Determining entry, SL, TP...
   [LEVELS] Entry: 1.17990 (LIMIT)
   [LEVELS] SL: 1.18257 | TP: 1.17947 | RR: 1.50
[2026-02-26T09:55:26.018Z] [EURUSD] SIGNAL: SHORT | Entry: 1.1799 | SL: 1.18257 | TP: 1.17947 | Risk: 0.55
[2026-02-26T09:55:26.018Z] [EURUSD] Reasoning: Dir: Consider shorting the market as it approaches the  | Conf: The setup shows a bearish bias with the price belo...
[2026-02-26T09:55:26.019Z] [EURUSD] [REAL] Placing SHORT order for 100000 units...
[EXECUTOR] Entering SHORT 100000 EUR/USD TP=1.17947 SL=1.18257
[EXECUTOR] Entry filled at 1.1798
[2026-02-26T09:55:27.458Z] [EURUSD] [REAL] Order filled at 1.1798 (TP order: 196, SL order: 197)
[2026-02-26T09:55:27.458Z] [EURUSD] ENTERED SHORT @ 1.1798 | SL: 1.18257 | TP: 1.17947 | Size: 100000
   [LEVELS] Entry: 1.18025 (LIMIT)
   [LEVELS] SL: 1.17962 (NORMAL)
   [LEVELS] TP: 1.18105 | Path: SOME_OBSTACLES | RR: 1.27
[2026-02-26T09:55:29.014Z] [EURUSD_GPT5] AI says WAIT: Confidence agent recommends SKIP: This market is not presenting a unified long thesis. Structure and...
[2026-02-26T10:00:03.772Z] [USDJPY] New bar: 20260226 09:55:00 | O:156.07000 H:156.07550 L:156.03750 C:156.07100
[2026-02-26T10:00:03.847Z] [GBPUSD] New bar: 20260226 09:55:00 | O:1.35278 H:1.35286 L:1.35275 C:1.35275
[2026-02-26T10:00:03.870Z] [EURUSD] New bar: 20260226 09:55:00 | O:1.17978 H:1.17999 L:1.17972 C:1.17973
[2026-02-26T10:00:03.895Z] [EURUSD_GPT5] New bar: 20260226 09:55:00 | O:1.17978 H:1.17999 L:1.17972 C:1.17973
[2026-02-26T10:00:04.051Z] [EURUSD_GPT5] Calling AI agents for trade decision...
   [DIRECTION] Analyzing market structure...
   [DIRECTION] UNCLEAR (LOW clarity)
   [DIRECTION] Readability: MESSY
   [DIRECTION] Wait for clarity. If price retests 1.18023–1.18025 from below and rejects (fails...
   [DIRECTION] No clear direction - will assess both sides
   [CONFIDENCE] Assessing setup quality...
[EXECUTOR STDERR] [ERROR] 326: Unable to connect as the client id is already in use. Retry with a unique client id.
[2026-02-26T10:00:14.295Z] [GBPUSD] [REAL] Position closed by bracket order - TP
[2026-02-26T10:00:14.296Z] [GBPUSD] [REAL] Closing position...
[EXECUTOR] Closing position for GBP/USD
[EXECUTOR STDERR] [ERROR] 326: Unable to connect as the client id is already in use. Retry with a unique client id.
[2026-02-26T10:00:14.808Z] [EURUSD] [REAL] Position closed by bracket order - TP
[2026-02-26T10:00:14.809Z] [EURUSD] [REAL] Closing position...
[EXECUTOR] Closing position for EUR/USD
[EXECUTOR] Position closed at 1.35274
[2026-02-26T10:00:16.130Z] [GBPUSD] [REAL] Position closed at 1.35274
[2026-02-26T10:00:16.130Z] [GBPUSD] CLOSED SHORT | TP @ 1.35274 | R: 0.05 | Weighted: 0.01
[2026-02-26T10:00:16.130Z] [GBPUSD] Bars in trade: 2 | Max favorable: 0.00024 | Max adverse: 0.00009
[2026-02-26T10:00:16.130Z] [GBPUSD] [REAL P&L] Gross: $21.00 | Commission: $4.00 | Net: $17.00
   [CONFIDENCE] Probability: 38%
   [CONFIDENCE] Coherence: INCOHERENT | Sizing: SKIP
   [CONFIDENCE] The cleanest story here is bearish-to-neutral, not bullish. Structure is down, r...
   [LEVELS] Determining entry, SL, TP...
[2026-02-26T10:00:18.551Z] [GBPUSD] Analysis: GOOD - The trade was successful as the GBPUSD pair moved downward from the entry point of 1.35295 to the ta...
[2026-02-26T10:00:18.553Z] Results saved (53 total trades)
[2026-02-26T10:00:18.555Z] Global trades saved (151 total trades)
[EXECUTOR STDERR] [ERROR] 326: Unable to connect as the client id is already in use. Retry with a unique client id.
[EXECUTOR] Close failed: Failed to connect to TWS/IB Gateway
[2026-02-26T10:00:25.138Z] [EURUSD] [REAL] Close result: {"error":"Failed to connect to TWS/IB Gateway"}
[2026-02-26T10:00:25.139Z] [EURUSD] CLOSED SHORT | TP @ 1.17973 | R: 0.03 | Weighted: 0.01
[2026-02-26T10:00:25.139Z] [EURUSD] Bars in trade: 1 | Max favorable: 0.00008 | Max adverse: 0.00019
[2026-02-26T10:00:25.139Z] [EURUSD] [REAL P&L] Gross: $7.00 | Commission: $4.00 | Net: $3.00
   [LEVELS] Entry: 1.18025 (LIMIT)
   [LEVELS] SL: 1.17962 (NORMAL)
   [LEVELS] TP: 1.18120 | Path: SOME_OBSTACLES | RR: 1.51
[2026-02-26T10:00:26.090Z] [EURUSD_GPT5] AI says WAIT: Confidence agent recommends SKIP: The cleanest story here is bearish-to-neutral, not bullish. Struct...
[2026-02-26T10:00:27.148Z] [EURUSD] Analysis: GOOD - The trade was successful because the market structure was bearish (-1), indicating a downward trend....
[2026-02-26T10:00:27.150Z] Results saved (54 total trades)
[2026-02-26T10:00:27.153Z] Global trades saved (152 total trades)
[2026-02-26T10:05:03.905Z] [USDJPY] New bar: 20260226 10:00:00 | O:156.07100 H:156.08400 L:156.06150 C:156.06300
[2026-02-26T10:05:04.366Z] [EURUSD] New bar: 20260226 10:00:00 | O:1.17973 H:1.17979 L:1.17964 C:1.17967
[2026-02-26T10:05:04.517Z] [EURUSD] Calling AI agents for trade decision...
   [DIRECTION] Analyzing market structure...
[2026-02-26T10:05:04.518Z] [EURUSD_GPT5] New bar: 20260226 10:00:00 | O:1.17973 H:1.17979 L:1.17964 C:1.17967
[2026-02-26T10:05:04.699Z] [EURUSD_GPT5] Calling AI agents for trade decision...
   [DIRECTION] Analyzing market structure...
[2026-02-26T10:05:04.700Z] [GBPUSD] New bar: 20260226 10:00:00 | O:1.35275 H:1.35280 L:1.35256 C:1.35264
[2026-02-26T10:05:04.873Z] [GBPUSD] Calling AI agents for trade decision...
   [DIRECTION] Analyzing market structure...
   [DIRECTION] UNCLEAR (LOW clarity)
   [DIRECTION] Readability: MESSY
   [DIRECTION] Wait for clarity. If price reclaims 1.18025 and holds above it (multiple closes ...
   [DIRECTION] No clear direction - will assess both sides
   [CONFIDENCE] Assessing setup quality...
   [DIRECTION] BEARISH (MEDIUM)
   [DIRECTION] Consider shorting near the resistance level at 1.35621 or if the price approache...
   [CONFIDENCE] Assessing setup quality...
   [DIRECTION] BEARISH (MEDIUM)
   [DIRECTION] Consider shorting at current price levels (1.17967) with a target towards the su...
   [CONFIDENCE] Assessing setup quality...
   [CONFIDENCE] Probability: 33%
   [CONFIDENCE] Coherence: INCOHERENT | Sizing: SKIP
   [CONFIDENCE] The clearest story is bearish-to-neutral, not bullish. Price is below the EMA50 ...
   [LEVELS] Determining entry, SL, TP...
   [CONFIDENCE] Probability: 25%
   [CONFIDENCE] UNFAVORABLE: Consider waiting for a clearer trend or a better entry point...
   [CONFIDENCE] BAD PATTERNS: RANGE: Trading in range-bound market without clear edge, SHALLOW PULLBACK: 0% retracement - no proper entry
   [LEVELS] Determining entry, SL, TP...
   [LEVELS] Entry: 1.18025 (LIMIT)
   [LEVELS] SL: 1.17962 (NORMAL)
   [LEVELS] TP: 1.18120 | Path: SOME_OBSTACLES | RR: 1.51
[2026-02-26T10:05:25.433Z] [EURUSD_GPT5] AI says WAIT: Confidence agent recommends SKIP: The clearest story is bearish-to-neutral, not bullish. Price is be...
   [CONFIDENCE] Probability: 55%
   [CONFIDENCE] MARGINAL: Consider proceeding with reduced size due to low momentum an...
   [LEVELS] Determining entry, SL, TP...
   [LEVELS] Entry: 1.35600 (LIMIT)
   [LEVELS] SL: 1.35700 | TP: 1.35200 | RR: 1.50
[2026-02-26T10:05:30.103Z] [GBPUSD] SIGNAL: SHORT | Entry: 1.356 | SL: 1.357 | TP: 1.352 | Risk: 0.25
[2026-02-26T10:05:30.104Z] [GBPUSD] Reasoning: Dir: Consider shorting near the resistance level at 1.3 | Conf: The proposed trade setup has been assessed and fou...
[2026-02-26T10:05:30.104Z] [GBPUSD] [REAL] Placing SHORT order for 100000 units...
[EXECUTOR] Entering SHORT 100000 GBP/USD TP=1.352 SL=1.357
[EXECUTOR] Entry filled at 1.35275
[2026-02-26T10:05:31.529Z] [GBPUSD] [REAL] Order filled at 1.35275 (TP order: 200, SL order: 201)
[2026-02-26T10:05:31.530Z] [GBPUSD] ENTERED SHORT @ 1.35275 | SL: 1.357 | TP: 1.352 | Size: 100000
   [LEVELS] Entry: 1.18010 (LIMIT)
   [LEVELS] SL: 1.18257 | TP: 1.17938 | RR: 1.20
[2026-02-26T10:05:36.155Z] [EURUSD] SIGNAL: SHORT | Entry: 1.1801 | SL: 1.18257 | TP: 1.17938 | Risk: 0.55
[2026-02-26T10:05:36.156Z] [EURUSD] Reasoning: Dir: Consider shorting at current price levels (1.17967 | Conf: The setup has some bearish indicators, such as the...
[2026-02-26T10:05:36.157Z] [EURUSD] [REAL] Placing SHORT order for 100000 units...
[EXECUTOR] Entering SHORT 100000 EUR/USD TP=1.17938 SL=1.18257
[EXECUTOR] Entry filled at 1.17966
[2026-02-26T10:05:37.569Z] [EURUSD] [REAL] Order filled at 1.17966 (TP order: 203, SL order: 204)
[2026-02-26T10:05:37.570Z] [EURUSD] ENTERED SHORT @ 1.17966 | SL: 1.18257 | TP: 1.17938 | Size: 100000
[2026-02-26T10:10:04.525Z] [GBPUSD] New bar: 20260226 10:05:00 | O:1.35264 H:1.35276 L:1.35238 C:1.35242
[2026-02-26T10:10:04.595Z] [USDJPY] New bar: 20260226 10:05:00 | O:156.06300 H:156.07700 L:156.04750 C:156.06300
[2026-02-26T10:10:04.617Z] [EURUSD] New bar: 20260226 10:05:00 | O:1.17967 H:1.17974 L:1.17959 C:1.17965
[2026-02-26T10:10:04.638Z] [EURUSD_GPT5] New bar: 20260226 10:05:00 | O:1.17967 H:1.17974 L:1.17959 C:1.17965
[2026-02-26T10:10:04.807Z] [EURUSD_GPT5] Calling AI agents for trade decision...
   [DIRECTION] Analyzing market structure...
   [DIRECTION] UNCLEAR (LOW clarity)
   [DIRECTION] Readability: MESSY
   [DIRECTION] Wait for clarity. If price reclaims and holds back above 1.18025 (acceptance bac...
   [DIRECTION] No clear direction - will assess both sides
   [CONFIDENCE] Assessing setup quality...
[EXECUTOR STDERR] [ERROR] 326: Unable to connect as the client id is already in use. Retry with a unique client id.
[2026-02-26T10:10:15.022Z] [USDJPY] [REAL] Position closed by bracket order - TP
[2026-02-26T10:10:15.022Z] [USDJPY] [REAL] Closing position...
[EXECUTOR] Closing position for USD/JPY
[EXECUTOR STDERR] [ERROR] 326: Unable to connect as the client id is already in use. Retry with a unique client id.
[2026-02-26T10:10:15.560Z] [EURUSD] [REAL] Position closed by bracket order - TP
[2026-02-26T10:10:15.560Z] [EURUSD] [REAL] Closing position...
[EXECUTOR] Closing position for EUR/USD
   [CONFIDENCE] Probability: 38%
   [CONFIDENCE] Coherence: INCOHERENT | Sizing: SKIP
   [CONFIDENCE] The market is not telling a clean long story. Structure is down with bearish mom...
   [LEVELS] Determining entry, SL, TP...
[EXECUTOR] Position closed at 156.075
[2026-02-26T10:10:16.876Z] [USDJPY] [REAL] Position closed at 156.075
[2026-02-26T10:10:16.876Z] [USDJPY] CLOSED LONG | TP @ 156.075 | R: 0.05 | Weighted: 0.02
[2026-02-26T10:10:16.876Z] [USDJPY] Bars in trade: 3 | Max favorable: 0.01500 | Max adverse: 0.03150
[2026-02-26T10:10:16.877Z] [USDJPY] [REAL P&L] Gross: $600.00 | Commission: $4.00 | Net: $596.00
[2026-02-26T10:10:19.202Z] [USDJPY] Analysis: GOOD - The trade was successful as the price moved favorably from the entry point of 156.069 to the exit pr...
[2026-02-26T10:10:19.205Z] Results saved (55 total trades)
[2026-02-26T10:10:19.207Z] Global trades saved (153 total trades)
   [LEVELS] Entry: 1.18028 (LIMIT)
   [LEVELS] SL: 1.17958 (NORMAL)
   [LEVELS] TP: 1.18125 | Path: SOME_OBSTACLES | RR: 1.39
[2026-02-26T10:10:24.927Z] [EURUSD_GPT5] AI says WAIT: Confidence agent recommends SKIP: The market is not telling a clean long story. Structure is down wi...
[EXECUTOR STDERR] [ERROR] 326: Unable to connect as the client id is already in use. Retry with a unique client id.
[EXECUTOR] Close failed: Failed to connect to TWS/IB Gateway
[2026-02-26T10:10:25.988Z] [EURUSD] [REAL] Close result: {"error":"Failed to connect to TWS/IB Gateway"}
[2026-02-26T10:10:25.989Z] [EURUSD] CLOSED SHORT | TP @ 1.179645 | R: 0.01 | Weighted: 0.00
[2026-02-26T10:10:25.989Z] [EURUSD] Bars in trade: 1 | Max favorable: 0.00007 | Max adverse: 0.00008
[2026-02-26T10:10:25.989Z] [EURUSD] [REAL P&L] Gross: $1.50 | Commission: $4.00 | Net: $-2.50
[2026-02-26T10:10:27.927Z] [EURUSD] Analysis: GOOD - The trade was successful as the market structure was bearish (-1), indicating a downward trend. The ...
[2026-02-26T10:10:27.929Z] Results saved (56 total trades)
[2026-02-26T10:10:27.932Z] Global trades saved (154 total trades)
[2026-02-26T10:15:03.929Z] [EURUSD] New bar: 20260226 10:10:00 | O:1.17965 H:1.17994 L:1.17959 C:1.17979
[2026-02-26T10:15:04.063Z] [EURUSD] Calling AI agents for trade decision...
   [DIRECTION] Analyzing market structure...
[2026-02-26T10:15:04.064Z] [EURUSD_GPT5] New bar: 20260226 10:10:00 | O:1.17965 H:1.17994 L:1.17959 C:1.17979
[2026-02-26T10:15:04.206Z] [EURUSD_GPT5] Calling AI agents for trade decision...
   [DIRECTION] Analyzing market structure...
[2026-02-26T10:15:04.207Z] [USDJPY] New bar: 20260226 10:10:00 | O:156.06300 H:156.09700 L:156.06150 C:156.07450
[2026-02-26T10:15:04.349Z] [USDJPY] Calling AI agents for trade decision...
   [DIRECTION] Analyzing market structure...
[2026-02-26T10:15:04.525Z] [GBPUSD] New bar: 20260226 10:10:00 | O:1.35242 H:1.35273 L:1.35241 C:1.35265
   [DIRECTION] NEUTRAL (MEDIUM)
   [DIRECTION] No clear trade; wait for breakout above resistance or below support....
   [DIRECTION] No clear direction - will assess both sides
   [CONFIDENCE] Assessing setup quality...
   [DIRECTION] BEARISH (MEDIUM)
   [DIRECTION] Consider shorting near the resistance level at 1.18217, targeting the support le...
   [CONFIDENCE] Assessing setup quality...
   [CONFIDENCE] Probability: 45%
   [CONFIDENCE] MARGINAL: LOW conviction - size accordingly...
   [LEVELS] Determining entry, SL, TP...
   [DIRECTION] UNCLEAR (LOW clarity)
   [DIRECTION] Readability: MESSY
   [DIRECTION] Wait for clarity. If price reclaims and holds back above 1.18025 with a clean 5m...
   [DIRECTION] No clear direction - will assess both sides
   [CONFIDENCE] Assessing setup quality...
   [LEVELS] Entry: 156.02900 (LIMIT)
   [LEVELS] SL: 155.91850 | TP: 156.16740 | RR: 2.40
[2026-02-26T10:15:16.602Z] [USDJPY] SIGNAL: LONG | Entry: 156.029 | SL: 155.9185 | TP: 156.1674 | Risk: 0.505
[2026-02-26T10:15:16.603Z] [USDJPY] Reasoning: Dir: No clear trade; wait for breakout above resistance | Conf: This probability reflects a low confidence setup d...
[2026-02-26T10:15:16.603Z] [USDJPY] [REAL] Placing LONG order for 100000 units...
[EXECUTOR] Entering LONG 100000 USD/JPY TP=156.1674 SL=155.9185
   [CONFIDENCE] Probability: 55%
   [CONFIDENCE] MARGINAL: Consider shorting with reduced size due to proximity to supp...
   [LEVELS] Determining entry, SL, TP...
   [CONFIDENCE] Probability: 41%
   [CONFIDENCE] Coherence: INCOHERENT | Sizing: MINIMAL
   [CONFIDENCE] The market is not telling a clear long story. Structure and momentum lean bearis...
   [LEVELS] Determining entry, SL, TP...
[EXECUTOR STDERR] [ERROR] 110: The price does not conform to the minimum price variation for this contract.
[ERROR] 110: The price does not conform to the minimum price variation for this contract.
[EXECUTOR] Entry filled at 156.053
[2026-02-26T10:15:18.036Z] [USDJPY] [REAL] Order filled at 156.053 (TP order: 207, SL order: 208)
[2026-02-26T10:15:18.036Z] [USDJPY] ENTERED LONG @ 156.053 | SL: 155.9185 | TP: 156.1674 | Size: 100000
   [LEVELS] Entry: 1.18015 (LIMIT)
   [LEVELS] SL: 1.18257 | TP: 1.17952 | RR: 1.20
[2026-02-26T10:15:24.580Z] [EURUSD] SIGNAL: SHORT | Entry: 1.18015 | SL: 1.18257 | TP: 1.17952 | Risk: 0.55
[2026-02-26T10:15:24.580Z] [EURUSD] Reasoning: Dir: Consider shorting near the resistance level at 1.1 | Conf: The setup shows a bearish bias with price trading ...
[2026-02-26T10:15:24.580Z] [EURUSD] [REAL] Placing SHORT order for 100000 units...
[EXECUTOR] Entering SHORT 100000 EUR/USD TP=1.17952 SL=1.18257
[EXECUTOR] Entry filled at 1.17984
[2026-02-26T10:15:25.998Z] [EURUSD] [REAL] Order filled at 1.17984 (TP order: 210, SL order: 211)
[2026-02-26T10:15:26.006Z] [EURUSD] ENTERED SHORT @ 1.17984 | SL: 1.18257 | TP: 1.17952 | Size: 100000
   [LEVELS] Entry: 1.18028 (LIMIT)
   [LEVELS] SL: 1.17958 (NORMAL)
   [LEVELS] TP: 1.18133 | Path: SOME_OBSTACLES | RR: 1.50
[2026-02-26T10:15:26.664Z] [EURUSD_GPT5] SIGNAL: LONG | Entry: 1.18028 | SL: 1.17958 | TP: 1.18133 | Risk: 0.35
[2026-02-26T10:15:26.665Z] [EURUSD_GPT5] Reasoning: Dir: Wait for clarity. If price reclaims and holds back | Conf: The market is not telling a clear long story. Stru...
[2026-02-26T10:15:26.665Z] [EURUSD_GPT5] [REAL] Placing LONG order for 100000 units...
[EXECUTOR] Entering LONG 100000 EUR/USD TP=1.18133 SL=1.17958
[EXECUTOR] Entry filled at 1.17985
[2026-02-26T10:15:28.091Z] [EURUSD_GPT5] [REAL] Order filled at 1.17985 (TP order: 213, SL order: 214)
[2026-02-26T10:15:28.092Z] [EURUSD_GPT5] ENTERED LONG @ 1.17985 | SL: 1.17958 | TP: 1.18133 | Size: 100000
[2026-02-26T10:20:04.059Z] [EURUSD] New bar: 20260226 10:15:00 | O:1.17979 H:1.17999 L:1.17972 C:1.17976
[2026-02-26T10:20:04.150Z] [EURUSD_GPT5] New bar: 20260226 10:15:00 | O:1.17979 H:1.17999 L:1.17972 C:1.17976
[2026-02-26T10:20:04.932Z] [GBPUSD] New bar: 20260226 10:15:00 | O:1.35265 H:1.35288 L:1.35248 C:1.35254
[2026-02-26T10:20:04.952Z] [USDJPY] New bar: 20260226 10:15:00 | O:156.07450 H:156.07650 L:156.04450 C:156.07600
[EXECUTOR STDERR] [ERROR] 326: Unable to connect as the client id is already in use. Retry with a unique client id.
[2026-02-26T10:20:14.552Z] [EURUSD_GPT5] [REAL] Position closed by bracket order - TP
[2026-02-26T10:20:14.552Z] [EURUSD_GPT5] [REAL] Closing position...
[EXECUTOR] Closing position for EUR/USD
[EXECUTOR STDERR] [ERROR] 326: Unable to connect as the client id is already in use. Retry with a unique client id.
[2026-02-26T10:20:15.401Z] [GBPUSD] [REAL] Position closed by bracket order - TP
[2026-02-26T10:20:15.402Z] [GBPUSD] [REAL] Closing position...
[EXECUTOR] Closing position for GBP/USD
[EXECUTOR] Position closed at 1.1798
[2026-02-26T10:20:16.386Z] [EURUSD_GPT5] [REAL] Position closed at 1.1798
[2026-02-26T10:20:16.386Z] [EURUSD_GPT5] CLOSED LONG | TP @ 1.1798 | R: -0.19 | Weighted: -0.06
[2026-02-26T10:20:16.386Z] [EURUSD_GPT5] Bars in trade: 1 | Max favorable: 0.00013 | Max adverse: 0.00013
[2026-02-26T10:20:16.386Z] [EURUSD_GPT5] [REAL P&L] Gross: $-5.00 | Commission: $4.00 | Net: $-9.00
[2026-02-26T10:20:18.751Z] [EURUSD_GPT5] Analysis: BAD - The trade resulted in a Take Profit (TP) execution, indicating that the price moved favorably from t...
[2026-02-26T10:20:18.753Z] Results saved (57 total trades)
[2026-02-26T10:20:18.758Z] Global trades saved (155 total trades)
[EXECUTOR STDERR] [ERROR] 326: Unable to connect as the client id is already in use. Retry with a unique client id.
[EXECUTOR] Close failed: Failed to connect to TWS/IB Gateway
[2026-02-26T10:20:25.851Z] [GBPUSD] [REAL] Close result: {"error":"Failed to connect to TWS/IB Gateway"}
[2026-02-26T10:20:25.852Z] [GBPUSD] CLOSED SHORT | TP @ 1.35254 | R: 0.05 | Weighted: 0.01
[2026-02-26T10:20:25.852Z] [GBPUSD] Bars in trade: 3 | Max favorable: 0.00037 | Max adverse: 0.00013
[2026-02-26T10:20:25.852Z] [GBPUSD] [REAL P&L] Gross: $21.00 | Commission: $4.00 | Net: $17.00
[2026-02-26T10:20:28.102Z] [GBPUSD] Analysis: GOOD - The trade was successful as the market moved in favor of the short position, reaching the take profi...
[2026-02-26T10:20:28.103Z] Results saved (58 total trades)
[2026-02-26T10:20:28.106Z] Global trades saved (156 total trades)
[2026-02-26T10:25:04.391Z] [USDJPY] New bar: 20260226 10:20:00 | O:156.07600 H:156.09050 L:156.05800 C:156.08850
[2026-02-26T10:25:04.468Z] [GBPUSD] New bar: 20260226 10:20:00 | O:1.35254 H:1.35289 L:1.35251 C:1.35288
[2026-02-26T10:25:04.623Z] [GBPUSD] Calling AI agents for trade decision...
   [DIRECTION] Analyzing market structure...
[2026-02-26T10:25:04.625Z] [EURUSD] New bar: 20260226 10:20:00 | O:1.17976 H:1.17979 L:1.17959 C:1.17962
[2026-02-26T10:25:04.657Z] [EURUSD_GPT5] New bar: 20260226 10:20:00 | O:1.17976 H:1.17979 L:1.17959 C:1.17962
[2026-02-26T10:25:04.820Z] [EURUSD_GPT5] Calling AI agents for trade decision...
   [DIRECTION] Analyzing market structure...
   [DIRECTION] UNCLEAR (LOW clarity)
   [DIRECTION] Readability: MESSY
   [DIRECTION] Wait for clarity. If price reclaims and holds back above 1.18025 (acceptance abo...
   [DIRECTION] No clear direction - will assess both sides
   [CONFIDENCE] Assessing setup quality...
   [DIRECTION] BEARISH (MEDIUM)
   [DIRECTION] Consider shorting near the resistance level at 1.35621, targeting the support le...
   [CONFIDENCE] Assessing setup quality...
[EXECUTOR STDERR] [ERROR] 326: Unable to connect as the client id is already in use. Retry with a unique client id.
[2026-02-26T10:25:15.051Z] [EURUSD] [REAL] Position closed by bracket order - TP
[2026-02-26T10:25:15.052Z] [EURUSD] [REAL] Closing position...
[EXECUTOR] Closing position for EUR/USD
[EXECUTOR] Position closed at N/A
[2026-02-26T10:25:16.553Z] [EURUSD] [REAL] Position already closed (likely by TP/SL order)
[2026-02-26T10:25:16.553Z] [EURUSD] CLOSED SHORT | TP @ 1.179615 | R: 0.08 | Weighted: 0.05
[2026-02-26T10:25:16.554Z] [EURUSD] Bars in trade: 2 | Max favorable: 0.00025 | Max adverse: 0.00015
[2026-02-26T10:25:16.554Z] [EURUSD] [REAL P&L] Gross: $22.50 | Commission: $4.00 | Net: $18.50
   [CONFIDENCE] Probability: 33%
   [CONFIDENCE] Coherence: INCOHERENT | Sizing: SKIP
   [CONFIDENCE] The dominant information is bearish: price is below the EMA50, momentum is beari...
   [LEVELS] Determining entry, SL, TP...
   [CONFIDENCE] Probability: 30%
   [CONFIDENCE] UNFAVORABLE: Consider waiting for a clearer trend or a better entry point...
   [CONFIDENCE] BAD PATTERNS: RANGE: Trading in range-bound market without clear edge, SHALLOW PULLBACK: 0% retracement - no proper entry
   [LEVELS] Determining entry, SL, TP...
[2026-02-26T10:25:18.278Z] [EURUSD] Analysis: GOOD - The trade was successful as the market structure was bearish (-1), indicating a downward trend. The ...
[2026-02-26T10:25:18.280Z] Results saved (59 total trades)
[2026-02-26T10:25:18.284Z] Global trades saved (157 total trades)
   [LEVELS] Entry: 1.35300 (LIMIT)
   [LEVELS] SL: 1.35700 | TP: 1.35150 | RR: 1.40
[2026-02-26T10:25:23.820Z] [GBPUSD] SIGNAL: SHORT | Entry: 1.353 | SL: 1.357 | TP: 1.3515 | Risk: 0.3
[2026-02-26T10:25:23.820Z] [GBPUSD] Reasoning: Dir: Consider shorting near the resistance level at 1.3 | Conf: The proposed trade to short is occurring in a rang...
[2026-02-26T10:25:23.821Z] [GBPUSD] [REAL] Placing SHORT order for 100000 units...
[EXECUTOR] Entering SHORT 100000 GBP/USD TP=1.3515 SL=1.357
[EXECUTOR] Entry filled at 1.35281
[2026-02-26T10:25:25.235Z] [GBPUSD] [REAL] Order filled at 1.35281 (TP order: 217, SL order: 218)
[2026-02-26T10:25:25.236Z] [GBPUSD] ENTERED SHORT @ 1.35281 | SL: 1.357 | TP: 1.3515 | Size: 100000
   [LEVELS] Entry: 1.18030 (LIMIT)
   [LEVELS] SL: 1.17948 (NORMAL)
   [LEVELS] TP: 1.18192 | Path: SOME_OBSTACLES | RR: 1.98
[2026-02-26T10:25:26.759Z] [EURUSD_GPT5] AI says WAIT: Confidence agent recommends SKIP: The dominant information is bearish: price is below the EMA50, mom...
[2026-02-26T10:30:04.276Z] [EURUSD] New bar: 20260226 10:25:00 | O:1.17962 H:1.17973 L:1.17953 C:1.17973
[2026-02-26T10:30:04.411Z] [EURUSD] Calling AI agents for trade decision...
   [DIRECTION] Analyzing market structure...
[2026-02-26T10:30:04.412Z] [EURUSD_GPT5] New bar: 20260226 10:25:00 | O:1.17962 H:1.17973 L:1.17953 C:1.17973
[2026-02-26T10:30:04.560Z] [EURUSD_GPT5] Calling AI agents for trade decision...
   [DIRECTION] Analyzing market structure...
[2026-02-26T10:30:04.562Z] [GBPUSD] New bar: 20260226 10:25:00 | O:1.35288 H:1.35310 L:1.35279 C:1.35293
[2026-02-26T10:30:04.634Z] [USDJPY] New bar: 20260226 10:25:00 | O:156.08850 H:156.10250 L:156.07350 C:156.07850
   [DIRECTION] BEARISH (MEDIUM)
   [DIRECTION] Consider shorting near the resistance level at 1.18217, targeting the support le...
   [CONFIDENCE] Assessing setup quality...
   [DIRECTION] UNCLEAR (LOW clarity)
   [DIRECTION] Readability: MESSY
   [DIRECTION] Wait for clarity. If price can reclaim and hold above 1.18025 (support) and star...
   [DIRECTION] No clear direction - will assess both sides
   [CONFIDENCE] Assessing setup quality...
   [CONFIDENCE] Probability: 55%
   [CONFIDENCE] MARGINAL: Consider proceeding with reduced size due to low volatility ...
   [LEVELS] Determining entry, SL, TP...
[EXECUTOR STDERR] [ERROR] 326: Unable to connect as the client id is already in use. Retry with a unique client id.
[2026-02-26T10:30:14.985Z] [USDJPY] [REAL] Position closed by bracket order - TP
[2026-02-26T10:30:14.985Z] [USDJPY] [REAL] Closing position...
[EXECUTOR] Closing position for USD/JPY
[EXECUTOR] Position closed at 156.074
[2026-02-26T10:30:16.879Z] [USDJPY] [REAL] Position closed at 156.074
[2026-02-26T10:30:16.880Z] [USDJPY] CLOSED LONG | TP @ 156.074 | R: 0.16 | Weighted: 0.08
[2026-02-26T10:30:16.880Z] [USDJPY] Bars in trade: 3 | Max favorable: 0.04950 | Max adverse: 0.00850
[2026-02-26T10:30:16.881Z] [USDJPY] [REAL P&L] Gross: $2100.00 | Commission: $4.00 | Net: $2096.00
[2026-02-26T10:30:18.755Z] [USDJPY] Analysis: GOOD - The trade was successful as the price moved favorably from the entry point of 156.053 to the exit pr...
[2026-02-26T10:30:18.756Z] Results saved (60 total trades)
[2026-02-26T10:30:18.759Z] Global trades saved (158 total trades)
   [LEVELS] Entry: 1.18010 (LIMIT)
   [LEVELS] SL: 1.18250 | TP: 1.17850 | RR: 1.50
[2026-02-26T10:30:19.468Z] [EURUSD] SIGNAL: SHORT | Entry: 1.1801 | SL: 1.1825 | TP: 1.1785 | Risk: 0.55
[2026-02-26T10:30:19.469Z] [EURUSD] Reasoning: Dir: Consider shorting near the resistance level at 1.1 | Conf: The setup has a bearish bias with the price below ...
[2026-02-26T10:30:19.470Z] [EURUSD] [REAL] Placing SHORT order for 100000 units...
[EXECUTOR] Entering SHORT 100000 EUR/USD TP=1.1785 SL=1.1825
   [CONFIDENCE] Probability: 41%
   [CONFIDENCE] Coherence: INCOHERENT | Sizing: MINIMAL
   [CONFIDENCE] This market is not telling one clean story in favor of LONG. Structure is down a...
   [LEVELS] Determining entry, SL, TP...
[EXECUTOR] Entry filled at 1.17969
[2026-02-26T10:30:20.905Z] [EURUSD] [REAL] Order filled at 1.17969 (TP order: 221, SL order: 222)
[2026-02-26T10:30:20.905Z] [EURUSD] ENTERED SHORT @ 1.17969 | SL: 1.1825 | TP: 1.1785 | Size: 100000
   [LEVELS] Entry: 1.17975 (LIMIT)
   [LEVELS] SL: 1.17946 (TIGHT)
   [LEVELS] TP: 1.18014 | Path: SOME_OBSTACLES | RR: 1.34
[2026-02-26T10:30:31.611Z] [EURUSD_GPT5] SIGNAL: LONG | Entry: 1.17975 | SL: 1.17946 | TP: 1.18014 | Risk: 0.35
[2026-02-26T10:30:31.612Z] [EURUSD_GPT5] Reasoning: Dir: Wait for clarity. If price can reclaim and hold ab | Conf: This market is not telling one clean story in favo...
[2026-02-26T10:30:31.613Z] [EURUSD_GPT5] [REAL] Placing LONG order for 100000 units...
[EXECUTOR] Entering LONG 100000 EUR/USD TP=1.18014 SL=1.17946
[EXECUTOR] Entry filled at 1.1797
[2026-02-26T10:30:33.032Z] [EURUSD_GPT5] [REAL] Order filled at 1.1797 (TP order: 224, SL order: 225)
[2026-02-26T10:30:33.032Z] [EURUSD_GPT5] ENTERED LONG @ 1.1797 | SL: 1.17946 | TP: 1.18014 | Size: 100000
[2026-02-26T10:35:04.596Z] [GBPUSD] New bar: 20260226 10:30:00 | O:1.35293 H:1.35297 L:1.35261 C:1.35275
[2026-02-26T10:35:04.663Z] [USDJPY] New bar: 20260226 10:30:00 | O:156.07850 H:156.09350 L:156.05250 C:156.06150
[2026-02-26T10:35:04.804Z] [USDJPY] Calling AI agents for trade decision...
   [DIRECTION] Analyzing market structure...
[2026-02-26T10:35:04.804Z] [EURUSD] New bar: 20260226 10:30:00 | O:1.17973 H:1.17975 L:1.17951 C:1.17954
[2026-02-26T10:35:04.823Z] [EURUSD_GPT5] New bar: 20260226 10:30:00 | O:1.17973 H:1.17975 L:1.17951 C:1.17954
   [DIRECTION] NEUTRAL (HIGH)
   [DIRECTION] No clear trade; wait for breakout above resistance or below support for directio...
   [DIRECTION] No clear direction - will assess both sides
   [CONFIDENCE] Assessing setup quality...
[EXECUTOR STDERR] [ERROR] 326: Unable to connect as the client id is already in use. Retry with a unique client id.
[2026-02-26T10:35:15.230Z] [EURUSD] [REAL] Position closed by bracket order - TP
[2026-02-26T10:35:15.230Z] [EURUSD] [REAL] Closing position...
[EXECUTOR] Closing position for EUR/USD
   [CONFIDENCE] Probability: 45%
   [CONFIDENCE] MARGINAL: LOW conviction - size accordingly...
   [LEVELS] Determining entry, SL, TP...
[EXECUTOR STDERR] [ERROR] 326: Unable to connect as the client id is already in use. Retry with a unique client id.
[2026-02-26T10:35:15.747Z] [EURUSD_GPT5] [REAL] Position closed by bracket order - TP
[2026-02-26T10:35:15.748Z] [EURUSD_GPT5] [REAL] Closing position...
[EXECUTOR] Closing position for EUR/USD
[EXECUTOR] Position closed at 1.17954
[2026-02-26T10:35:17.092Z] [EURUSD] [REAL] Position closed at 1.17954
[2026-02-26T10:35:17.093Z] [EURUSD] CLOSED SHORT | TP @ 1.17954 | R: 0.05 | Weighted: 0.03
[2026-02-26T10:35:17.093Z] [EURUSD] Bars in trade: 1 | Max favorable: 0.00018 | Max adverse: 0.00006
[2026-02-26T10:35:17.093Z] [EURUSD] [REAL P&L] Gross: $15.00 | Commission: $4.00 | Net: $11.00
[2026-02-26T10:35:18.701Z] [EURUSD] Analysis: GOOD - The trade was successful as the market structure was bearish (-1), indicating a downward trend. The ...
[2026-02-26T10:35:18.704Z] Results saved (61 total trades)
[2026-02-26T10:35:18.710Z] Global trades saved (159 total trades)
   [LEVELS] Entry: 156.03400 (LIMIT)
   [LEVELS] SL: 155.91950 | TP: 156.16740 | RR: 1.50
[2026-02-26T10:35:19.832Z] [USDJPY] SIGNAL: LONG | Entry: 156.034 | SL: 155.9195 | TP: 156.1674 | Risk: 0.505
[2026-02-26T10:35:19.832Z] [USDJPY] Reasoning: Dir: No clear trade; wait for breakout above resistance | Conf: This probability reflects the lack of a clear tren...
[2026-02-26T10:35:19.833Z] [USDJPY] [REAL] Placing LONG order for 100000 units...
[EXECUTOR] Entering LONG 100000 USD/JPY TP=156.1674 SL=155.9195
[EXECUTOR STDERR] [ERROR] 110: The price does not conform to the minimum price variation for this contract.
[ERROR] 110: The price does not conform to the minimum price variation for this contract.
[EXECUTOR] Entry filled at 156.062
[2026-02-26T10:35:21.202Z] [USDJPY] [REAL] Order filled at 156.062 (TP order: 228, SL order: 229)
[2026-02-26T10:35:21.203Z] [USDJPY] ENTERED LONG @ 156.062 | SL: 155.9195 | TP: 156.1674 | Size: 100000
[EXECUTOR STDERR] [ERROR] 326: Unable to connect as the client id is already in use. Retry with a unique client id.
[EXECUTOR] Close failed: Failed to connect to TWS/IB Gateway
[2026-02-26T10:35:26.173Z] [EURUSD_GPT5] [REAL] Close result: {"error":"Failed to connect to TWS/IB Gateway"}
[2026-02-26T10:35:26.173Z] [EURUSD_GPT5] CLOSED LONG | TP @ 1.179535 | R: -0.69 | Weighted: -0.24
[2026-02-26T10:35:26.174Z] [EURUSD_GPT5] Bars in trade: 1 | Max favorable: 0.00005 | Max adverse: 0.00019
[2026-02-26T10:35:26.174Z] [EURUSD_GPT5] [REAL P&L] Gross: $-16.50 | Commission: $4.00 | Net: $-20.50
[2026-02-26T10:35:28.882Z] [EURUSD_GPT5] Analysis: NEUTRAL - The trade won as the price moved above the entry point of 1.1797 to reach the take profit level of 1...
[2026-02-26T10:35:28.885Z] Results saved (62 total trades)
[2026-02-26T10:35:28.886Z] Global trades saved (160 total trades)
[2026-02-26T10:40:04.215Z] [EURUSD] New bar: 20260226 10:35:00 | O:1.17954 H:1.17975 L:1.17952 C:1.17974
[2026-02-26T10:40:04.352Z] [EURUSD] Calling AI agents for trade decision...
   [DIRECTION] Analyzing market structure...
[2026-02-26T10:40:04.353Z] [EURUSD_GPT5] New bar: 20260226 10:35:00 | O:1.17954 H:1.17975 L:1.17952 C:1.17974
[2026-02-26T10:40:04.570Z] [EURUSD_GPT5] Calling AI agents for trade decision...
   [DIRECTION] Analyzing market structure...
[2026-02-26T10:40:04.573Z] [USDJPY] New bar: 20260226 10:35:00 | O:156.06150 H:156.06350 L:156.02900 C:156.03650
[2026-02-26T10:40:04.666Z] [GBPUSD] New bar: 20260226 10:35:00 | O:1.35275 H:1.35349 L:1.35274 C:1.35346
   [DIRECTION] BEARISH (MEDIUM)
   [DIRECTION] Consider shorting near the resistance level at 1.18217, targeting the support at...
   [CONFIDENCE] Assessing setup quality...
   [DIRECTION] UNCLEAR (LOW clarity)
   [DIRECTION] Readability: MESSY
   [DIRECTION] Wait for clarity. The only actionable read would come at the session low/support...
   [DIRECTION] No clear direction - will assess both sides
   [CONFIDENCE] Assessing setup quality...
[EXECUTOR STDERR] [ERROR] 326: Unable to connect as the client id is already in use. Retry with a unique client id.
[2026-02-26T10:40:15.028Z] [GBPUSD] [REAL] Position closed by bracket order - TP
[2026-02-26T10:40:15.029Z] [GBPUSD] [REAL] Closing position...
[EXECUTOR] Closing position for GBP/USD
[EXECUTOR] Position closed at 1.35333
[2026-02-26T10:40:16.911Z] [GBPUSD] [REAL] Position closed at 1.35333
[2026-02-26T10:40:16.912Z] [GBPUSD] CLOSED SHORT | TP @ 1.35333 | R: -0.12 | Weighted: -0.04
[2026-02-26T10:40:16.912Z] [GBPUSD] Bars in trade: 3 | Max favorable: 0.00021 | Max adverse: 0.00067
[2026-02-26T10:40:16.913Z] [GBPUSD] [REAL P&L] Gross: $-52.00 | Commission: $4.00 | Net: $-56.00
   [CONFIDENCE] Probability: 41%
   [CONFIDENCE] Coherence: INCOHERENT | Sizing: MINIMAL
   [CONFIDENCE] The clearest story here is not bullish: price is below the EMA50 and the EMA slo...
   [LEVELS] Determining entry, SL, TP...
   [CONFIDENCE] Probability: 55%
   [CONFIDENCE] MARGINAL: Consider proceeding with reduced size due to low volatility ...
   [LEVELS] Determining entry, SL, TP...
[2026-02-26T10:40:18.831Z] [GBPUSD] Analysis: GOOD - The trade was a short position on GBPUSD, which was successful as the price moved towards the take p...
[2026-02-26T10:40:18.833Z] Results saved (63 total trades)
[2026-02-26T10:40:18.836Z] Global trades saved (161 total trades)
   [LEVELS] Entry: 1.18010 (LIMIT)
   [LEVELS] SL: 1.18247 | TP: 1.17950 | RR: 1.50
[2026-02-26T10:40:23.294Z] [EURUSD] SIGNAL: SHORT | Entry: 1.1801 | SL: 1.18247 | TP: 1.1795 | Risk: 0.55
[2026-02-26T10:40:23.295Z] [EURUSD] Reasoning: Dir: Consider shorting near the resistance level at 1.1 | Conf: The setup shows a bearish bias with the price belo...
[2026-02-26T10:40:23.295Z] [EURUSD] [REAL] Placing SHORT order for 100000 units...
[EXECUTOR] Entering SHORT 100000 EUR/USD TP=1.1795 SL=1.18247
[EXECUTOR] Entry filled at 1.17971
[2026-02-26T10:40:24.717Z] [EURUSD] [REAL] Order filled at 1.17971 (TP order: 232, SL order: 233)
[2026-02-26T10:40:24.717Z] [EURUSD] ENTERED SHORT @ 1.17971 | SL: 1.18247 | TP: 1.1795 | Size: 100000
   [LEVELS] Entry: 1.17962 (LIMIT)
   [LEVELS] SL: 1.17938 (TIGHT)
   [LEVELS] TP: 1.18000 | Path: SOME_OBSTACLES | RR: 1.58
[2026-02-26T10:40:27.406Z] [EURUSD_GPT5] SIGNAL: LONG | Entry: 1.17962 | SL: 1.17938 | TP: 1.18 | Risk: 0.35
[2026-02-26T10:40:27.406Z] [EURUSD_GPT5] Reasoning: Dir: Wait for clarity. The only actionable read would c | Conf: The clearest story here is not bullish: price is b...
[2026-02-26T10:40:27.406Z] [EURUSD_GPT5] [REAL] Placing LONG order for 100000 units...
[EXECUTOR] Entering LONG 100000 EUR/USD TP=1.18 SL=1.17938
[EXECUTOR] Entry filled at 1.17974
[2026-02-26T10:40:28.819Z] [EURUSD_GPT5] [REAL] Order filled at 1.17974 (TP order: 235, SL order: 236)
[2026-02-26T10:40:28.820Z] [EURUSD_GPT5] ENTERED LONG @ 1.17974 | SL: 1.17938 | TP: 1.18 | Size: 100000
[2026-02-26T10:45:04.537Z] [GBPUSD] New bar: 20260226 10:40:00 | O:1.35346 H:1.35346 L:1.35315 C:1.35317
[2026-02-26T10:45:04.741Z] [GBPUSD] Calling AI agents for trade decision...
   [DIRECTION] Analyzing market structure...
[2026-02-26T10:45:04.742Z] [USDJPY] New bar: 20260226 10:40:00 | O:156.03650 H:156.04400 L:156.00100 C:156.01750
[2026-02-26T10:45:04.810Z] [EURUSD] New bar: 20260226 10:40:00 | O:1.17974 H:1.17977 L:1.17945 C:1.17948
[2026-02-26T10:45:04.830Z] [EURUSD_GPT5] New bar: 20260226 10:40:00 | O:1.17974 H:1.17977 L:1.17945 C:1.17948
   [DIRECTION] BEARISH (MEDIUM)
   [DIRECTION] Consider shorting near resistance at 1.35621, targeting the support level at 1.3...
   [CONFIDENCE] Assessing setup quality...
[EXECUTOR STDERR] [ERROR] 326: Unable to connect as the client id is already in use. Retry with a unique client id.
[2026-02-26T10:45:15.262Z] [EURUSD] [REAL] Position closed by bracket order - TP
[2026-02-26T10:45:15.262Z] [EURUSD] [REAL] Closing position...
[EXECUTOR] Closing position for EUR/USD
[EXECUTOR STDERR] [ERROR] 326: Unable to connect as the client id is already in use. Retry with a unique client id.
[2026-02-26T10:45:15.800Z] [EURUSD_GPT5] [REAL] Position closed by bracket order - TP
[2026-02-26T10:45:15.801Z] [EURUSD_GPT5] [REAL] Closing position...
[EXECUTOR] Closing position for EUR/USD
[EXECUTOR] Position closed at 1.17952
[2026-02-26T10:45:17.109Z] [EURUSD] [REAL] Position closed at 1.17952
[2026-02-26T10:45:17.109Z] [EURUSD] CLOSED SHORT | TP @ 1.17952 | R: 0.07 | Weighted: 0.04
[2026-02-26T10:45:17.110Z] [EURUSD] Bars in trade: 1 | Max favorable: 0.00026 | Max adverse: 0.00006
[2026-02-26T10:45:17.110Z] [EURUSD] [REAL P&L] Gross: $19.00 | Commission: $4.00 | Net: $15.00
   [CONFIDENCE] Probability: 30%
   [CONFIDENCE] MARGINAL: Consider waiting for a clearer breakout below the support le...
   [CONFIDENCE] BAD PATTERNS: RANGE: Trading in range-bound market without clear edge
   [LEVELS] Determining entry, SL, TP...
[2026-02-26T10:45:19.637Z] [EURUSD] Analysis: GOOD - The trade was successful because the market structure was bearish (-1), indicating a downward trend....
[2026-02-26T10:45:19.639Z] Results saved (64 total trades)
[2026-02-26T10:45:19.643Z] Global trades saved (162 total trades)
   [LEVELS] Entry: 1.35350 (LIMIT)
   [LEVELS] SL: 1.35675 | TP: 1.35200 | RR: 1.50
[2026-02-26T10:45:25.371Z] [GBPUSD] SIGNAL: SHORT | Entry: 1.3535 | SL: 1.35675 | TP: 1.352 | Risk: 0.3
[2026-02-26T10:45:25.371Z] [GBPUSD] Reasoning: Dir: Consider shorting near resistance at 1.35621, targ | Conf: The proposed trade has a mixed setup. While it ali...
[2026-02-26T10:45:25.371Z] [GBPUSD] [REAL] Placing SHORT order for 100000 units...
[EXECUTOR] Entering SHORT 100000 GBP/USD TP=1.352 SL=1.35675
[EXECUTOR STDERR] [ERROR] 326: Unable to connect as the client id is already in use. Retry with a unique client id.
[EXECUTOR] Close failed: Failed to connect to TWS/IB Gateway
[2026-02-26T10:45:26.122Z] [EURUSD_GPT5] [REAL] Close result: {"error":"Failed to connect to TWS/IB Gateway"}
[2026-02-26T10:45:26.122Z] [EURUSD_GPT5] CLOSED LONG | TP @ 1.179475 | R: -0.74 | Weighted: -0.26
[2026-02-26T10:45:26.123Z] [EURUSD_GPT5] Bars in trade: 1 | Max favorable: 0.00003 | Max adverse: 0.00029
[2026-02-26T10:45:26.123Z] [EURUSD_GPT5] [REAL P&L] Gross: $-26.50 | Commission: $4.00 | Net: $-30.50
[EXECUTOR] Entry filled at 1.35317
[2026-02-26T10:45:26.701Z] [GBPUSD] [REAL] Order filled at 1.35317 (TP order: 239, SL order: 240)
[2026-02-26T10:45:26.701Z] [GBPUSD] ENTERED SHORT @ 1.35317 | SL: 1.35675 | TP: 1.352 | Size: 100000
[2026-02-26T10:45:28.146Z] [EURUSD_GPT5] Analysis: NEUTRAL - The trade won as the price reached the take profit level of 1.18. However, the exit price was slight...
[2026-02-26T10:45:28.148Z] Results saved (65 total trades)
[2026-02-26T10:45:28.151Z] Global trades saved (163 total trades)
[2026-02-26T10:50:03.997Z] [EURUSD] New bar: 20260226 10:45:00 | O:1.17948 H:1.17973 L:1.17942 C:1.17943
[2026-02-26T10:50:04.141Z] [EURUSD] Calling AI agents for trade decision...
   [DIRECTION] Analyzing market structure...
[2026-02-26T10:50:04.142Z] [EURUSD_GPT5] New bar: 20260226 10:45:00 | O:1.17948 H:1.17973 L:1.17942 C:1.17943
[2026-02-26T10:50:04.281Z] [EURUSD_GPT5] Calling AI agents for trade decision...
   [DIRECTION] Analyzing market structure...
[2026-02-26T10:50:04.395Z] [GBPUSD] New bar: 20260226 10:45:00 | O:1.35317 H:1.35343 L:1.35315 C:1.35327
[2026-02-26T10:50:04.467Z] [USDJPY] New bar: 20260226 10:45:00 | O:156.01750 H:156.03100 L:155.99450 C:156.01200
   [DIRECTION] BEARISH (MEDIUM)
   [DIRECTION] Consider shorting at current price levels (1.17943) with a target towards the su...
   [CONFIDENCE] Assessing setup quality...
   [DIRECTION] UNCLEAR (LOW clarity)
   [DIRECTION] Readability: MESSY
   [DIRECTION] Wait for clarity. If price reclaims and holds above 1.18025 and starts printing ...
   [DIRECTION] No clear direction - will assess both sides
   [CONFIDENCE] Assessing setup quality...
[EXECUTOR STDERR] [ERROR] 326: Unable to connect as the client id is already in use. Retry with a unique client id.
[2026-02-26T10:50:14.929Z] [USDJPY] [REAL] Position closed by bracket order - TP
[2026-02-26T10:50:14.930Z] [USDJPY] [REAL] Closing position...
[EXECUTOR] Closing position for USD/JPY
   [CONFIDENCE] Probability: 55%
   [CONFIDENCE] MARGINAL: Consider proceeding with reduced size due to potential bounc...
   [LEVELS] Determining entry, SL, TP...
[EXECUTOR] Position closed at 156.014
[2026-02-26T10:50:16.837Z] [USDJPY] [REAL] Position closed at 156.014
[2026-02-26T10:50:16.837Z] [USDJPY] CLOSED LONG | TP @ 156.014 | R: -0.34 | Weighted: -0.17
[2026-02-26T10:50:16.838Z] [USDJPY] Bars in trade: 3 | Max favorable: 0.00150 | Max adverse: 0.06750
[2026-02-26T10:50:16.838Z] [USDJPY] [REAL P&L] Gross: $-4800.00 | Commission: $4.00 | Net: $-4804.00
[2026-02-26T10:50:20.023Z] [USDJPY] Analysis: BAD - The trade was set up with a long position on USDJPY, aiming for a small profit target. However, the ...
[2026-02-26T10:50:20.026Z] Results saved (66 total trades)
[2026-02-26T10:50:20.028Z] Global trades saved (164 total trades)
   [CONFIDENCE] Probability: 38%
   [CONFIDENCE] Coherence: INCOHERENT | Sizing: SKIP
   [CONFIDENCE] This does not read like a clean long environment. Structure is pointing down, pr...
   [LEVELS] Determining entry, SL, TP...
   [LEVELS] Entry: 1.18000 (LIMIT)
   [LEVELS] SL: 1.18257 | TP: 1.17874 | RR: 1.00
[2026-02-26T10:50:23.247Z] [EURUSD] SIGNAL: SHORT | Entry: 1.18 | SL: 1.18257 | TP: 1.17874 | Risk: 0.55
[2026-02-26T10:50:23.247Z] [EURUSD] Reasoning: Dir: Consider shorting at current price levels (1.17943 | Conf: The setup shows a bearish bias with the price belo...
[2026-02-26T10:50:23.248Z] [EURUSD] [REAL] Placing SHORT order for 100000 units...
[EXECUTOR] Entering SHORT 100000 EUR/USD TP=1.17874 SL=1.18257
[EXECUTOR] Entry filled at 1.17937
[2026-02-26T10:50:24.680Z] [EURUSD] [REAL] Order filled at 1.17937 (TP order: 243, SL order: 244)
[2026-02-26T10:50:24.680Z] [EURUSD] ENTERED SHORT @ 1.17937 | SL: 1.18257 | TP: 1.17874 | Size: 100000
   [LEVELS] Entry: 1.18028 (LIMIT)
   [LEVELS] SL: 1.17972 (NORMAL)
   [LEVELS] TP: 1.18110 | Path: SOME_OBSTACLES | RR: 1.46
[2026-02-26T10:50:28.981Z] [EURUSD_GPT5] AI says WAIT: Confidence agent recommends SKIP: This does not read like a clean long environment. Structure is poi...
[2026-02-26T10:55:03.859Z] [USDJPY] New bar: 20260226 10:50:00 | O:156.01200 H:156.02700 L:155.95450 C:155.96900
[2026-02-26T10:55:04.001Z] [USDJPY] Calling AI agents for trade decision...
   [DIRECTION] Analyzing market structure...
[2026-02-26T10:55:04.003Z] [EURUSD] New bar: 20260226 10:50:00 | O:1.17943 H:1.17972 L:1.17934 C:1.17963
[2026-02-26T10:55:04.067Z] [EURUSD_GPT5] New bar: 20260226 10:50:00 | O:1.17943 H:1.17972 L:1.17934 C:1.17963
[2026-02-26T10:55:04.222Z] [EURUSD_GPT5] Calling AI agents for trade decision...
   [DIRECTION] Analyzing market structure...
[2026-02-26T10:55:04.538Z] [GBPUSD] New bar: 20260226 10:50:00 | O:1.35327 H:1.35346 L:1.35312 C:1.35345
   [DIRECTION] NEUTRAL (HIGH)
   [DIRECTION] No clear trade; wait for breakout above resistance or below support for directio...
   [DIRECTION] No clear direction - will assess both sides
   [CONFIDENCE] Assessing setup quality...
   [DIRECTION] UNCLEAR (LOW clarity)
   [DIRECTION] Readability: MESSY
   [DIRECTION] Wait for clarity. If price reclaims and holds above 1.18025 and starts printing ...
   [DIRECTION] No clear direction - will assess both sides
   [CONFIDENCE] Assessing setup quality...
   [CONFIDENCE] Probability: 45%
   [CONFIDENCE] MARGINAL: LOW conviction - size accordingly...
   [LEVELS] Determining entry, SL, TP...
[EXECUTOR STDERR] [ERROR] 326: Unable to connect as the client id is already in use. Retry with a unique client id.
[2026-02-26T10:55:14.879Z] [GBPUSD] [REAL] Position closed by bracket order - TP
[2026-02-26T10:55:14.887Z] [GBPUSD] [REAL] Closing position...
[EXECUTOR] Closing position for GBP/USD
[EXECUTOR] Position closed at 1.35342
[2026-02-26T10:55:16.773Z] [GBPUSD] [REAL] Position closed at 1.35342
[2026-02-26T10:55:16.774Z] [GBPUSD] CLOSED SHORT | TP @ 1.35342 | R: -0.07 | Weighted: -0.02
[2026-02-26T10:55:16.774Z] [GBPUSD] Bars in trade: 2 | Max favorable: 0.00005 | Max adverse: 0.00029
[2026-02-26T10:55:16.774Z] [GBPUSD] [REAL P&L] Gross: $-25.00 | Commission: $4.00 | Net: $-29.00
   [CONFIDENCE] Probability: 38%
   [CONFIDENCE] Coherence: INCOHERENT | Sizing: SKIP
   [CONFIDENCE] The market is not telling a clear LONG story. Structure is pointing down while t...
   [LEVELS] Determining entry, SL, TP...
[2026-02-26T10:55:19.416Z] [GBPUSD] Analysis: GOOD - The trade was executed during the London session when market volatility was relatively low, as indic...
[2026-02-26T10:55:19.422Z] Results saved (67 total trades)
[2026-02-26T10:55:19.425Z] Global trades saved (165 total trades)
   [LEVELS] Entry: 155.91950 (LIMIT)
   [LEVELS] SL: 155.87979 | TP: 156.16740 | RR: 1.25
[2026-02-26T10:55:19.981Z] [USDJPY] SIGNAL: LONG | Entry: 155.9195 | SL: 155.87979 | TP: 156.1674 | Risk: 0.505
[2026-02-26T10:55:19.982Z] [USDJPY] Reasoning: Dir: No clear trade; wait for breakout above resistance | Conf: This probability is assigned due to the absence of...
[2026-02-26T10:55:19.982Z] [USDJPY] [REAL] Placing LONG order for 100000 units...
[EXECUTOR] Entering LONG 100000 USD/JPY TP=156.1674 SL=155.87979
[EXECUTOR STDERR] [ERROR] 110: The price does not conform to the minimum price variation for this contract.
[ERROR] 110: The price does not conform to the minimum price variation for this contract.
[EXECUTOR] Entry filled at 155.983
[2026-02-26T10:55:21.381Z] [USDJPY] [REAL] Order filled at 155.983 (TP order: 247, SL order: 248)
[2026-02-26T10:55:21.381Z] [USDJPY] ENTERED LONG @ 155.983 | SL: 155.87979 | TP: 156.1674 | Size: 100000
   [LEVELS] Entry: 1.18028 (LIMIT)
   [LEVELS] SL: 1.17968 (NORMAL)
   [LEVELS] TP: 1.18115 | Path: SOME_OBSTACLES | RR: 1.45
[2026-02-26T10:55:28.741Z] [EURUSD_GPT5] AI says WAIT: Confidence agent recommends SKIP: The market is not telling a clear LONG story. Structure is pointin...
[2026-02-26T11:00:03.877Z] [GBPUSD] New bar: 20260226 10:55:00 | O:1.35345 H:1.35360 L:1.35338 C:1.35354
[2026-02-26T11:00:04.011Z] [GBPUSD] Calling AI agents for trade decision...
   [DIRECTION] Analyzing market structure...
[2026-02-26T11:00:04.392Z] [USDJPY] New bar: 20260226 10:55:00 | O:155.96900 H:155.98150 L:155.95500 C:155.96200
[2026-02-26T11:00:04.478Z] [EURUSD] New bar: 20260226 10:55:00 | O:1.17963 H:1.17986 L:1.17959 C:1.17985
[2026-02-26T11:00:04.499Z] [EURUSD_GPT5] New bar: 20260226 10:55:00 | O:1.17963 H:1.17986 L:1.17959 C:1.17985
[2026-02-26T11:00:04.643Z] [EURUSD_GPT5] Calling AI agents for trade decision...
   [DIRECTION] Analyzing market structure...
   [DIRECTION] BEARISH (MEDIUM)
   [DIRECTION] Consider shorting near the resistance level at 1.35621, targeting the support le...
   [CONFIDENCE] Assessing setup quality...
   [DIRECTION] UNCLEAR (LOW clarity)
   [DIRECTION] Readability: MESSY
   [DIRECTION] Wait for clarity. If price reclaims and holds above 1.18025 and then starts prin...
   [DIRECTION] No clear direction - will assess both sides
   [CONFIDENCE] Assessing setup quality...
[EXECUTOR STDERR] [ERROR] 326: Unable to connect as the client id is already in use. Retry with a unique client id.
[2026-02-26T11:00:14.830Z] [EURUSD] [REAL] Position closed by bracket order - TP
[2026-02-26T11:00:14.831Z] [EURUSD] [REAL] Closing position...
[EXECUTOR] Closing position for EUR/USD
   [CONFIDENCE] Probability: 30%
   [CONFIDENCE] UNFAVORABLE: Reassess the trade setup and consider waiting for a clearer ...
   [CONFIDENCE] BAD PATTERNS: RANGE: Trading in range-bound market without clear edge, SHALLOW PULLBACK: 0% retracement - no proper entry
   [LEVELS] Determining entry, SL, TP...
   [CONFIDENCE] Probability: 42%
   [CONFIDENCE] Coherence: INCOHERENT | Sizing: SKIP
   [CONFIDENCE] This market is not telling one clean story that supports LONG. Structure is down...
   [LEVELS] Determining entry, SL, TP...
   [LEVELS] Entry: 1.35600 (LIMIT)
   [LEVELS] SL: 1.35800 | TP: 1.35200 | RR: 1.50
[2026-02-26T11:00:26.194Z] [GBPUSD] SIGNAL: SHORT | Entry: 1.356 | SL: 1.358 | TP: 1.352 | Risk: 0.3
[2026-02-26T11:00:26.194Z] [GBPUSD] Reasoning: Dir: Consider shorting near the resistance level at 1.3 | Conf: The proposed short trade is set up in a range-boun...
[2026-02-26T11:00:26.194Z] [GBPUSD] [REAL] Placing SHORT order for 100000 units...
[EXECUTOR] Entering SHORT 100000 GBP/USD TP=1.352 SL=1.358
[EXECUTOR STDERR] [ERROR] 201: Order rejected - reason:Your account has a minimum of 15 orders working on either the buy or sell side for this particular contract. <br>An additional order on the same side for this contract will not be allowed until an existing order has been <br>cancelled or has executed. Please call the Trade Desk for further details.
[EXECUTOR] Close failed: Timeout waiting for fill
[2026-02-26T11:00:26.366Z] [EURUSD] [REAL] Close result: {"success":false,"orderId":249,"status":"Inactive","error":"Timeout waiting for fill"}
[2026-02-26T11:00:26.366Z] [EURUSD] CLOSED SHORT | TP @ 1.179845 | R: -0.15 | Weighted: -0.08
[2026-02-26T11:00:26.367Z] [EURUSD] Bars in trade: 2 | Max favorable: 0.00004 | Max adverse: 0.00049
[2026-02-26T11:00:26.367Z] [EURUSD] [REAL P&L] Gross: $-47.50 | Commission: $4.00 | Net: $-51.50
[EXECUTOR] Entry filled at 1.35365
[2026-02-26T11:00:27.571Z] [GBPUSD] [REAL] Order filled at 1.35365 (TP order: 251, SL order: 252)
[2026-02-26T11:00:27.571Z] [GBPUSD] ENTERED SHORT @ 1.35365 | SL: 1.358 | TP: 1.352 | Size: 100000
[2026-02-26T11:00:29.471Z] [EURUSD] Analysis: BAD - The trade was a short position on EURUSD with a well-defined entry and risk management strategy. The...
[2026-02-26T11:00:29.473Z] Results saved (68 total trades)
[2026-02-26T11:00:29.475Z] Global trades saved (166 total trades)
   [LEVELS] Entry: 1.18030 (LIMIT)
   [LEVELS] SL: 1.17948 (NORMAL)
   [LEVELS] TP: 1.18150 | Path: SOME_OBSTACLES | RR: 1.46
[2026-02-26T11:00:29.482Z] [EURUSD_GPT5] AI says WAIT: Confidence agent recommends SKIP: This market is not telling one clean story that supports LONG. Str...
[2026-02-26T11:05:04.098Z] [USDJPY] New bar: 20260226 11:00:00 | O:155.96200 H:155.96900 L:155.92150 C:155.94300
[2026-02-26T11:05:04.542Z] [GBPUSD] New bar: 20260226 11:00:00 | O:1.35354 H:1.35391 L:1.35349 C:1.35366
[2026-02-26T11:05:04.563Z] [EURUSD] New bar: 20260226 11:00:00 | O:1.17985 H:1.18036 L:1.17980 C:1.18014
[2026-02-26T11:05:04.712Z] [EURUSD] Calling AI agents for trade decision...
   [DIRECTION] Analyzing market structure...
[2026-02-26T11:05:04.712Z] [EURUSD_GPT5] New bar: 20260226 11:00:00 | O:1.17985 H:1.18036 L:1.17980 C:1.18014
[2026-02-26T11:05:04.869Z] [EURUSD_GPT5] Calling AI agents for trade decision...
   [DIRECTION] Analyzing market structure...
   [DIRECTION] BEARISH (MEDIUM)
   [DIRECTION] Consider shorting the market as it approaches the support level at 1.18025. If t...
   [CONFIDENCE] Assessing setup quality...
   [DIRECTION] UNCLEAR (LOW clarity)
   [DIRECTION] Readability: MESSY
   [DIRECTION] Wait for clarity. If price reclaims and holds back above 1.18127 (recent swing l...
   [DIRECTION] No clear direction - will assess both sides
   [CONFIDENCE] Assessing setup quality...
[EXECUTOR STDERR] [ERROR] 326: Unable to connect as the client id is already in use. Retry with a unique client id.
[2026-02-26T11:05:14.905Z] [GBPUSD] [REAL] Position closed by bracket order - TP
[2026-02-26T11:05:14.905Z] [GBPUSD] [REAL] Closing position...
[EXECUTOR] Closing position for GBP/USD
[EXECUTOR] Position closed at 1.35373
[2026-02-26T11:05:16.803Z] [GBPUSD] [REAL] Position closed at 1.35373
[2026-02-26T11:05:16.804Z] [GBPUSD] CLOSED SHORT | TP @ 1.35373 | R: -0.02 | Weighted: -0.01
[2026-02-26T11:05:16.804Z] [GBPUSD] Bars in trade: 1 | Max favorable: 0.00016 | Max adverse: 0.00026
[2026-02-26T11:05:16.805Z] [GBPUSD] [REAL P&L] Gross: $-8.00 | Commission: $4.00 | Net: $-12.00
   [CONFIDENCE] Probability: 55%
   [CONFIDENCE] MARGINAL: Consider proceeding with caution and potentially reduced siz...
   [LEVELS] Determining entry, SL, TP...
   [CONFIDENCE] Probability: 44%
   [CONFIDENCE] Coherence: INCOHERENT | Sizing: MINIMAL
   [CONFIDENCE] This does not read like a market clearly offering a long. Structure is down, pri...
   [LEVELS] Determining entry, SL, TP...
[2026-02-26T11:05:19.593Z] [GBPUSD] Analysis: NEUTRAL - The trade was a short position on GBPUSD, and the market initially moved in favor of the trade, hitt...
[2026-02-26T11:05:19.598Z] Results saved (69 total trades)
[2026-02-26T11:05:19.602Z] Global trades saved (167 total trades)
   [LEVELS] Entry: 1.18028 (LIMIT)
   [LEVELS] SL: 1.17998 (NORMAL)
   [LEVELS] TP: 1.18205 | Path: SOME_OBSTACLES | RR: 5.90
[2026-02-26T11:05:28.574Z] [EURUSD_GPT5] SIGNAL: LONG | Entry: 1.18028 | SL: 1.17998 | TP: 1.18205 | Risk: 0.35
[2026-02-26T11:05:28.574Z] [EURUSD_GPT5] Reasoning: Dir: Wait for clarity. If price reclaims and holds back | Conf: This does not read like a market clearly offering ...
[2026-02-26T11:05:28.574Z] [EURUSD_GPT5] [REAL] Placing LONG order for 100000 units...
[EXECUTOR] Entering LONG 100000 EUR/USD TP=1.18205 SL=1.17998
   [LEVELS] Entry: 1.18217 (LIMIT)
   [LEVELS] SL: 1.18257 | TP: 1.17943 | RR: 1.30
[2026-02-26T11:05:28.997Z] [EURUSD] SIGNAL: SHORT | Entry: 1.18217 | SL: 1.18257 | TP: 1.17943 | Risk: 0.55
[2026-02-26T11:05:28.997Z] [EURUSD] Reasoning: Dir: Consider shorting the market as it approaches the  | Conf: The proposed short trade has a mixed setup. While ...
[2026-02-26T11:05:28.997Z] [EURUSD] [REAL] Placing SHORT order for 100000 units...
[EXECUTOR] Entering SHORT 100000 EUR/USD TP=1.17943 SL=1.18257
[EXECUTOR STDERR] [ERROR] 201: Order rejected - reason:Your account has a minimum of 15 orders working on either the buy or sell side for this particular contract. <br>An additional order on the same side for this contract will not be allowed until an existing order has been <br>cancelled or has executed. Please call the Trade Desk for further details.
[EXECUTOR] Entry failed: Entry order not filled
[2026-02-26T11:05:39.251Z] [EURUSD_GPT5] [REAL] Order FAILED: Entry order not filled
[EXECUTOR STDERR] [ERROR] 326: Unable to connect as the client id is already in use. Retry with a unique client id.
[EXECUTOR] Entry failed: Failed to connect to TWS/IB Gateway
[2026-02-26T11:05:39.408Z] [EURUSD] [REAL] Order FAILED: Failed to connect to TWS/IB Gateway
[2026-02-26T11:10:03.803Z] [GBPUSD] New bar: 20260226 11:05:00 | O:1.35366 H:1.35429 L:1.35363 C:1.35397
[2026-02-26T11:10:03.940Z] [GBPUSD] Calling AI agents for trade decision...
   [DIRECTION] Analyzing market structure...
[2026-02-26T11:10:03.943Z] [EURUSD] New bar: 20260226 11:05:00 | O:1.18014 H:1.18046 L:1.18012 C:1.18030
[2026-02-26T11:10:04.082Z] [EURUSD] Calling AI agents for trade decision...
   [DIRECTION] Analyzing market structure...
[2026-02-26T11:10:04.083Z] [EURUSD_GPT5] New bar: 20260226 11:05:00 | O:1.18014 H:1.18046 L:1.18012 C:1.18030
[2026-02-26T11:10:04.225Z] [EURUSD_GPT5] Calling AI agents for trade decision...
   [DIRECTION] Analyzing market structure...
[2026-02-26T11:10:04.225Z] [USDJPY] New bar: 20260226 11:05:00 | O:155.94300 H:155.99000 L:155.94050 C:155.98250
   [DIRECTION] BEARISH (MEDIUM)
   [DIRECTION] Consider shorting the market as it approaches the resistance level at 1.18217, w...
   [CONFIDENCE] Assessing setup quality...
   [DIRECTION] BEARISH (MEDIUM)
   [DIRECTION] Consider shorting near the resistance level at 1.35621, targeting the support le...
   [CONFIDENCE] Assessing setup quality...
   [DIRECTION] UNCLEAR (LOW clarity)
   [DIRECTION] Readability: MESSY
   [DIRECTION] Wait for clarity. If buyers are real, they should hold above 1.18025 and reclaim...
   [DIRECTION] No clear direction - will assess both sides
   [CONFIDENCE] Assessing setup quality...
   [CONFIDENCE] Probability: 55%
   [CONFIDENCE] MARGINAL: Consider proceeding with reduced size due to conflicting sig...
   [LEVELS] Determining entry, SL, TP...
   [CONFIDENCE] Probability: 44%
   [CONFIDENCE] Coherence: INCOHERENT | Sizing: N/A
   [CONFIDENCE] This does not read like a clean LONG environment. Price is below the EMA50 and t...
   [LEVELS] Determining entry, SL, TP...
   [CONFIDENCE] Probability: 25%
   [CONFIDENCE] UNFAVORABLE: Consider waiting for a clearer trend or a breakout above res...
   [CONFIDENCE] BAD PATTERNS: RANGE: Trading in range-bound market without clear edge, SHALLOW PULLBACK: 0% retracement - no proper entry
   [LEVELS] Determining entry, SL, TP...
   [LEVELS] Entry: 1.18200 (LIMIT)
   [LEVELS] SL: 1.18257 | TP: 1.17973 | RR: 1.30
[2026-02-26T11:10:24.238Z] [EURUSD] SIGNAL: SHORT | Entry: 1.182 | SL: 1.18257 | TP: 1.17973 | Risk: 0.55
[2026-02-26T11:10:24.239Z] [EURUSD] Reasoning: Dir: Consider shorting the market as it approaches the  | Conf: The trade setup shows a bearish bias with the pric...
[2026-02-26T11:10:24.239Z] [EURUSD] [REAL] Placing SHORT order for 100000 units...
[EXECUTOR] Entering SHORT 100000 EUR/USD TP=1.17973 SL=1.18257
[EXECUTOR STDERR] [ERROR] 201: Order rejected - reason:Your account has a minimum of 15 orders working on either the buy or sell side for this particular contract. <br>An additional order on the same side for this contract will not be allowed until an existing order has been <br>cancelled or has executed. Please call the Trade Desk for further details.
[EXECUTOR] Entry filled at 1.18032
[2026-02-26T11:10:25.659Z] [EURUSD] [REAL] Order filled at 1.18032 (TP order: 256, SL order: 257)
[2026-02-26T11:10:25.660Z] [EURUSD] ENTERED SHORT @ 1.18032 | SL: 1.18257 | TP: 1.17973 | Size: 100000
   [LEVELS] Entry: 1.35421 (LIMIT)
   [LEVELS] SL: 1.35751 | TP: 1.35227 | RR: 1.50
[2026-02-26T11:10:26.810Z] [GBPUSD] SIGNAL: SHORT | Entry: 1.35421 | SL: 1.35751 | TP: 1.35227 | Risk: 0.25
[2026-02-26T11:10:26.811Z] [GBPUSD] Reasoning: Dir: Consider shorting near the resistance level at 1.3 | Conf: The proposed trade setup has been identified with ...
[2026-02-26T11:10:26.811Z] [GBPUSD] [REAL] Placing SHORT order for 100000 units...
[EXECUTOR] Entering SHORT 100000 GBP/USD TP=1.35227 SL=1.35751
   [LEVELS] Entry: 1.18026 (LIMIT)
   [LEVELS] SL: 1.17994 (NORMAL)
   [LEVELS] TP: 1.18074 | Path: SOME_OBSTACLES | RR: 1.50
[2026-02-26T11:10:27.066Z] [EURUSD_GPT5] SIGNAL: LONG | Entry: 1.18026 | SL: 1.17994 | TP: 1.18074 | Risk: 0.44
[2026-02-26T11:10:27.066Z] [EURUSD_GPT5] Reasoning: Dir: Wait for clarity. If buyers are real, they should  | Conf: This does not read like a clean LONG environment. ...
[2026-02-26T11:10:27.067Z] [EURUSD_GPT5] [REAL] Placing LONG order for 100000 units...
[EXECUTOR] Entering LONG 100000 EUR/USD TP=1.18074 SL=1.17994
[EXECUTOR] Entry filled at 1.35414
[2026-02-26T11:10:28.243Z] [GBPUSD] [REAL] Order filled at 1.35414 (TP order: 259, SL order: 260)
[2026-02-26T11:10:28.243Z] [GBPUSD] ENTERED SHORT @ 1.35414 | SL: 1.35751 | TP: 1.35227 | Size: 100000
[EXECUTOR STDERR] [ERROR] 326: Unable to connect as the client id is already in use. Retry with a unique client id.
[EXECUTOR] Entry failed: Failed to connect to TWS/IB Gateway
[2026-02-26T11:10:37.400Z] [EURUSD_GPT5] [REAL] Order FAILED: Failed to connect to TWS/IB Gateway
[2026-02-26T11:15:04.139Z] [EURUSD] New bar: 20260226 11:10:00 | O:1.18030 H:1.18049 L:1.18027 C:1.18041
[2026-02-26T11:15:04.208Z] [EURUSD_GPT5] New bar: 20260226 11:10:00 | O:1.18030 H:1.18049 L:1.18027 C:1.18041
[2026-02-26T11:15:04.364Z] [EURUSD_GPT5] Calling AI agents for trade decision...
   [DIRECTION] Analyzing market structure...
[2026-02-26T11:15:04.461Z] [USDJPY] New bar: 20260226 11:10:00 | O:155.98250 H:155.98300 L:155.93350 C:155.94500
[2026-02-26T11:15:04.479Z] [GBPUSD] New bar: 20260226 11:10:00 | O:1.35397 H:1.35423 L:1.35397 C:1.35406
   [DIRECTION] UNCLEAR (LOW clarity)
   [DIRECTION] Readability: MESSY
   [DIRECTION] Wait for clarity. If price can reclaim and hold above 1.18127 (prior swing low) ...
   [DIRECTION] No clear direction - will assess both sides
   [CONFIDENCE] Assessing setup quality...
[EXECUTOR STDERR] [ERROR] 326: Unable to connect as the client id is already in use. Retry with a unique client id.
[2026-02-26T11:15:14.855Z] [USDJPY] [REAL] Position closed by bracket order - TP
[2026-02-26T11:15:14.856Z] [USDJPY] [REAL] Closing position...
[EXECUTOR] Closing position for USD/JPY
[EXECUTOR STDERR] [ERROR] 326: Unable to connect as the client id is already in use. Retry with a unique client id.
[2026-02-26T11:15:15.371Z] [GBPUSD] [REAL] Position closed by bracket order - TP
[2026-02-26T11:15:15.371Z] [GBPUSD] [REAL] Closing position...
[EXECUTOR] Closing position for GBP/USD
[EXECUTOR] Position closed at 155.943
[2026-02-26T11:15:16.709Z] [USDJPY] [REAL] Position closed at 155.943
[2026-02-26T11:15:16.710Z] [USDJPY] CLOSED LONG | TP @ 155.943 | R: -0.39 | Weighted: -0.20
[2026-02-26T11:15:16.710Z] [USDJPY] Bars in trade: 4 | Max favorable: 0.00700 | Max adverse: 0.06150
[2026-02-26T11:15:16.710Z] [USDJPY] [REAL P&L] Gross: $-4000.00 | Commission: $4.00 | Net: $-4004.00
[2026-02-26T11:15:19.789Z] [USDJPY] Analysis: BAD - The trade was set up with a long position on USDJPY, aiming for a take profit above the entry price....
[2026-02-26T11:15:19.795Z] Results saved (70 total trades)
[2026-02-26T11:15:19.798Z] Global trades saved (168 total trades)
   [CONFIDENCE] Probability: 47%
   [CONFIDENCE] Coherence: INCOHERENT | Sizing: N/A
   [CONFIDENCE] The market is not clearly endorsing LONG. Structure says downside pressure (down...
   [LEVELS] Determining entry, SL, TP...
[EXECUTOR STDERR] [ERROR] 326: Unable to connect as the client id is already in use. Retry with a unique client id.
[EXECUTOR] Close failed: Failed to connect to TWS/IB Gateway
[2026-02-26T11:15:25.768Z] [GBPUSD] [REAL] Close result: {"error":"Failed to connect to TWS/IB Gateway"}
[2026-02-26T11:15:25.768Z] [GBPUSD] CLOSED SHORT | TP @ 1.35406 | R: 0.02 | Weighted: 0.01
[2026-02-26T11:15:25.769Z] [GBPUSD] Bars in trade: 1 | Max favorable: 0.00017 | Max adverse: 0.00009
[2026-02-26T11:15:25.769Z] [GBPUSD] [REAL P&L] Gross: $8.00 | Commission: $4.00 | Net: $4.00
[2026-02-26T11:15:27.784Z] [GBPUSD] Analysis: GOOD - The trade was successful as the GBPUSD pair moved in the anticipated direction shortly after entry. ...
[2026-02-26T11:15:27.787Z] Results saved (71 total trades)
[2026-02-26T11:15:27.791Z] Global trades saved (169 total trades)
   [LEVELS] Entry: 1.18027 (LIMIT)
   [LEVELS] SL: 1.17995 (NORMAL)
   [LEVELS] TP: 1.18075 | Path: SOME_OBSTACLES | RR: 1.50
[2026-02-26T11:15:29.780Z] [EURUSD_GPT5] SIGNAL: LONG | Entry: 1.18027 | SL: 1.17995 | TP: 1.18075 | Risk: 0.47
[2026-02-26T11:15:29.781Z] [EURUSD_GPT5] Reasoning: Dir: Wait for clarity. If price can reclaim and hold ab | Conf: The market is not clearly endorsing LONG. Structur...
[2026-02-26T11:15:29.782Z] [EURUSD_GPT5] [REAL] Placing LONG order for 100000 units...
[EXECUTOR] Entering LONG 100000 EUR/USD TP=1.18075 SL=1.17995
[EXECUTOR STDERR] [ERROR] 201: Order rejected - reason:Your account has a minimum of 15 orders working on either the buy or sell side for this particular contract. <br>An additional order on the same side for this contract will not be allowed until an existing order has been <br>cancelled or has executed. Please call the Trade Desk for further details.
[EXECUTOR] Entry failed: Entry order not filled
[2026-02-26T11:15:40.444Z] [EURUSD_GPT5] [REAL] Order FAILED: Entry order not filled
[2026-02-26T11:20:04.482Z] [EURUSD] New bar: 20260226 11:15:00 | O:1.18041 H:1.18044 L:1.18030 C:1.18032
[2026-02-26T11:20:04.556Z] [EURUSD_GPT5] New bar: 20260226 11:15:00 | O:1.18041 H:1.18044 L:1.18030 C:1.18032
[2026-02-26T11:20:04.700Z] [EURUSD_GPT5] Calling AI agents for trade decision...
   [DIRECTION] Analyzing market structure...
[2026-02-26T11:20:04.701Z] [GBPUSD] New bar: 20260226 11:15:00 | O:1.35406 H:1.35451 L:1.35406 C:1.35419
[2026-02-26T11:20:04.854Z] [GBPUSD] Calling AI agents for trade decision...
   [DIRECTION] Analyzing market structure...
[2026-02-26T11:20:04.854Z] [USDJPY] New bar: 20260226 11:15:00 | O:155.94500 H:155.98100 L:155.93750 C:155.97850
[2026-02-26T11:20:05.000Z] [USDJPY] Calling AI agents for trade decision...
   [DIRECTION] Analyzing market structure...
   [DIRECTION] NEUTRAL (HIGH)
   [DIRECTION] No clear trade. Wait for breakout above resistance or below support to establish...
   [DIRECTION] No clear direction - will assess both sides
   [CONFIDENCE] Assessing setup quality...
   [DIRECTION] UNCLEAR (LOW clarity)
   [DIRECTION] Readability: MESSY
   [DIRECTION] Wait for clarity. If buyers can hold above 1.18025 and then reclaim/hold above 1...
   [DIRECTION] No clear direction - will assess both sides
   [CONFIDENCE] Assessing setup quality...
   [DIRECTION] NEUTRAL (MEDIUM)
   [DIRECTION] Consider waiting for a clearer signal. If the price approaches the resistance at...
   [DIRECTION] No clear direction - will assess both sides
   [CONFIDENCE] Assessing setup quality...
   [CONFIDENCE] Probability: 45%
   [CONFIDENCE] MARGINAL: LOW conviction - size accordingly...
   [LEVELS] Determining entry, SL, TP...
   [CONFIDENCE] Probability: 25%
   [CONFIDENCE] UNFAVORABLE: Consider waiting for a clearer signal or a breakout above re...
   [CONFIDENCE] BAD PATTERNS: RANGE: Trading in range-bound market without clear edge, SHALLOW PULLBACK: 0% retracement - no proper entry
   [LEVELS] Determining entry, SL, TP...
   [CONFIDENCE] Probability: 46%
   [CONFIDENCE] Coherence: INCOHERENT | Sizing: N/A
   [CONFIDENCE] This does not read like a clean LONG environment. The higher-level story is conf...
   [LEVELS] Determining entry, SL, TP...
   [LEVELS] Entry: 155.91950 (LIMIT)
   [LEVELS] SL: 155.87857 | TP: 156.16740 | RR: 1.30
[2026-02-26T11:20:19.510Z] [USDJPY] SIGNAL: LONG | Entry: 155.9195 | SL: 155.87857 | TP: 156.1674 | Risk: 0.505
[2026-02-26T11:20:19.510Z] [USDJPY] Reasoning: Dir: No clear trade. Wait for breakout above resistance | Conf: The probability is low due to the lack of a clear ...
[2026-02-26T11:20:19.511Z] [USDJPY] [REAL] Placing LONG order for 100000 units...
[EXECUTOR] Entering LONG 100000 USD/JPY TP=156.1674 SL=155.87857
[EXECUTOR STDERR] [ERROR] 110: The price does not conform to the minimum price variation for this contract.
[ERROR] 110: The price does not conform to the minimum price variation for this contract.
[EXECUTOR] Entry filled at 155.981
[2026-02-26T11:20:20.915Z] [USDJPY] [REAL] Order filled at 155.981 (TP order: 264, SL order: 265)
[2026-02-26T11:20:20.915Z] [USDJPY] ENTERED LONG @ 155.981 | SL: 155.87857 | TP: 156.1674 | Size: 100000
   [LEVELS] Entry: 1.35380 (LIMIT)
   [LEVELS] SL: 1.35190 | TP: 1.35621 | RR: 1.50
[2026-02-26T11:20:23.697Z] [GBPUSD] SIGNAL: LONG | Entry: 1.3538 | SL: 1.3519 | TP: 1.35621 | Risk: 0.25
[2026-02-26T11:20:23.697Z] [GBPUSD] Reasoning: Dir: Consider waiting for a clearer signal. If the pric | Conf: The proposed trade is a LONG position in a range-b...
[2026-02-26T11:20:23.698Z] [GBPUSD] [REAL] Placing LONG order for 100000 units...
[EXECUTOR] Entering LONG 100000 GBP/USD TP=1.35621 SL=1.3519
[EXECUTOR] Entry filled at 1.35419
[2026-02-26T11:20:25.089Z] [GBPUSD] [REAL] Order filled at 1.35419 (TP order: 267, SL order: 268)
[2026-02-26T11:20:25.090Z] [GBPUSD] ENTERED LONG @ 1.35419 | SL: 1.3519 | TP: 1.35621 | Size: 100000
   [LEVELS] Entry: 1.18026 (LIMIT)
   [LEVELS] SL: 1.17996 (NORMAL)
   [LEVELS] TP: 1.18212 | Path: SOME_OBSTACLES | RR: 6.20
[2026-02-26T11:20:28.268Z] [EURUSD_GPT5] SIGNAL: LONG | Entry: 1.18026 | SL: 1.17996 | TP: 1.18212 | Risk: 0.46
[2026-02-26T11:20:28.269Z] [EURUSD_GPT5] Reasoning: Dir: Wait for clarity. If buyers can hold above 1.18025 | Conf: This does not read like a clean LONG environment. ...
[2026-02-26T11:20:28.269Z] [EURUSD_GPT5] [REAL] Placing LONG order for 100000 units...
[EXECUTOR] Entering LONG 100000 EUR/USD TP=1.18212 SL=1.17996
[EXECUTOR STDERR] [ERROR] 201: Order rejected - reason:Your account has a minimum of 15 orders working on either the buy or sell side for this particular contract. <br>An additional order on the same side for this contract will not be allowed until an existing order has been <br>cancelled or has executed. Please call the Trade Desk for further details.
[EXECUTOR] Entry failed: Entry order not filled
[2026-02-26T11:20:38.930Z] [EURUSD_GPT5] [REAL] Order FAILED: Entry order not filled
[2026-02-26T11:25:04.551Z] [GBPUSD] New bar: 20260226 11:20:00 | O:1.35419 H:1.35423 L:1.35406 C:1.35415
[2026-02-26T11:25:04.628Z] [USDJPY] New bar: 20260226 11:20:00 | O:155.97850 H:155.98050 L:155.96250 C:155.97750
[2026-02-26T11:25:04.650Z] [EURUSD] New bar: 20260226 11:20:00 | O:1.18032 H:1.18034 L:1.18017 C:1.18024
[2026-02-26T11:25:04.673Z] [EURUSD_GPT5] New bar: 20260226 11:20:00 | O:1.18032 H:1.18034 L:1.18017 C:1.18024
[2026-02-26T11:25:04.821Z] [EURUSD_GPT5] Calling AI agents for trade decision...
   [DIRECTION] Analyzing market structure...
[2026-02-26T11:25:06.080Z] [GBPUSD] [REAL] Position closed by bracket order - TP
[2026-02-26T11:25:06.080Z] [GBPUSD] [REAL] Closing position...
[EXECUTOR] Closing position for GBP/USD
[EXECUTOR] Position closed at N/A
[2026-02-26T11:25:07.529Z] [GBPUSD] [REAL] Position already closed (likely by TP/SL order)
[2026-02-26T11:25:07.529Z] [GBPUSD] CLOSED LONG | TP @ 1.354155 | R: -0.02 | Weighted: -0.00
[2026-02-26T11:25:07.530Z] [GBPUSD] Bars in trade: 1 | Max favorable: 0.00004 | Max adverse: 0.00013
[2026-02-26T11:25:07.530Z] [GBPUSD] [REAL P&L] Gross: $-3.50 | Commission: $4.00 | Net: $-7.50
[2026-02-26T11:25:09.689Z] [GBPUSD] Analysis: BAD - The trade was executed during the London session, which typically has higher volatility and liquidit...
[2026-02-26T11:25:09.691Z] Results saved (72 total trades)
[2026-02-26T11:25:09.693Z] Global trades saved (170 total trades)
   [DIRECTION] UNCLEAR (LOW clarity)
   [DIRECTION] Readability: MODERATE
   [DIRECTION] Wait for clarity. If price breaks and holds below 1.18025/1.18023 (session low) ...
   [DIRECTION] No clear direction - will assess both sides
   [CONFIDENCE] Assessing setup quality...
[EXECUTOR STDERR] [ERROR] 326: Unable to connect as the client id is already in use. Retry with a unique client id.
[2026-02-26T11:25:15.112Z] [USDJPY] [REAL] Position closed by bracket order - TP
[2026-02-26T11:25:15.113Z] [USDJPY] [REAL] Closing position...
[EXECUTOR] Closing position for USD/JPY
[EXECUTOR STDERR] [ERROR] 326: Unable to connect as the client id is already in use. Retry with a unique client id.
[2026-02-26T11:25:15.505Z] [EURUSD] [REAL] Position closed by bracket order - TP
[2026-02-26T11:25:15.505Z] [EURUSD] [REAL] Closing position...
[EXECUTOR] Closing position for EUR/USD
[EXECUTOR] Position closed at 155.977
[2026-02-26T11:25:16.959Z] [USDJPY] [REAL] Position closed at 155.977
[2026-02-26T11:25:16.959Z] [USDJPY] CLOSED LONG | TP @ 155.977 | R: -0.04 | Weighted: -0.02
[2026-02-26T11:25:16.960Z] [USDJPY] Bars in trade: 1 | Max favorable: 0.00000 | Max adverse: 0.01850
[2026-02-26T11:25:16.960Z] [USDJPY] [REAL P&L] Gross: $-400.00 | Commission: $4.00 | Net: $-404.00
   [CONFIDENCE] Probability: 33%
   [CONFIDENCE] Coherence: INCOHERENT | Sizing: SKIP
   [CONFIDENCE] This market is not telling a single clean story that supports a LONG. Structure ...
   [LEVELS] Determining entry, SL, TP...
[2026-02-26T11:25:19.389Z] [USDJPY] Analysis: BAD - The trade was set to take profit at 156.1674, but the exit price was 155.977, which indicates that t...
[2026-02-26T11:25:19.391Z] Results saved (73 total trades)
[2026-02-26T11:25:19.393Z] Global trades saved (171 total trades)
[EXECUTOR STDERR] [ERROR] 326: Unable to connect as the client id is already in use. Retry with a unique client id.
[EXECUTOR] Close failed: Failed to connect to TWS/IB Gateway
[2026-02-26T11:25:25.909Z] [EURUSD] [REAL] Close result: {"error":"Failed to connect to TWS/IB Gateway"}
[2026-02-26T11:25:25.910Z] [EURUSD] CLOSED SHORT | TP @ 1.18024 | R: 0.04 | Weighted: 0.02
[2026-02-26T11:25:25.910Z] [EURUSD] Bars in trade: 3 | Max favorable: 0.00015 | Max adverse: 0.00016
[2026-02-26T11:25:25.910Z] [EURUSD] [REAL P&L] Gross: $8.00 | Commission: $4.00 | Net: $4.00
   [LEVELS] Entry: 1.18010 (LIMIT)
   [LEVELS] SL: 1.17970 (NORMAL)
   [LEVELS] TP: 1.18072 | Path: SOME_OBSTACLES | RR: 1.55
[2026-02-26T11:25:28.308Z] [EURUSD_GPT5] AI says WAIT: Confidence agent recommends SKIP: This market is not telling a single clean story that supports a LO...
[2026-02-26T11:25:29.013Z] [EURUSD] Analysis: GOOD - The trade was successful as the market structure was bearish (-1) during the London session, which s...
[2026-02-26T11:25:29.016Z] Results saved (74 total trades)
[2026-02-26T11:25:29.020Z] Global trades saved (172 total trades)
[2026-02-26T11:30:03.986Z] [USDJPY] New bar: 20260226 11:25:00 | O:155.97750 H:156.02250 L:155.97750 C:156.01950
[2026-02-26T11:30:04.129Z] [USDJPY] Calling AI agents for trade decision...
   [DIRECTION] Analyzing market structure...
[2026-02-26T11:30:04.554Z] [GBPUSD] New bar: 20260226 11:25:00 | O:1.35415 H:1.35418 L:1.35398 C:1.35406
[2026-02-26T11:30:04.687Z] [GBPUSD] Calling AI agents for trade decision...
   [DIRECTION] Analyzing market structure...
[2026-02-26T11:30:04.689Z] [EURUSD] New bar: 20260226 11:25:00 | O:1.18024 H:1.18029 L:1.18013 C:1.18019
[2026-02-26T11:30:04.828Z] [EURUSD] Calling AI agents for trade decision...
   [DIRECTION] Analyzing market structure...
[2026-02-26T11:30:04.828Z] [EURUSD_GPT5] New bar: 20260226 11:25:00 | O:1.18024 H:1.18029 L:1.18013 C:1.18019
[2026-02-26T11:30:04.969Z] [EURUSD_GPT5] Calling AI agents for trade decision...
   [DIRECTION] Analyzing market structure...
   [DIRECTION] NEUTRAL (MEDIUM)
   [DIRECTION] No clear trade; wait for breakout above resistance or below support for directio...
   [DIRECTION] No clear direction - will assess both sides
   [CONFIDENCE] Assessing setup quality...
   [DIRECTION] BULLISH (MEDIUM)
   [DIRECTION] Consider a long position targeting the resistance at 1.35621, with a stop loss j...
   [CONFIDENCE] Assessing setup quality...
   [DIRECTION] BEARISH (MEDIUM)
   [DIRECTION] Consider shorting the market as it approaches the resistance level at 1.18217, w...
   [CONFIDENCE] Assessing setup quality...
   [DIRECTION] UNCLEAR (LOW clarity)
   [DIRECTION] Readability: MESSY
   [DIRECTION] Wait for clarity. Price is sitting on/through stated support near the session lo...
   [DIRECTION] No clear direction - will assess both sides
   [CONFIDENCE] Assessing setup quality...
   [CONFIDENCE] Probability: 45%
   [CONFIDENCE] MARGINAL: LOW conviction - size accordingly...
   [LEVELS] Determining entry, SL, TP...
   [CONFIDENCE] Probability: 55%
   [CONFIDENCE] MARGINAL: Consider proceeding with reduced size due to proximity to su...
   [LEVELS] Determining entry, SL, TP...
   [CONFIDENCE] Probability: 30%
   [CONFIDENCE] UNFAVORABLE: Reassess the trade idea and consider waiting for a breakout ...
   [CONFIDENCE] BAD PATTERNS: RANGE: Trading in range-bound market without clear edge, SHALLOW PULLBACK: 0% retracement - no proper entry
   [LEVELS] Determining entry, SL, TP...
   [LEVELS] Entry: 155.91950 (LIMIT)
   [LEVELS] SL: 155.87889 | TP: 156.10250 | RR: 1.30
[2026-02-26T11:30:21.345Z] [USDJPY] SIGNAL: LONG | Entry: 155.9195 | SL: 155.87889 | TP: 156.1025 | Risk: 0.505
[2026-02-26T11:30:21.346Z] [USDJPY] Reasoning: Dir: No clear trade; wait for breakout above resistance | Conf: The trade is a long position in a sideways market,...
[2026-02-26T11:30:21.347Z] [USDJPY] [REAL] Placing LONG order for 100000 units...
[EXECUTOR] Entering LONG 100000 USD/JPY TP=156.1025 SL=155.87889
   [CONFIDENCE] Probability: 33%
   [CONFIDENCE] Coherence: INCOHERENT | Sizing: SKIP
   [CONFIDENCE] The clearest story here is not bullish: price is below the EMA50 with bearish re...
   [LEVELS] Determining entry, SL, TP...
[EXECUTOR STDERR] [ERROR] 110: The price does not conform to the minimum price variation for this contract.
[ERROR] 110: The price does not conform to the minimum price variation for this contract.
[EXECUTOR] Entry filled at 156.018
[2026-02-26T11:30:22.788Z] [USDJPY] [REAL] Order filled at 156.018 (TP order: 272, SL order: 273)
[2026-02-26T11:30:22.789Z] [USDJPY] ENTERED LONG @ 156.018 | SL: 155.87889 | TP: 156.1025 | Size: 100000
   [LEVELS] Entry: 1.18210 (LIMIT)
   [LEVELS] SL: 1.18257 | TP: 1.17960 | RR: 1.30
[2026-02-26T11:30:24.317Z] [EURUSD] SIGNAL: SHORT | Entry: 1.1821 | SL: 1.18257 | TP: 1.1796 | Risk: 0.55
[2026-02-26T11:30:24.317Z] [EURUSD] Reasoning: Dir: Consider shorting the market as it approaches the  | Conf: The setup has mixed signals. While the price is be...
[2026-02-26T11:30:24.318Z] [EURUSD] [REAL] Placing SHORT order for 100000 units...
[EXECUTOR] Entering SHORT 100000 EUR/USD TP=1.1796 SL=1.18257
   [LEVELS] Entry: 1.35380 (LIMIT)
   [LEVELS] SL: 1.35190 | TP: 1.35621 | RR: 1.50
[2026-02-26T11:30:25.013Z] [GBPUSD] SIGNAL: LONG | Entry: 1.3538 | SL: 1.3519 | TP: 1.35621 | Risk: 0.3
[2026-02-26T11:30:25.013Z] [GBPUSD] Reasoning: Dir: Consider a long position targeting the resistance  | Conf: The proposed trade is assessed to have a low proba...
[2026-02-26T11:30:25.013Z] [GBPUSD] [REAL] Placing LONG order for 100000 units...
[EXECUTOR] Entering LONG 100000 GBP/USD TP=1.35621 SL=1.3519
[EXECUTOR] Entry filled at 1.18018
[2026-02-26T11:30:25.708Z] [EURUSD] [REAL] Order filled at 1.18018 (TP order: 275, SL order: 276)
[2026-02-26T11:30:25.708Z] [EURUSD] ENTERED SHORT @ 1.18018 | SL: 1.18257 | TP: 1.1796 | Size: 100000
   [LEVELS] Entry: 1.18025 (LIMIT)
   [LEVELS] SL: 1.17989 (NORMAL)
   [LEVELS] TP: 1.18079 | Path: SOME_OBSTACLES | RR: 1.50
[2026-02-26T11:30:29.469Z] [EURUSD_GPT5] AI says WAIT: Confidence agent recommends SKIP: The clearest story here is not bullish: price is below the EMA50 w...
[EXECUTOR STDERR] [ERROR] 326: Unable to connect as the client id is already in use. Retry with a unique client id.
[EXECUTOR] Entry failed: Failed to connect to TWS/IB Gateway
[2026-02-26T11:30:35.382Z] [GBPUSD] [REAL] Order FAILED: Failed to connect to TWS/IB Gateway
[2026-02-26T11:35:03.963Z] [USDJPY] New bar: 20260226 11:30:00 | O:156.01950 H:156.05400 L:156.01550 C:156.05250
[2026-02-26T11:35:04.037Z] [EURUSD] New bar: 20260226 11:30:00 | O:1.18019 H:1.18020 L:1.18003 C:1.18005
[2026-02-26T11:35:04.059Z] [EURUSD_GPT5] New bar: 20260226 11:30:00 | O:1.18019 H:1.18020 L:1.18003 C:1.18005
[2026-02-26T11:35:04.209Z] [EURUSD_GPT5] Calling AI agents for trade decision...
   [DIRECTION] Analyzing market structure...
[2026-02-26T11:35:04.303Z] [GBPUSD] New bar: 20260226 11:30:00 | O:1.35406 H:1.35406 L:1.35383 C:1.35388
[2026-02-26T11:35:04.450Z] [GBPUSD] Calling AI agents for trade decision...
   [DIRECTION] Analyzing market structure...
   [DIRECTION] UNCLEAR (LOW clarity)
   [DIRECTION] Readability: MESSY
   [DIRECTION] Wait for clarity. If price reclaims and holds above 1.18032 (EMA50) and then sta...
   [DIRECTION] No clear direction - will assess both sides
   [CONFIDENCE] Assessing setup quality...
   [DIRECTION] BEARISH (MEDIUM)
   [DIRECTION] Consider shorting the market towards the support level at 1.35227. If the price ...
   [CONFIDENCE] Assessing setup quality...
[EXECUTOR STDERR] [ERROR] 326: Unable to connect as the client id is already in use. Retry with a unique client id.
[2026-02-26T11:35:14.397Z] [EURUSD] [REAL] Position closed by bracket order - TP
[2026-02-26T11:35:14.397Z] [EURUSD] [REAL] Closing position...
[EXECUTOR] Closing position for EUR/USD
   [CONFIDENCE] Probability: 34%
   [CONFIDENCE] Coherence: INCOHERENT | Sizing: N/A
   [CONFIDENCE] The market’s story is bearish-to-neutral, not bullish: price is below EMA50 and ...
   [LEVELS] Determining entry, SL, TP...
   [CONFIDENCE] Probability: 25%
   [CONFIDENCE] UNFAVORABLE: Consider waiting for a clearer trend or a better entry point...
   [CONFIDENCE] BAD PATTERNS: RANGE: Trading in range-bound market without clear edge, SHALLOW PULLBACK: 0% retracement - no proper entry
   [LEVELS] Determining entry, SL, TP...
[EXECUTOR STDERR] [ERROR] 201: Order rejected - reason:Your account has a minimum of 15 orders working on either the buy or sell side for this particular contract. <br>An additional order on the same side for this contract will not be allowed until an existing order has been <br>cancelled or has executed. Please call the Trade Desk for further details.
[EXECUTOR] Close failed: Timeout waiting for fill
[2026-02-26T11:35:25.932Z] [EURUSD] [REAL] Close result: {"success":false,"orderId":277,"status":"Inactive","error":"Timeout waiting for fill"}
[2026-02-26T11:35:25.933Z] [EURUSD] CLOSED SHORT | TP @ 1.180045 | R: 0.06 | Weighted: 0.03
[2026-02-26T11:35:25.933Z] [EURUSD] Bars in trade: 1 | Max favorable: 0.00015 | Max adverse: 0.00002
[2026-02-26T11:35:25.933Z] [EURUSD] [REAL P&L] Gross: $13.50 | Commission: $4.00 | Net: $9.50
   [LEVELS] Entry: 1.35421 (LIMIT)
   [LEVELS] SL: 1.35701 | TP: 1.35253 | RR: 1.50
[2026-02-26T11:35:27.346Z] [GBPUSD] SIGNAL: SHORT | Entry: 1.35421 | SL: 1.35701 | TP: 1.35253 | Risk: 0.25
[2026-02-26T11:35:27.347Z] [GBPUSD] Reasoning: Dir: Consider shorting the market towards the support l | Conf: The proposed trade is in a range-bound market with...
[2026-02-26T11:35:27.348Z] [GBPUSD] [REAL] Placing SHORT order for 100000 units...
[EXECUTOR] Entering SHORT 100000 GBP/USD TP=1.35253 SL=1.35701
[2026-02-26T11:35:28.103Z] [EURUSD] Analysis: GOOD - The trade was successful as the market structure was bearish (-1), indicating a downward trend. The ...
[2026-02-26T11:35:28.104Z] Results saved (75 total trades)
[2026-02-26T11:35:28.107Z] Global trades saved (173 total trades)
   [LEVELS] Entry: 1.18028 (LIMIT)
   [LEVELS] SL: 1.17994 (NORMAL)
   [LEVELS] TP: 1.18080 | Path: SOME_OBSTACLES | RR: 1.53
[2026-02-26T11:35:28.109Z] [EURUSD_GPT5] SIGNAL: LONG | Entry: 1.18028 | SL: 1.17994 | TP: 1.1808 | Risk: 0.34
[2026-02-26T11:35:28.109Z] [EURUSD_GPT5] Reasoning: Dir: Wait for clarity. If price reclaims and holds abov | Conf: The market’s story is bearish-to-neutral, not bull...
[2026-02-26T11:35:28.109Z] [EURUSD_GPT5] [REAL] Placing LONG order for 100000 units...
[EXECUTOR] Entering LONG 100000 EUR/USD TP=1.1808 SL=1.17994
[EXECUTOR] Entry filled at 1.35401
[2026-02-26T11:35:28.753Z] [GBPUSD] [REAL] Order filled at 1.35401 (TP order: 279, SL order: 280)
[2026-02-26T11:35:28.754Z] [GBPUSD] ENTERED SHORT @ 1.35401 | SL: 1.35701 | TP: 1.35253 | Size: 100000
[EXECUTOR STDERR] [ERROR] 326: Unable to connect as the client id is already in use. Retry with a unique client id.
[EXECUTOR] Entry failed: Failed to connect to TWS/IB Gateway
[2026-02-26T11:35:38.567Z] [EURUSD_GPT5] [REAL] Order FAILED: Failed to connect to TWS/IB Gateway
[2026-02-26T11:40:04.141Z] [USDJPY] New bar: 20260226 11:35:00 | O:156.05250 H:156.05250 L:156.02700 C:156.03100
[2026-02-26T11:40:04.558Z] [GBPUSD] New bar: 20260226 11:35:00 | O:1.35388 H:1.35406 L:1.35367 C:1.35396
[2026-02-26T11:40:04.600Z] [EURUSD] New bar: 20260226 11:35:00 | O:1.18005 H:1.18029 L:1.18000 C:1.18027
[2026-02-26T11:40:04.756Z] [EURUSD] Calling AI agents for trade decision...
   [DIRECTION] Analyzing market structure...
[2026-02-26T11:40:04.756Z] [EURUSD_GPT5] New bar: 20260226 11:35:00 | O:1.18005 H:1.18029 L:1.18000 C:1.18027
[2026-02-26T11:40:04.908Z] [EURUSD_GPT5] Calling AI agents for trade decision...
   [DIRECTION] Analyzing market structure...
   [DIRECTION] BEARISH (MEDIUM)
   [DIRECTION] Consider shorting at resistance around 1.18217, targeting the support level at 1...
   [CONFIDENCE] Assessing setup quality...
   [DIRECTION] UNCLEAR (LOW clarity)
   [DIRECTION] Readability: MESSY
   [DIRECTION] Wait for clarity. If price cleanly breaks and holds below 1.18023 (session low) ...
   [DIRECTION] No clear direction - will assess both sides
   [CONFIDENCE] Assessing setup quality...
[EXECUTOR STDERR] [ERROR] 326: Unable to connect as the client id is already in use. Retry with a unique client id.
[2026-02-26T11:40:15.002Z] [GBPUSD] [REAL] Position closed by bracket order - TP
[2026-02-26T11:40:15.003Z] [GBPUSD] [REAL] Closing position...
[EXECUTOR] Closing position for GBP/USD
   [CONFIDENCE] Probability: 55%
   [CONFIDENCE] MARGINAL: Consider proceeding with reduced size due to proximity to su...
   [LEVELS] Determining entry, SL, TP...
   [CONFIDENCE] Probability: 31%
   [CONFIDENCE] Coherence: INCOHERENT | Sizing: N/A
   [CONFIDENCE] The market is not telling a clean long story. Structure and momentum are bearish...
   [LEVELS] Determining entry, SL, TP...
   [LEVELS] Entry: 1.18217 (LIMIT)
   [LEVELS] SL: 1.18257 | TP: 1.17973 | RR: 1.50
[2026-02-26T11:40:22.216Z] [EURUSD] SIGNAL: SHORT | Entry: 1.18217 | SL: 1.18257 | TP: 1.17973 | Risk: 0.55
[2026-02-26T11:40:22.217Z] [EURUSD] Reasoning: Dir: Consider shorting at resistance around 1.18217, ta | Conf: The setup shows a bearish bias with the price belo...
[2026-02-26T11:40:22.217Z] [EURUSD] [REAL] Placing SHORT order for 100000 units...
[EXECUTOR] Entering SHORT 100000 EUR/USD TP=1.17973 SL=1.18257
[EXECUTOR STDERR] [ERROR] 201: Order rejected - reason:Your account has a minimum of 15 orders working on either the buy or sell side for this particular contract. <br>An additional order on the same side for this contract will not be allowed until an existing order has been <br>cancelled or has executed. Please call the Trade Desk for further details.
[EXECUTOR] Close failed: Timeout waiting for fill
[2026-02-26T11:40:26.582Z] [GBPUSD] [REAL] Close result: {"success":false,"orderId":281,"status":"Inactive","error":"Timeout waiting for fill"}
[2026-02-26T11:40:26.583Z] [GBPUSD] CLOSED SHORT | TP @ 1.35396 | R: 0.02 | Weighted: 0.00
[2026-02-26T11:40:26.583Z] [GBPUSD] Bars in trade: 1 | Max favorable: 0.00034 | Max adverse: 0.00005
[2026-02-26T11:40:26.583Z] [GBPUSD] [REAL P&L] Gross: $5.00 | Commission: $4.00 | Net: $1.00
[2026-02-26T11:40:28.279Z] [GBPUSD] Analysis: GOOD - The trade was successful as the GBPUSD pair moved in the anticipated direction, hitting the take pro...
[2026-02-26T11:40:28.281Z] Results saved (76 total trades)
[2026-02-26T11:40:28.285Z] Global trades saved (174 total trades)
   [LEVELS] Entry: 1.18024 (LIMIT)
   [LEVELS] SL: 1.17994 (NORMAL)
   [LEVELS] TP: 1.18205 | Path: SOME_OBSTACLES | RR: 6.03
[2026-02-26T11:40:30.661Z] [EURUSD_GPT5] SIGNAL: LONG | Entry: 1.18024 | SL: 1.17994 | TP: 1.18205 | Risk: 0.31
[2026-02-26T11:40:30.661Z] [EURUSD_GPT5] Reasoning: Dir: Wait for clarity. If price cleanly breaks and hold | Conf: The market is not telling a clean long story. Stru...
[2026-02-26T11:40:30.661Z] [EURUSD_GPT5] [REAL] Placing LONG order for 100000 units...
[EXECUTOR] Entering LONG 100000 EUR/USD TP=1.18205 SL=1.17994
[EXECUTOR STDERR] [ERROR] 326: Unable to connect as the client id is already in use. Retry with a unique client id.
[EXECUTOR] Entry failed: Failed to connect to TWS/IB Gateway
[2026-02-26T11:40:32.623Z] [EURUSD] [REAL] Order FAILED: Failed to connect to TWS/IB Gateway
[EXECUTOR STDERR] [ERROR] 201: Order rejected - reason:Your account has a minimum of 15 orders working on either the buy or sell side for this particular contract. <br>An additional order on the same side for this contract will not be allowed until an existing order has been <br>cancelled or has executed. Please call the Trade Desk for further details.
[EXECUTOR] Entry failed: Entry order not filled
[2026-02-26T11:40:41.198Z] [EURUSD_GPT5] [REAL] Order FAILED: Entry order not filled
[2026-02-26T11:45:04.458Z] [EURUSD] New bar: 20260226 11:40:00 | O:1.18027 H:1.18030 L:1.18017 C:1.18022
[2026-02-26T11:45:04.588Z] [EURUSD] Calling AI agents for trade decision...
   [DIRECTION] Analyzing market structure...
[2026-02-26T11:45:04.588Z] [EURUSD_GPT5] New bar: 20260226 11:40:00 | O:1.18027 H:1.18030 L:1.18017 C:1.18022
[2026-02-26T11:45:04.726Z] [EURUSD_GPT5] Calling AI agents for trade decision...
   [DIRECTION] Analyzing market structure...
[2026-02-26T11:45:04.727Z] [GBPUSD] New bar: 20260226 11:40:00 | O:1.35396 H:1.35406 L:1.35372 C:1.35373
[2026-02-26T11:45:04.862Z] [GBPUSD] Calling AI agents for trade decision...
   [DIRECTION] Analyzing market structure...
[2026-02-26T11:45:04.865Z] [USDJPY] New bar: 20260226 11:40:00 | O:156.03100 H:156.03550 L:156.01600 C:156.03000
   [DIRECTION] BEARISH (MEDIUM)
   [DIRECTION] Consider shorting towards the support level at 1.35227. If the price approaches ...
   [CONFIDENCE] Assessing setup quality...
   [DIRECTION] BEARISH (MEDIUM)
   [DIRECTION] Consider shorting near the resistance level at 1.18217, targeting the support at...
   [CONFIDENCE] Assessing setup quality...
   [DIRECTION] UNCLEAR (LOW clarity)
   [DIRECTION] Readability: MESSY
   [DIRECTION] Wait for clarity. Price is sitting on/just under the session low/support zone wi...
   [DIRECTION] No clear direction - will assess both sides
   [CONFIDENCE] Assessing setup quality...
   [CONFIDENCE] Probability: 30%
   [CONFIDENCE] MARGINAL: Proceed with caution; consider waiting for a clearer breakou...
   [CONFIDENCE] BAD PATTERNS: RANGE: Trading in range-bound market without clear edge
   [LEVELS] Determining entry, SL, TP...
   [CONFIDENCE] Probability: 42%
   [CONFIDENCE] Coherence: INCOHERENT | Sizing: MINIMAL
   [CONFIDENCE] The dominant information is bearish/defensive: price is below the 50 EMA, the EM...
   [LEVELS] Determining entry, SL, TP...
   [LEVELS] Entry: 1.35421 (LIMIT)
   [LEVELS] SL: 1.35661 | TP: 1.35267 | RR: 1.50
[2026-02-26T11:45:24.573Z] [GBPUSD] SIGNAL: SHORT | Entry: 1.35421 | SL: 1.35661 | TP: 1.35267 | Risk: 0.3
[2026-02-26T11:45:24.573Z] [GBPUSD] Reasoning: Dir: Consider shorting towards the support level at 1.3 | Conf: The proposed trade has detected a bad pattern due ...
[2026-02-26T11:45:24.574Z] [GBPUSD] [REAL] Placing SHORT order for 100000 units...
[EXECUTOR] Entering SHORT 100000 GBP/USD TP=1.35267 SL=1.35661
[EXECUTOR STDERR] [ERROR] 201: Order rejected - reason:Your account has a minimum of 15 orders working on either the buy or sell side for this particular contract. <br>An additional order on the same side for this contract will not be allowed until an existing order has been <br>cancelled or has executed. Please call the Trade Desk for further details.
[EXECUTOR] Entry filled at 1.35365
[2026-02-26T11:45:25.971Z] [GBPUSD] [REAL] Order filled at 1.35365 (TP order: 284, SL order: 285)
[2026-02-26T11:45:25.971Z] [GBPUSD] ENTERED SHORT @ 1.35365 | SL: 1.35661 | TP: 1.35267 | Size: 100000
   [CONFIDENCE] Probability: 55%
   [CONFIDENCE] MARGINAL: Consider proceeding with reduced size due to the proximity t...
   [LEVELS] Determining entry, SL, TP...
   [LEVELS] Entry: 1.18008 (LIMIT)
   [LEVELS] SL: 1.17978 (TIGHT)
   [LEVELS] TP: 1.18200 | Path: SOME_OBSTACLES | RR: 6.40
[2026-02-26T11:45:28.779Z] [EURUSD_GPT5] SIGNAL: LONG | Entry: 1.18008 | SL: 1.17978 | TP: 1.182 | Risk: 0.35
[2026-02-26T11:45:28.779Z] [EURUSD_GPT5] Reasoning: Dir: Wait for clarity. Price is sitting on/just under t | Conf: The dominant information is bearish/defensive: pri...
[2026-02-26T11:45:28.779Z] [EURUSD_GPT5] [REAL] Placing LONG order for 100000 units...
[EXECUTOR] Entering LONG 100000 EUR/USD TP=1.182 SL=1.17978
   [LEVELS] Entry: 1.18030 (LIMIT)
   [LEVELS] SL: 1.18230 | TP: 1.17974 | RR: 1.50
[2026-02-26T11:45:33.587Z] [EURUSD] SIGNAL: SHORT | Entry: 1.1803 | SL: 1.1823 | TP: 1.17974 | Risk: 0.55
[2026-02-26T11:45:33.588Z] [EURUSD] Reasoning: Dir: Consider shorting near the resistance level at 1.1 | Conf: The setup has some strengths, such as being below ...
[2026-02-26T11:45:33.588Z] [EURUSD] [REAL] Placing SHORT order for 100000 units...
[EXECUTOR] Entering SHORT 100000 EUR/USD TP=1.17974 SL=1.1823
[EXECUTOR STDERR] [ERROR] 201: Order rejected - reason:Your account has a minimum of 15 orders working on either the buy or sell side for this particular contract. <br>An additional order on the same side for this contract will not be allowed until an existing order has been <br>cancelled or has executed. Please call the Trade Desk for further details.
[EXECUTOR] Entry failed: Entry order not filled
[2026-02-26T11:45:39.394Z] [EURUSD_GPT5] [REAL] Order FAILED: Entry order not filled
[EXECUTOR STDERR] [ERROR] 326: Unable to connect as the client id is already in use. Retry with a unique client id.
[EXECUTOR] Entry failed: Failed to connect to TWS/IB Gateway
[2026-02-26T11:45:44.037Z] [EURUSD] [REAL] Order FAILED: Failed to connect to TWS/IB Gateway
[2026-02-26T11:50:04.324Z] [GBPUSD] New bar: 20260226 11:45:00 | O:1.35373 H:1.35406 L:1.35363 C:1.35379
[2026-02-26T11:50:04.396Z] [USDJPY] New bar: 20260226 11:45:00 | O:156.03000 H:156.05250 L:156.01800 C:156.04750
[2026-02-26T11:50:04.417Z] [EURUSD] New bar: 20260226 11:45:00 | O:1.18022 H:1.18027 L:1.18008 C:1.18016
[2026-02-26T11:50:04.565Z] [EURUSD] Calling AI agents for trade decision...
   [DIRECTION] Analyzing market structure...
[2026-02-26T11:50:04.565Z] [EURUSD_GPT5] New bar: 20260226 11:45:00 | O:1.18022 H:1.18027 L:1.18008 C:1.18016
[2026-02-26T11:50:04.730Z] [EURUSD_GPT5] Calling AI agents for trade decision...
   [DIRECTION] Analyzing market structure...
   [DIRECTION] BEARISH (MEDIUM)
   [DIRECTION] Consider shorting at current levels (1.18016) with a target towards the support ...
   [CONFIDENCE] Assessing setup quality...
   [DIRECTION] UNCLEAR (LOW clarity)
   [DIRECTION] Readability: MESSY
   [DIRECTION] Wait for clarity. If price reclaims and holds above 1.18025/EMA50 with a clean h...
   [DIRECTION] No clear direction - will assess both sides
   [CONFIDENCE] Assessing setup quality...
[EXECUTOR STDERR] [ERROR] 326: Unable to connect as the client id is already in use. Retry with a unique client id.
[2026-02-26T11:50:14.806Z] [GBPUSD] [REAL] Position closed by bracket order - TP
[2026-02-26T11:50:14.807Z] [GBPUSD] [REAL] Closing position...
[EXECUTOR] Closing position for GBP/USD
   [CONFIDENCE] Probability: 55%
   [CONFIDENCE] MARGINAL: Consider proceeding with reduced size due to proximity to su...
   [LEVELS] Determining entry, SL, TP...
   [CONFIDENCE] Probability: 38%
   [CONFIDENCE] Coherence: INCOHERENT | Sizing: SKIP
   [CONFIDENCE] The cleanest story here is bearish-to-neutral, not bullish. Price is below the E...
   [LEVELS] Determining entry, SL, TP...
   [LEVELS] Entry: 1.18217 (LIMIT)
   [LEVELS] SL: 1.18257 | TP: 1.17990 | RR: 1.50
[2026-02-26T11:50:23.314Z] [EURUSD] SIGNAL: SHORT | Entry: 1.18217 | SL: 1.18257 | TP: 1.1799 | Risk: 0.55
[2026-02-26T11:50:23.314Z] [EURUSD] Reasoning: Dir: Consider shorting at current levels (1.18016) with | Conf: The setup has mixed signals. While the price is be...
[2026-02-26T11:50:23.314Z] [EURUSD] [REAL] Placing SHORT order for 100000 units...
[EXECUTOR] Entering SHORT 100000 EUR/USD TP=1.1799 SL=1.18257
[EXECUTOR STDERR] [ERROR] 201: Order rejected - reason:Your account has a minimum of 15 orders working on either the buy or sell side for this particular contract. <br>An additional order on the same side for this contract will not be allowed until an existing order has been <br>cancelled or has executed. Please call the Trade Desk for further details.
[EXECUTOR] Close failed: Timeout waiting for fill
[2026-02-26T11:50:26.360Z] [GBPUSD] [REAL] Close result: {"success":false,"orderId":287,"status":"Inactive","error":"Timeout waiting for fill"}
[2026-02-26T11:50:26.361Z] [GBPUSD] CLOSED SHORT | TP @ 1.35379 | R: -0.05 | Weighted: -0.01
[2026-02-26T11:50:26.361Z] [GBPUSD] Bars in trade: 1 | Max favorable: 0.00002 | Max adverse: 0.00041
[2026-02-26T11:50:26.362Z] [GBPUSD] [REAL P&L] Gross: $-14.00 | Commission: $4.00 | Net: $-18.00
[2026-02-26T11:50:28.724Z] [GBPUSD] Analysis: NEUTRAL - The trade was successful as the market moved in favor of the short position, reaching the take profi...
[2026-02-26T11:50:28.729Z] Results saved (77 total trades)
[2026-02-26T11:50:28.731Z] Global trades saved (175 total trades)
   [LEVELS] Entry: 1.18028 (LIMIT)
   [LEVELS] SL: 1.17988 (NORMAL)
   [LEVELS] TP: 1.18089 | Path: SOME_OBSTACLES | RR: 1.53
[2026-02-26T11:50:30.790Z] [EURUSD_GPT5] AI says WAIT: Confidence agent recommends SKIP: The cleanest story here is bearish-to-neutral, not bullish. Price ...
[EXECUTOR STDERR] [ERROR] 326: Unable to connect as the client id is already in use. Retry with a unique client id.
[EXECUTOR] Entry failed: Failed to connect to TWS/IB Gateway
[2026-02-26T11:50:33.665Z] [EURUSD] [REAL] Order FAILED: Failed to connect to TWS/IB Gateway
[2026-02-26T11:55:04.084Z] [EURUSD] New bar: 20260226 11:50:00 | O:1.18016 H:1.18029 L:1.18006 C:1.18013
[2026-02-26T11:55:04.238Z] [EURUSD] Calling AI agents for trade decision...
   [DIRECTION] Analyzing market structure...
[2026-02-26T11:55:04.239Z] [EURUSD_GPT5] New bar: 20260226 11:50:00 | O:1.18016 H:1.18029 L:1.18006 C:1.18013
[2026-02-26T11:55:04.377Z] [EURUSD_GPT5] Calling AI agents for trade decision...
   [DIRECTION] Analyzing market structure...
[2026-02-26T11:55:04.377Z] [USDJPY] New bar: 20260226 11:50:00 | O:156.04750 H:156.06900 L:156.03900 C:156.06100
[2026-02-26T11:55:04.445Z] [GBPUSD] New bar: 20260226 11:50:00 | O:1.35379 H:1.35387 L:1.35327 C:1.35336
[2026-02-26T11:55:04.593Z] [GBPUSD] Calling AI agents for trade decision...
   [DIRECTION] Analyzing market structure...
   [DIRECTION] BEARISH (MEDIUM)
   [DIRECTION] Consider a short position if the price approaches the resistance level at 1.3562...
   [CONFIDENCE] Assessing setup quality...
   [DIRECTION] UNCLEAR (LOW clarity)
   [DIRECTION] Readability: MESSY
   [DIRECTION] Wait for clarity. If price reclaims and holds back above 1.18025 and then 1.1803...
   [DIRECTION] No clear direction - will assess both sides
   [CONFIDENCE] Assessing setup quality...
   [DIRECTION] BEARISH (MEDIUM)
   [DIRECTION] Consider shorting if the price breaks below the support level at 1.18025, target...
   [CONFIDENCE] Assessing setup quality...
   [CONFIDENCE] Probability: 30%
   [CONFIDENCE] UNFAVORABLE: Consider waiting for a clearer setup, such as a break below ...
   [CONFIDENCE] BAD PATTERNS: RANGE: Trading in range-bound market without clear edge, SHALLOW PULLBACK: 0% retracement - no proper entry
   [LEVELS] Determining entry, SL, TP...
   [CONFIDENCE] Probability: 38%
   [CONFIDENCE] Coherence: INCOHERENT | Sizing: SKIP
   [CONFIDENCE] Nothing here supports a clean LONG thesis. Structure is pointing down, momentum ...
   [LEVELS] Determining entry, SL, TP...
   [CONFIDENCE] Probability: 55%
   [CONFIDENCE] MARGINAL: Consider entering with reduced size due to proximity to supp...
   [LEVELS] Determining entry, SL, TP...
   [LEVELS] Entry: 1.35421 (LIMIT)
   [LEVELS] SL: 1.35700 | TP: 1.35227 | RR: 1.50
[2026-02-26T11:55:21.071Z] [GBPUSD] SIGNAL: SHORT | Entry: 1.35421 | SL: 1.357 | TP: 1.35227 | Risk: 0.3
[2026-02-26T11:55:21.072Z] [GBPUSD] Reasoning: Dir: Consider a short position if the price approaches  | Conf: The proposed trade setup has identified two signif...
[2026-02-26T11:55:21.072Z] [GBPUSD] [REAL] Placing SHORT order for 100000 units...
[EXECUTOR] Entering SHORT 100000 GBP/USD TP=1.35227 SL=1.357
[EXECUTOR STDERR] [ERROR] 201: Order rejected - reason:Your account has a minimum of 15 orders working on either the buy or sell side for this particular contract. <br>An additional order on the same side for this contract will not be allowed until an existing order has been <br>cancelled or has executed. Please call the Trade Desk for further details.
[EXECUTOR] Entry filled at 1.35313
[2026-02-26T11:55:22.488Z] [GBPUSD] [REAL] Order filled at 1.35313 (TP order: 289, SL order: 290)
[2026-02-26T11:55:22.488Z] [GBPUSD] ENTERED SHORT @ 1.35313 | SL: 1.357 | TP: 1.35227 | Size: 100000
   [LEVELS] Entry: 1.18217 (LIMIT)
   [LEVELS] SL: 1.18277 | TP: 1.17963 | RR: 1.50
[2026-02-26T11:55:25.282Z] [EURUSD] SIGNAL: SHORT | Entry: 1.18217 | SL: 1.18277 | TP: 1.17963 | Risk: 0.55
[2026-02-26T11:55:25.283Z] [EURUSD] Reasoning: Dir: Consider shorting if the price breaks below the su | Conf: The proposed short trade has a mixed setup. While ...
[2026-02-26T11:55:25.283Z] [EURUSD] [REAL] Placing SHORT order for 100000 units...
[EXECUTOR] Entering SHORT 100000 EUR/USD TP=1.17963 SL=1.18277
[EXECUTOR STDERR] [ERROR] 201: Order rejected - reason:Your account has a minimum of 15 orders working on either the buy or sell side for this particular contract. <br>An additional order on the same side for this contract will not be allowed until an existing order has been <br>cancelled or has executed. Please call the Trade Desk for further details.
[EXECUTOR] Entry filled at 1.18006
[2026-02-26T11:55:26.688Z] [EURUSD] [REAL] Order filled at 1.18006 (TP order: 292, SL order: 293)
[2026-02-26T11:55:26.689Z] [EURUSD] ENTERED SHORT @ 1.18006 | SL: 1.18277 | TP: 1.17963 | Size: 100000
   [LEVELS] Entry: 1.17955 (LIMIT)
   [LEVELS] SL: 1.17920 (NORMAL)
   [LEVELS] TP: 1.18205 | Path: SOME_OBSTACLES | RR: 7.14
[2026-02-26T11:55:27.897Z] [EURUSD_GPT5] AI says WAIT: Confidence agent recommends SKIP: Nothing here supports a clean LONG thesis. Structure is pointing d...
[2026-02-26T12:00:04.044Z] [EURUSD] New bar: 20260226 11:55:00 | O:1.18013 H:1.18016 L:1.17996 C:1.18005
[2026-02-26T12:00:04.120Z] [EURUSD_GPT5] New bar: 20260226 11:55:00 | O:1.18013 H:1.18016 L:1.17996 C:1.18005
[2026-02-26T12:00:04.263Z] [EURUSD_GPT5] Calling AI agents for trade decision...
   [DIRECTION] Analyzing market structure...
[2026-02-26T12:00:04.264Z] [USDJPY] New bar: 20260226 11:55:00 | O:156.06100 H:156.08400 L:156.05300 C:156.07800
[2026-02-26T12:00:04.409Z] [GBPUSD] New bar: 20260226 11:55:00 | O:1.35336 H:1.35336 L:1.35288 C:1.35292
   [DIRECTION] UNCLEAR (LOW clarity)
   [DIRECTION] Readability: MESSY
   [DIRECTION] Wait for clarity. Price is sitting at/through near support with a flat EMA and c...
   [DIRECTION] No clear direction - will assess both sides
   [CONFIDENCE] Assessing setup quality...
[EXECUTOR STDERR] [ERROR] 326: Unable to connect as the client id is already in use. Retry with a unique client id.
[2026-02-26T12:00:14.653Z] [USDJPY] [REAL] Position closed by bracket order - TP
[2026-02-26T12:00:14.653Z] [USDJPY] [REAL] Closing position...
[EXECUTOR] Closing position for USD/JPY
[EXECUTOR STDERR] [ERROR] 326: Unable to connect as the client id is already in use. Retry with a unique client id.
[2026-02-26T12:00:15.158Z] [GBPUSD] [REAL] Position closed by bracket order - TP
[2026-02-26T12:00:15.158Z] [GBPUSD] [REAL] Closing position...
[EXECUTOR] Closing position for GBP/USD
[EXECUTOR] Position closed at 156.073
[2026-02-26T12:00:16.498Z] [USDJPY] [REAL] Position closed at 156.073
[2026-02-26T12:00:16.498Z] [USDJPY] CLOSED LONG | TP @ 156.073 | R: 0.40 | Weighted: 0.20
[2026-02-26T12:00:16.498Z] [USDJPY] Bars in trade: 6 | Max favorable: 0.06600 | Max adverse: 0.00250
[2026-02-26T12:00:16.498Z] [USDJPY] [REAL P&L] Gross: $5500.00 | Commission: $4.00 | Net: $5496.00
[2026-02-26T12:00:19.227Z] [USDJPY] Analysis: GOOD - The trade was successful as the price moved favorably from the entry point of 156.018 to the exit pr...
[2026-02-26T12:00:19.230Z] Results saved (78 total trades)
[2026-02-26T12:00:19.233Z] Global trades saved (176 total trades)
   [CONFIDENCE] Probability: 34%
   [CONFIDENCE] Coherence: INCOHERENT | Sizing: SKIP
   [CONFIDENCE] The market is not telling a clear long story. Most evidence clusters bearish: pr...
   [LEVELS] Determining entry, SL, TP...
[EXECUTOR STDERR] [ERROR] 326: Unable to connect as the client id is already in use. Retry with a unique client id.
[EXECUTOR] Close failed: Failed to connect to TWS/IB Gateway
[2026-02-26T12:00:25.577Z] [GBPUSD] [REAL] Close result: {"error":"Failed to connect to TWS/IB Gateway"}
[2026-02-26T12:00:25.577Z] [GBPUSD] CLOSED SHORT | TP @ 1.352915 | R: 0.06 | Weighted: 0.02
[2026-02-26T12:00:25.578Z] [GBPUSD] Bars in trade: 1 | Max favorable: 0.00025 | Max adverse: 0.00023
[2026-02-26T12:00:25.578Z] [GBPUSD] [REAL P&L] Gross: $21.50 | Commission: $4.00 | Net: $17.50
[2026-02-26T12:00:28.912Z] [GBPUSD] Analysis: GOOD - The trade was successful as the GBPUSD pair moved in the anticipated direction, allowing the trader ...
[2026-02-26T12:00:28.914Z] Results saved (79 total trades)
[2026-02-26T12:00:28.917Z] Global trades saved (177 total trades)
   [LEVELS] Entry: 1.17982 (LIMIT)
   [LEVELS] SL: 1.17924 (NORMAL)
   [LEVELS] TP: 1.18066 | Path: SOME_OBSTACLES | RR: 1.45
[2026-02-26T12:00:31.130Z] [EURUSD_GPT5] AI says WAIT: Confidence agent recommends SKIP: The market is not telling a clear long story. Most evidence cluste...
[2026-02-26T12:05:03.891Z] [EURUSD] New bar: 20260226 12:00:00 | O:1.18005 H:1.18020 L:1.18003 C:1.18013
[2026-02-26T12:05:03.970Z] [EURUSD_GPT5] New bar: 20260226 12:00:00 | O:1.18005 H:1.18020 L:1.18003 C:1.18013
[2026-02-26T12:05:04.109Z] [EURUSD_GPT5] Calling AI agents for trade decision...
   [DIRECTION] Analyzing market structure...
[2026-02-26T12:05:04.323Z] [GBPUSD] New bar: 20260226 12:00:00 | O:1.35292 H:1.35313 L:1.35280 C:1.35295
[2026-02-26T12:05:04.466Z] [GBPUSD] Calling AI agents for trade decision...
   [DIRECTION] Analyzing market structure...
[2026-02-26T12:05:04.466Z] [USDJPY] New bar: 20260226 12:00:00 | O:156.07800 H:156.10150 L:156.04950 C:156.07900
[2026-02-26T12:05:04.596Z] [USDJPY] Calling AI agents for trade decision...
   [DIRECTION] Analyzing market structure...
   [DIRECTION] NEUTRAL (MEDIUM)
   [DIRECTION] Wait for breakout. No clear trade setup in the current range....
   [DIRECTION] No clear direction - will assess both sides
   [CONFIDENCE] Assessing setup quality...
   [DIRECTION] UNCLEAR (LOW clarity)
   [DIRECTION] Readability: MESSY
   [DIRECTION] Wait for clarity. Market is sitting at/through reported support with a flat EMA ...
   [DIRECTION] No clear direction - will assess both sides
   [CONFIDENCE] Assessing setup quality...
   [DIRECTION] BEARISH (MEDIUM)
   [DIRECTION] Consider shorting near the resistance level at 1.35621, targeting the support at...
   [CONFIDENCE] Assessing setup quality...
   [CONFIDENCE] Probability: 45%
   [CONFIDENCE] MARGINAL: LOW conviction - size accordingly...
   [LEVELS] Determining entry, SL, TP...
   [CONFIDENCE] Probability: 41%
   [CONFIDENCE] Coherence: INCOHERENT | Sizing: N/A
   [CONFIDENCE] The market is not telling one clean story in favor of a LONG. Structure is point...
   [LEVELS] Determining entry, SL, TP...
   [LEVELS] Entry: 156.05250 (LIMIT)
   [LEVELS] SL: 155.92150 | TP: 156.16740 | RR: 3.20
[2026-02-26T12:05:20.263Z] [USDJPY] SIGNAL: LONG | Entry: 156.0525 | SL: 155.9215 | TP: 156.1674 | Risk: 0.505
[2026-02-26T12:05:20.264Z] [USDJPY] Reasoning: Dir: Wait for breakout. No clear trade setup in the cur | Conf: This probability reflects the mixed signals presen...
[2026-02-26T12:05:20.264Z] [USDJPY] [REAL] Placing LONG order for 100000 units...
[EXECUTOR] Entering LONG 100000 USD/JPY TP=156.1674 SL=155.9215
   [CONFIDENCE] Probability: 25%
   [CONFIDENCE] UNFAVORABLE: Consider waiting for a clearer trend or a more favorable ent...
   [CONFIDENCE] BAD PATTERNS: RANGE: Trading in range-bound market without clear edge, SHALLOW PULLBACK: 0% retracement - no proper entry
   [LEVELS] Determining entry, SL, TP...
[EXECUTOR STDERR] [ERROR] 110: The price does not conform to the minimum price variation for this contract.
[ERROR] 110: The price does not conform to the minimum price variation for this contract.
[EXECUTOR] Entry filled at 156.081
[2026-02-26T12:05:21.680Z] [USDJPY] [REAL] Order filled at 156.081 (TP order: 296, SL order: 297)
[2026-02-26T12:05:21.680Z] [USDJPY] ENTERED LONG @ 156.081 | SL: 155.9215 | TP: 156.1674 | Size: 100000
   [LEVELS] Entry: 1.35315 (LIMIT)
   [LEVELS] SL: 1.35701 | TP: 1.35155 | RR: 2.00
[2026-02-26T12:05:28.317Z] [GBPUSD] SIGNAL: SHORT | Entry: 1.35315 | SL: 1.35701 | TP: 1.35155 | Risk: 0.25
[2026-02-26T12:05:28.318Z] [GBPUSD] Reasoning: Dir: Consider shorting near the resistance level at 1.3 | Conf: The proposed trade setup has been identified with ...
[2026-02-26T12:05:28.318Z] [GBPUSD] [REAL] Placing SHORT order for 100000 units...
[EXECUTOR] Entering SHORT 100000 GBP/USD TP=1.35155 SL=1.35701
[EXECUTOR STDERR] [ERROR] 201: Order rejected - reason:Your account has a minimum of 15 orders working on either the buy or sell side for this particular contract. <br>An additional order on the same side for this contract will not be allowed until an existing order has been <br>cancelled or has executed. Please call the Trade Desk for further details.
[EXECUTOR] Entry filled at 1.35292
[2026-02-26T12:05:29.709Z] [GBPUSD] [REAL] Order filled at 1.35292 (TP order: 299, SL order: 300)
[2026-02-26T12:05:29.709Z] [GBPUSD] ENTERED SHORT @ 1.35292 | SL: 1.35701 | TP: 1.35155 | Size: 100000
   [LEVELS] Entry: 1.17970 (LIMIT)
   [LEVELS] SL: 1.17934 (NORMAL)
   [LEVELS] TP: 1.18098 | Path: SOME_OBSTACLES | RR: 3.56
[2026-02-26T12:05:30.461Z] [EURUSD_GPT5] SIGNAL: LONG | Entry: 1.1797 | SL: 1.17934 | TP: 1.18098 | Risk: 0.41
[2026-02-26T12:05:30.461Z] [EURUSD_GPT5] Reasoning: Dir: Wait for clarity. Market is sitting at/through rep | Conf: The market is not telling one clean story in favor...
[2026-02-26T12:05:30.461Z] [EURUSD_GPT5] [REAL] Placing LONG order for 100000 units...
[EXECUTOR] Entering LONG 100000 EUR/USD TP=1.18098 SL=1.17934
[EXECUTOR STDERR] [ERROR] 201: Order rejected - reason:Your account has a minimum of 15 orders working on either the buy or sell side for this particular contract. <br>An additional order on the same side for this contract will not be allowed until an existing order has been <br>cancelled or has executed. Please call the Trade Desk for further details.
[EXECUTOR] Entry failed: Entry order not filled
[2026-02-26T12:05:41.111Z] [EURUSD_GPT5] [REAL] Order FAILED: Entry order not filled
[2026-02-26T12:10:05.518Z] [EURUSD] New bar: 20260226 12:05:00 | O:1.18013 H:1.18026 L:1.17999 C:1.18023
[2026-02-26T12:10:05.579Z] [EURUSD_GPT5] New bar: 20260226 12:05:00 | O:1.18013 H:1.18026 L:1.17999 C:1.18023
[2026-02-26T12:10:05.745Z] [EURUSD_GPT5] Calling AI agents for trade decision...
   [DIRECTION] Analyzing market structure...
[2026-02-26T12:10:05.746Z] [GBPUSD] New bar: 20260226 12:05:00 | O:1.35295 H:1.35323 L:1.35282 C:1.35323
[2026-02-26T12:10:06.518Z] [USDJPY] New bar: 20260226 12:05:00 | O:156.07900 H:156.10950 L:156.07200 C:156.08800
   [DIRECTION] UNCLEAR (LOW clarity)
   [DIRECTION] Readability: MESSY
   [DIRECTION] Wait for clarity. If price breaks below 1.18023 and holds (no immediate reclaim)...
   [DIRECTION] No clear direction - will assess both sides
   [CONFIDENCE] Assessing setup quality...
[EXECUTOR STDERR] [ERROR] 326: Unable to connect as the client id is already in use. Retry with a unique client id.
[2026-02-26T12:10:16.189Z] [GBPUSD] [REAL] Position closed by bracket order - TP
[2026-02-26T12:10:16.189Z] [GBPUSD] [REAL] Closing position...
[EXECUTOR] Closing position for GBP/USD
[EXECUTOR STDERR] [ERROR] 326: Unable to connect as the client id is already in use. Retry with a unique client id.
[2026-02-26T12:10:16.937Z] [USDJPY] [REAL] Position closed by bracket order - TP
[2026-02-26T12:10:16.938Z] [USDJPY] [REAL] Closing position...
[EXECUTOR] Closing position for USD/JPY
   [CONFIDENCE] Probability: 38%
   [CONFIDENCE] Coherence: INCOHERENT | Sizing: SKIP
   [CONFIDENCE] This does not read like a market inviting a LONG. Structure is pointing down, pr...
   [LEVELS] Determining entry, SL, TP...
[EXECUTOR STDERR] [ERROR] 326: Unable to connect as the client id is already in use. Retry with a unique client id.
[EXECUTOR] Close failed: Failed to connect to TWS/IB Gateway
[2026-02-26T12:10:27.346Z] [USDJPY] [REAL] Close result: {"error":"Failed to connect to TWS/IB Gateway"}
[2026-02-26T12:10:27.346Z] [USDJPY] CLOSED LONG | TP @ 156.088 | R: 0.04 | Weighted: 0.02
[2026-02-26T12:10:27.347Z] [USDJPY] Bars in trade: 1 | Max favorable: 0.02850 | Max adverse: 0.00900
[2026-02-26T12:10:27.347Z] [USDJPY] [REAL P&L] Gross: $700.00 | Commission: $4.00 | Net: $696.00
[EXECUTOR STDERR] [ERROR] 201: Order rejected - reason:Your account has a minimum of 15 orders working on either the buy or sell side for this particular contract. <br>An additional order on the same side for this contract will not be allowed until an existing order has been <br>cancelled or has executed. Please call the Trade Desk for further details.
[EXECUTOR] Close failed: Timeout waiting for fill
[2026-02-26T12:10:27.706Z] [GBPUSD] [REAL] Close result: {"success":false,"orderId":302,"status":"Inactive","error":"Timeout waiting for fill"}
[2026-02-26T12:10:27.707Z] [GBPUSD] CLOSED SHORT | TP @ 1.353235 | R: -0.08 | Weighted: -0.02
[2026-02-26T12:10:27.707Z] [GBPUSD] Bars in trade: 1 | Max favorable: 0.00010 | Max adverse: 0.00032
[2026-02-26T12:10:27.707Z] [GBPUSD] [REAL P&L] Gross: $-31.50 | Commission: $4.00 | Net: $-35.50
[2026-02-26T12:10:30.098Z] [USDJPY] Analysis: GOOD - The trade was successful as the price moved slightly above the entry point, reaching the take profit...
[2026-02-26T12:10:30.100Z] Results saved (80 total trades)
[2026-02-26T12:10:30.104Z] Global trades saved (178 total trades)
[2026-02-26T12:10:30.877Z] [GBPUSD] Analysis: BAD - The trade was set to short GBPUSD at 1.35292 with a take profit at 1.35155. However, the exit price ...
[2026-02-26T12:10:30.879Z] Results saved (81 total trades)
[2026-02-26T12:10:30.882Z] Global trades saved (179 total trades)
   [LEVELS] Entry: 1.18005 (LIMIT)
   [LEVELS] SL: 1.17929 (NORMAL)
   [LEVELS] TP: 1.18190 | Path: SOME_OBSTACLES | RR: 2.40
[2026-02-26T12:10:30.902Z] [EURUSD_GPT5] AI says WAIT: Confidence agent recommends SKIP: This does not read like a market inviting a LONG. Structure is poi...
[2026-02-26T12:15:06.061Z] [GBPUSD] New bar: 20260226 12:10:00 | O:1.35323 H:1.35366 L:1.35315 C:1.35366
[2026-02-26T12:15:06.195Z] [GBPUSD] Calling AI agents for trade decision...
   [DIRECTION] Analyzing market structure...
[2026-02-26T12:15:06.196Z] [USDJPY] New bar: 20260226 12:10:00 | O:156.08800 H:156.09350 L:156.04000 C:156.05000
[2026-02-26T12:15:06.339Z] [USDJPY] Calling AI agents for trade decision...
   [DIRECTION] Analyzing market structure...
[2026-02-26T12:15:06.340Z] [EURUSD] New bar: 20260226 12:10:00 | O:1.18023 H:1.18053 L:1.18023 C:1.18048
[2026-02-26T12:15:06.408Z] [EURUSD_GPT5] New bar: 20260226 12:10:00 | O:1.18023 H:1.18053 L:1.18023 C:1.18048
[2026-02-26T12:15:06.558Z] [EURUSD_GPT5] Calling AI agents for trade decision...
   [DIRECTION] Analyzing market structure...
   [DIRECTION] NEUTRAL (HIGH)
   [DIRECTION] No clear trade; wait for breakout above resistance or below support for directio...
   [DIRECTION] No clear direction - will assess both sides
   [CONFIDENCE] Assessing setup quality...
   [DIRECTION] BEARISH (MEDIUM)
   [DIRECTION] Consider shorting the market if the price approaches the resistance level at 1.3...
   [CONFIDENCE] Assessing setup quality...
   [DIRECTION] UNCLEAR (LOW clarity)
   [DIRECTION] Readability: MODERATE
   [DIRECTION] Wait for clarity. If price holds above 1.18025 and then breaks/holds above 1.180...
   [DIRECTION] No clear direction - will assess both sides
   [CONFIDENCE] Assessing setup quality...
   [CONFIDENCE] Probability: 55%
   [CONFIDENCE] FAVORABLE: MODERATE conviction - size accordingly...
   [LEVELS] Determining entry, SL, TP...
   [CONFIDENCE] Probability: 30%
   [CONFIDENCE] MARGINAL: Consider waiting for a clearer breakout or a more definitive...
   [CONFIDENCE] BAD PATTERNS: RANGE: Trading in range-bound market without clear edge
   [LEVELS] Determining entry, SL, TP...
   [CONFIDENCE] Probability: 46%
   [CONFIDENCE] Coherence: INCOHERENT | Sizing: MINIMAL
   [CONFIDENCE] This does not read like a clean, unified LONG environment. Structure is down (th...
   [LEVELS] Determining entry, SL, TP...
   [LEVELS] Entry: 156.02000 (LIMIT)
   [LEVELS] SL: 155.98168 | TP: 156.16740 | RR: 4.10
[2026-02-26T12:15:21.781Z] [USDJPY] SIGNAL: LONG | Entry: 156.02 | SL: 155.98168 | TP: 156.1674 | Risk: 0.5950000000000001
[2026-02-26T12:15:21.782Z] [USDJPY] Reasoning: Dir: No clear trade; wait for breakout above resistance | Conf: This probability reflects a moderate edge due to t...
[2026-02-26T12:15:21.783Z] [USDJPY] [REAL] Placing LONG order for 100000 units...
[EXECUTOR] Entering LONG 100000 USD/JPY TP=156.1674 SL=155.98168
[EXECUTOR STDERR] [ERROR] 110: The price does not conform to the minimum price variation for this contract.
[ERROR] 110: The price does not conform to the minimum price variation for this contract.
[EXECUTOR] Entry filled at 156.044
[2026-02-26T12:15:23.203Z] [USDJPY] [REAL] Order filled at 156.044 (TP order: 304, SL order: 305)
[2026-02-26T12:15:23.203Z] [USDJPY] ENTERED LONG @ 156.044 | SL: 155.98168 | TP: 156.1674 | Size: 100000
   [LEVELS] Entry: 1.35415 (LIMIT)
   [LEVELS] SL: 1.35665 | TP: 1.35227 | RR: 1.80
[2026-02-26T12:15:24.911Z] [GBPUSD] SIGNAL: SHORT | Entry: 1.35415 | SL: 1.35665 | TP: 1.35227 | Risk: 0.3
[2026-02-26T12:15:24.911Z] [GBPUSD] Reasoning: Dir: Consider shorting the market if the price approach | Conf: While there is a clear bearish trend and the trade...
[2026-02-26T12:15:24.912Z] [GBPUSD] [REAL] Placing SHORT order for 100000 units...
[EXECUTOR] Entering SHORT 100000 GBP/USD TP=1.35227 SL=1.35665
[EXECUTOR STDERR] [ERROR] 201: Order rejected - reason:Your account has a minimum of 15 orders working on either the buy or sell side for this particular contract. <br>An additional order on the same side for this contract will not be allowed until an existing order has been <br>cancelled or has executed. Please call the Trade Desk for further details.
[EXECUTOR] Entry filled at 1.35387
[2026-02-26T12:15:26.311Z] [GBPUSD] [REAL] Order filled at 1.35387 (TP order: 307, SL order: 308)
[2026-02-26T12:15:26.312Z] [GBPUSD] ENTERED SHORT @ 1.35387 | SL: 1.35665 | TP: 1.35227 | Size: 100000
   [LEVELS] Entry: 1.18030 (LIMIT)
   [LEVELS] SL: 1.17926 (NORMAL)
   [LEVELS] TP: 1.18186 | Path: SOME_OBSTACLES | RR: 1.50
[2026-02-26T12:15:31.698Z] [EURUSD_GPT5] SIGNAL: LONG | Entry: 1.1803 | SL: 1.17926 | TP: 1.18186 | Risk: 0.35
[2026-02-26T12:15:31.698Z] [EURUSD_GPT5] Reasoning: Dir: Wait for clarity. If price holds above 1.18025 and | Conf: This does not read like a clean, unified LONG envi...
[2026-02-26T12:15:31.699Z] [EURUSD_GPT5] [REAL] Placing LONG order for 100000 units...
[EXECUTOR] Entering LONG 100000 EUR/USD TP=1.18186 SL=1.17926
[EXECUTOR STDERR] [ERROR] 201: Order rejected - reason:Your account has a minimum of 15 orders working on either the buy or sell side for this particular contract. <br>An additional order on the same side for this contract will not be allowed until an existing order has been <br>cancelled or has executed. Please call the Trade Desk for further details.
[EXECUTOR] Entry failed: Entry order not filled
[2026-02-26T12:15:42.314Z] [EURUSD_GPT5] [REAL] Order FAILED: Entry order not filled
[2026-02-26T12:20:05.582Z] [GBPUSD] New bar: 20260226 12:15:00 | O:1.35366 H:1.35410 L:1.35365 C:1.35409
[2026-02-26T12:20:05.651Z] [EURUSD] New bar: 20260226 12:15:00 | O:1.18048 H:1.18070 L:1.18045 C:1.18060
[2026-02-26T12:20:05.672Z] [EURUSD_GPT5] New bar: 20260226 12:15:00 | O:1.18048 H:1.18070 L:1.18045 C:1.18060
[2026-02-26T12:20:05.818Z] [EURUSD_GPT5] Calling AI agents for trade decision...
   [DIRECTION] Analyzing market structure...
[2026-02-26T12:20:05.819Z] [USDJPY] New bar: 20260226 12:15:00 | O:156.05000 H:156.05200 L:155.99150 C:156.00200
   [DIRECTION] UNCLEAR (LOW clarity)
   [DIRECTION] Readability: MODERATE
   [DIRECTION] Wait for clarity. If price holds above 1.18025 and builds a higher low, the only...
   [DIRECTION] No clear direction - will assess both sides
   [CONFIDENCE] Assessing setup quality...
[EXECUTOR STDERR] [ERROR] 326: Unable to connect as the client id is already in use. Retry with a unique client id.
[2026-02-26T12:20:16.062Z] [EURUSD] [REAL] Position closed by bracket order - TP
[2026-02-26T12:20:16.062Z] [EURUSD] [REAL] Closing position...
[EXECUTOR] Closing position for EUR/USD
[EXECUTOR STDERR] [ERROR] 326: Unable to connect as the client id is already in use. Retry with a unique client id.
[2026-02-26T12:20:16.607Z] [USDJPY] [REAL] Position closed by bracket order - TP
[2026-02-26T12:20:16.608Z] [USDJPY] [REAL] Closing position...
[EXECUTOR] Closing position for USD/JPY
   [CONFIDENCE] Probability: 47%
   [CONFIDENCE] Coherence: INCOHERENT | Sizing: REDUCED
   [CONFIDENCE] This does not read like a clean long environment. Structure is still pointing do...
   [LEVELS] Determining entry, SL, TP...
[EXECUTOR STDERR] [ERROR] 326: Unable to connect as the client id is already in use. Retry with a unique client id.
[EXECUTOR] Close failed: Failed to connect to TWS/IB Gateway
[2026-02-26T12:20:27.038Z] [USDJPY] [REAL] Close result: {"error":"Failed to connect to TWS/IB Gateway"}
[2026-02-26T12:20:27.038Z] [USDJPY] CLOSED LONG | TP @ 156.002 | R: -0.67 | Weighted: -0.40
[2026-02-26T12:20:27.039Z] [USDJPY] Bars in trade: 1 | Max favorable: 0.00800 | Max adverse: 0.05250
[2026-02-26T12:20:27.039Z] [USDJPY] [REAL P&L] Gross: $-4200.00 | Commission: $4.00 | Net: $-4204.00
[EXECUTOR STDERR] [ERROR] 201: Order rejected - reason:Your account has a minimum of 15 orders working on either the buy or sell side for this particular contract. <br>An additional order on the same side for this contract will not be allowed until an existing order has been <br>cancelled or has executed. Please call the Trade Desk for further details.
[EXECUTOR] Close failed: Timeout waiting for fill
[2026-02-26T12:20:27.612Z] [EURUSD] [REAL] Close result: {"success":false,"orderId":310,"status":"Inactive","error":"Timeout waiting for fill"}
[2026-02-26T12:20:27.612Z] [EURUSD] CLOSED SHORT | TP @ 1.180595 | R: -0.20 | Weighted: -0.11
[2026-02-26T12:20:27.613Z] [EURUSD] Bars in trade: 5 | Max favorable: 0.00010 | Max adverse: 0.00063
[2026-02-26T12:20:27.613Z] [EURUSD] [REAL P&L] Gross: $-53.50 | Commission: $4.00 | Net: $-57.50
[2026-02-26T12:20:29.892Z] [EURUSD] Analysis: BAD - The trade was set up with a short position on EURUSD, anticipating a downward movement. However, the...
[2026-02-26T12:20:29.905Z] Results saved (82 total trades)
[2026-02-26T12:20:29.909Z] Global trades saved (180 total trades)
   [LEVELS] Entry: 1.18030 (LIMIT)
   [LEVELS] SL: 1.17985 (NORMAL)
   [LEVELS] TP: 1.18100 | Path: SOME_OBSTACLES | RR: 1.56
[2026-02-26T12:20:30.733Z] [EURUSD_GPT5] SIGNAL: LONG | Entry: 1.1803 | SL: 1.17985 | TP: 1.181 | Risk: 0.47
[2026-02-26T12:20:30.734Z] [EURUSD_GPT5] Reasoning: Dir: Wait for clarity. If price holds above 1.18025 and | Conf: This does not read like a clean long environment. ...
[2026-02-26T12:20:30.734Z] [EURUSD_GPT5] [REAL] Placing LONG order for 100000 units...
[EXECUTOR] Entering LONG 100000 EUR/USD TP=1.181 SL=1.17985
[2026-02-26T12:20:30.943Z] [USDJPY] Analysis: BAD - The trade was set to take profit at 156.1674, but the exit price was 156.002, which indicates that t...
[2026-02-26T12:20:30.945Z] Results saved (83 total trades)
[2026-02-26T12:20:30.947Z] Global trades saved (181 total trades)
[EXECUTOR STDERR] [ERROR] 201: Order rejected - reason:Your account has a minimum of 15 orders working on either the buy or sell side for this particular contract. <br>An additional order on the same side for this contract will not be allowed until an existing order has been <br>cancelled or has executed. Please call the Trade Desk for further details.
[EXECUTOR] Entry failed: Entry order not filled
[2026-02-26T12:20:41.352Z] [EURUSD_GPT5] [REAL] Order FAILED: Entry order not filled
[2026-02-26T12:25:05.600Z] [EURUSD] New bar: 20260226 12:20:00 | O:1.18060 H:1.18060 L:1.18034 C:1.18034
[2026-02-26T12:25:05.736Z] [EURUSD] Calling AI agents for trade decision...
   [DIRECTION] Analyzing market structure...
[2026-02-26T12:25:05.737Z] [EURUSD_GPT5] New bar: 20260226 12:20:00 | O:1.18060 H:1.18060 L:1.18034 C:1.18034
[2026-02-26T12:25:05.887Z] [EURUSD_GPT5] Calling AI agents for trade decision...
   [DIRECTION] Analyzing market structure...
[2026-02-26T12:25:05.887Z] [USDJPY] New bar: 20260226 12:20:00 | O:156.00200 H:156.04000 L:156.00100 C:156.02700
[2026-02-26T12:25:06.029Z] [USDJPY] Calling AI agents for trade decision...
   [DIRECTION] Analyzing market structure...
[2026-02-26T12:25:06.063Z] [GBPUSD] New bar: 20260226 12:20:00 | O:1.35409 H:1.35410 L:1.35376 C:1.35386
   [DIRECTION] NEUTRAL (HIGH)
   [DIRECTION] No clear trade; wait for breakout above resistance or below support....
   [DIRECTION] No clear direction - will assess both sides
   [CONFIDENCE] Assessing setup quality...
   [DIRECTION] BULLISH (MEDIUM)
   [DIRECTION] Consider entering a long position near the support level at 1.18025, with a targ...
   [CONFIDENCE] Assessing setup quality...
   [DIRECTION] UNCLEAR (LOW clarity)
   [DIRECTION] Readability: MESSY
   [DIRECTION] Wait for clarity. The decision area is 1.18025 support. Only consider a short if...
   [DIRECTION] No clear direction - will assess both sides
   [CONFIDENCE] Assessing setup quality...
   [CONFIDENCE] Probability: 45%
   [CONFIDENCE] MARGINAL: LOW conviction - size accordingly...
   [LEVELS] Determining entry, SL, TP...
   [CONFIDENCE] Probability: 55%
   [CONFIDENCE] MARGINAL: Consider entering with reduced size and monitor for price ac...
   [LEVELS] Determining entry, SL, TP...
   [LEVELS] Entry: 156.01950 (LIMIT)
   [LEVELS] SL: 155.92150 | TP: 156.10250 | RR: 2.00
[2026-02-26T12:25:19.438Z] [USDJPY] SIGNAL: LONG | Entry: 156.0195 | SL: 155.9215 | TP: 156.1025 | Risk: 0.505
[2026-02-26T12:25:19.438Z] [USDJPY] Reasoning: Dir: No clear trade; wait for breakout above resistance | Conf: This probability reflects the mixed signals in the...
[2026-02-26T12:25:19.439Z] [USDJPY] [REAL] Placing LONG order for 100000 units...
[EXECUTOR] Entering LONG 100000 USD/JPY TP=156.1025 SL=155.9215
   [CONFIDENCE] Probability: 46%
   [CONFIDENCE] Coherence: INCOHERENT | Sizing: REDUCED
   [CONFIDENCE] This does not read like a clean long environment. The higher-level structural st...
   [LEVELS] Determining entry, SL, TP...
[EXECUTOR STDERR] [ERROR] 110: The price does not conform to the minimum price variation for this contract.
[ERROR] 110: The price does not conform to the minimum price variation for this contract.
[EXECUTOR] Entry filled at 156.005
[2026-02-26T12:25:20.860Z] [USDJPY] [REAL] Order filled at 156.005 (TP order: 313, SL order: 314)
[2026-02-26T12:25:20.860Z] [USDJPY] ENTERED LONG @ 156.005 | SL: 155.9215 | TP: 156.1025 | Size: 100000
   [LEVELS] Entry: 1.18025 (LIMIT)
   [LEVELS] SL: 1.17994 | TP: 1.18066 | RR: 1.95
[2026-02-26T12:25:22.380Z] [EURUSD] SIGNAL: LONG | Entry: 1.18025 | SL: 1.17994 | TP: 1.18066 | Risk: 0.55
[2026-02-26T12:25:22.381Z] [EURUSD] Reasoning: Dir: Consider entering a long position near the support | Conf: The setup shows mixed signals. The price is above ...
[2026-02-26T12:25:22.382Z] [EURUSD] [REAL] Placing LONG order for 100000 units...
[EXECUTOR] Entering LONG 100000 EUR/USD TP=1.18066 SL=1.17994
   [LEVELS] Entry: 1.18025 (LIMIT)
   [LEVELS] SL: 1.17978 (NORMAL)
   [LEVELS] TP: 1.18094 | Path: SOME_OBSTACLES | RR: 1.49
[2026-02-26T12:25:29.540Z] [EURUSD_GPT5] SIGNAL: LONG | Entry: 1.18025 | SL: 1.17978 | TP: 1.18094 | Risk: 0.46
[2026-02-26T12:25:29.540Z] [EURUSD_GPT5] Reasoning: Dir: Wait for clarity. The decision area is 1.18025 sup | Conf: This does not read like a clean long environment. ...
[2026-02-26T12:25:29.541Z] [EURUSD_GPT5] [REAL] Placing LONG order for 100000 units...
[EXECUTOR] Entering LONG 100000 EUR/USD TP=1.18094 SL=1.17978
[EXECUTOR STDERR] [ERROR] 201: Order rejected - reason:Your account has a minimum of 15 orders working on either the buy or sell side for this particular contract. <br>An additional order on the same side for this contract will not be allowed until an existing order has been <br>cancelled or has executed. Please call the Trade Desk for further details.
[EXECUTOR] Entry failed: Entry order not filled
[2026-02-26T12:25:33.052Z] [EURUSD] [REAL] Order FAILED: Entry order not filled
[EXECUTOR STDERR] [ERROR] 326: Unable to connect as the client id is already in use. Retry with a unique client id.
[EXECUTOR] Entry failed: Failed to connect to TWS/IB Gateway
[2026-02-26T12:25:39.887Z] [EURUSD_GPT5] [REAL] Order FAILED: Failed to connect to TWS/IB Gateway
[2026-02-26T12:30:05.743Z] [USDJPY] New bar: 20260226 12:25:00 | O:156.02700 H:156.02700 L:155.99000 C:155.99650
[2026-02-26T12:30:06.065Z] [GBPUSD] New bar: 20260226 12:25:00 | O:1.35386 H:1.35397 L:1.35374 C:1.35394
[2026-02-26T12:30:06.083Z] [EURUSD] New bar: 20260226 12:25:00 | O:1.18034 H:1.18060 L:1.18027 C:1.18058
[2026-02-26T12:30:06.222Z] [EURUSD] Calling AI agents for trade decision...
   [DIRECTION] Analyzing market structure...
[2026-02-26T12:30:06.223Z] [EURUSD_GPT5] New bar: 20260226 12:25:00 | O:1.18034 H:1.18060 L:1.18027 C:1.18058
[2026-02-26T12:30:06.374Z] [EURUSD_GPT5] Calling AI agents for trade decision...
   [DIRECTION] Analyzing market structure...
   [DIRECTION] BULLISH (MEDIUM)
   [DIRECTION] Consider entering a long position if the price breaks above the resistance at 1....
   [CONFIDENCE] Assessing setup quality...
   [DIRECTION] UNCLEAR (LOW clarity)
   [DIRECTION] Readability: MODERATE
   [DIRECTION] Wait for clarity. If price holds above 1.18025 and builds a clean higher low (no...
   [DIRECTION] No clear direction - will assess both sides
   [CONFIDENCE] Assessing setup quality...
[EXECUTOR STDERR] [ERROR] 326: Unable to connect as the client id is already in use. Retry with a unique client id.
[2026-02-26T12:30:16.444Z] [GBPUSD] [REAL] Position closed by bracket order - TP
[2026-02-26T12:30:16.444Z] [GBPUSD] [REAL] Closing position...
[EXECUTOR] Closing position for GBP/USD
   [CONFIDENCE] Probability: 55%
   [CONFIDENCE] MARGINAL: Consider entering with reduced size due to weak momentum and...
   [LEVELS] Determining entry, SL, TP...
   [CONFIDENCE] Probability: 47%
   [CONFIDENCE] Coherence: INCOHERENT | Sizing: REDUCED
   [CONFIDENCE] This market is not telling one clean story. The broader structure reads bearish ...
   [LEVELS] Determining entry, SL, TP...
   [LEVELS] Entry: 1.18030 (LIMIT)
   [LEVELS] SL: 1.17980 | TP: 1.18100 | RR: 1.50
[2026-02-26T12:30:23.408Z] [EURUSD] SIGNAL: LONG | Entry: 1.1803 | SL: 1.1798 | TP: 1.181 | Risk: 0.55
[2026-02-26T12:30:23.409Z] [EURUSD] Reasoning: Dir: Consider entering a long position if the price bre | Conf: The setup has some positive aspects, such as the p...
[2026-02-26T12:30:23.409Z] [EURUSD] [REAL] Placing LONG order for 100000 units...
[EXECUTOR] Entering LONG 100000 EUR/USD TP=1.181 SL=1.1798
[EXECUTOR STDERR] [ERROR] 201: Order rejected - reason:Your account has a minimum of 15 orders working on either the buy or sell side for this particular contract. <br>An additional order on the same side for this contract will not be allowed until an existing order has been <br>cancelled or has executed. Please call the Trade Desk for further details.
[EXECUTOR] Close failed: Timeout waiting for fill
[2026-02-26T12:30:27.965Z] [GBPUSD] [REAL] Close result: {"success":false,"orderId":316,"status":"Inactive","error":"Timeout waiting for fill"}
[2026-02-26T12:30:27.966Z] [GBPUSD] CLOSED SHORT | TP @ 1.353945 | R: -0.03 | Weighted: -0.01
[2026-02-26T12:30:27.966Z] [GBPUSD] Bars in trade: 3 | Max favorable: 0.00022 | Max adverse: 0.00023
[2026-02-26T12:30:27.966Z] [GBPUSD] [REAL P&L] Gross: $-7.50 | Commission: $4.00 | Net: $-11.50
   [LEVELS] Entry: 1.18028 (LIMIT)
   [LEVELS] SL: 1.17978 (NORMAL)
   [LEVELS] TP: 1.18103 | Path: SOME_OBSTACLES | RR: 1.50
[2026-02-26T12:30:28.823Z] [EURUSD_GPT5] SIGNAL: LONG | Entry: 1.18028 | SL: 1.17978 | TP: 1.18103 | Risk: 0.47
[2026-02-26T12:30:28.824Z] [EURUSD_GPT5] Reasoning: Dir: Wait for clarity. If price holds above 1.18025 and | Conf: This market is not telling one clean story. The br...
[2026-02-26T12:30:28.824Z] [EURUSD_GPT5] [REAL] Placing LONG order for 100000 units...
[EXECUTOR] Entering LONG 100000 EUR/USD TP=1.18103 SL=1.17978
[2026-02-26T12:30:30.903Z] [GBPUSD] Analysis: GOOD - The trade was successful as the price moved in the expected direction, hitting the take profit level...
[2026-02-26T12:30:30.905Z] Results saved (84 total trades)
[2026-02-26T12:30:30.907Z] Global trades saved (182 total trades)
[EXECUTOR STDERR] [ERROR] 326: Unable to connect as the client id is already in use. Retry with a unique client id.
[EXECUTOR] Entry failed: Failed to connect to TWS/IB Gateway
[2026-02-26T12:30:33.835Z] [EURUSD] [REAL] Order FAILED: Failed to connect to TWS/IB Gateway
[EXECUTOR STDERR] [ERROR] 201: Order rejected - reason:Your account has a minimum of 15 orders working on either the buy or sell side for this particular contract. <br>An additional order on the same side for this contract will not be allowed until an existing order has been <br>cancelled or has executed. Please call the Trade Desk for further details.
[EXECUTOR] Entry failed: Entry order not filled
[2026-02-26T12:30:39.366Z] [EURUSD_GPT5] [REAL] Order FAILED: Entry order not filled
[2026-02-26T12:35:05.431Z] [USDJPY] New bar: 20260226 12:30:00 | O:155.99650 H:156.00800 L:155.98300 C:156.00500
[2026-02-26T12:35:05.751Z] [EURUSD] New bar: 20260226 12:30:00 | O:1.18058 H:1.18074 L:1.18049 C:1.18052
[2026-02-26T12:35:05.886Z] [EURUSD] Calling AI agents for trade decision...
   [DIRECTION] Analyzing market structure...
[2026-02-26T12:35:05.887Z] [EURUSD_GPT5] New bar: 20260226 12:30:00 | O:1.18058 H:1.18074 L:1.18049 C:1.18052
[2026-02-26T12:35:06.029Z] [EURUSD_GPT5] Calling AI agents for trade decision...
   [DIRECTION] Analyzing market structure...
[2026-02-26T12:35:06.066Z] [GBPUSD] New bar: 20260226 12:30:00 | O:1.35394 H:1.35421 L:1.35380 C:1.35387
[2026-02-26T12:35:06.204Z] [GBPUSD] Calling AI agents for trade decision...
   [DIRECTION] Analyzing market structure...
   [DIRECTION] BEARISH (MEDIUM)
   [DIRECTION] Consider shorting near the resistance level at 1.35621, with a target towards th...
   [CONFIDENCE] Assessing setup quality...
   [DIRECTION] BULLISH (MEDIUM)
   [DIRECTION] Consider entering a long position if the price approaches the support level at 1...
   [CONFIDENCE] Assessing setup quality...
   [DIRECTION] UNCLEAR (LOW clarity)
   [DIRECTION] Readability: MODERATE
   [DIRECTION] Wait for clarity. If price cleanly rejects 1.18025 and reclaims/holds above ~1.1...
   [DIRECTION] No clear direction - will assess both sides
   [CONFIDENCE] Assessing setup quality...
   [CONFIDENCE] Probability: 55%
   [CONFIDENCE] MARGINAL: Consider entering with reduced size due to the lack of stron...
   [LEVELS] Determining entry, SL, TP...
   [CONFIDENCE] Probability: 30%
   [CONFIDENCE] MARGINAL: Consider waiting for a clearer breakout below the support le...
   [CONFIDENCE] BAD PATTERNS: RANGE: Trading in range-bound market without clear edge
   [LEVELS] Determining entry, SL, TP...
   [CONFIDENCE] Probability: 46%
   [CONFIDENCE] Coherence: INCOHERENT | Sizing: MINIMAL
   [CONFIDENCE] This does not read like a clean long story. The structure is pointing down while...
   [LEVELS] Determining entry, SL, TP...
   [LEVELS] Entry: 1.18030 (LIMIT)
   [LEVELS] SL: 1.17980 | TP: 1.18200 | RR: 2.67
[2026-02-26T12:35:23.843Z] [EURUSD] SIGNAL: LONG | Entry: 1.1803 | SL: 1.1798 | TP: 1.182 | Risk: 0.55
[2026-02-26T12:35:23.844Z] [EURUSD] Reasoning: Dir: Consider entering a long position if the price app | Conf: The setup shows some bullish bias as the price is ...
[2026-02-26T12:35:23.844Z] [EURUSD] [REAL] Placing LONG order for 100000 units...
[EXECUTOR] Entering LONG 100000 EUR/USD TP=1.182 SL=1.1798
   [LEVELS] Entry: 1.35421 (LIMIT)
   [LEVELS] SL: 1.35491 | TP: 1.35267 | RR: 1.50
[2026-02-26T12:35:23.993Z] [GBPUSD] SIGNAL: SHORT | Entry: 1.35421 | SL: 1.35491 | TP: 1.35267 | Risk: 0.3
[2026-02-26T12:35:23.993Z] [GBPUSD] Reasoning: Dir: Consider shorting near the resistance level at 1.3 | Conf: The proposed trade is a short position in a downtr...
[2026-02-26T12:35:23.993Z] [GBPUSD] [REAL] Placing SHORT order for 100000 units...
[EXECUTOR] Entering SHORT 100000 GBP/USD TP=1.35267 SL=1.35491
   [LEVELS] Entry: 1.18030 (LIMIT)
   [LEVELS] SL: 1.17998 (NORMAL)
   [LEVELS] TP: 1.18074 | Path: SOME_OBSTACLES | RR: 1.38
[2026-02-26T12:35:29.703Z] [EURUSD_GPT5] SIGNAL: LONG | Entry: 1.1803 | SL: 1.17998 | TP: 1.18074 | Risk: 0.35
[2026-02-26T12:35:29.704Z] [EURUSD_GPT5] Reasoning: Dir: Wait for clarity. If price cleanly rejects 1.18025 | Conf: This does not read like a clean long story. The st...
[2026-02-26T12:35:29.704Z] [EURUSD_GPT5] [REAL] Placing LONG order for 100000 units...
[EXECUTOR] Entering LONG 100000 EUR/USD TP=1.18074 SL=1.17998
[EXECUTOR STDERR] [ERROR] 326: Unable to connect as the client id is already in use. Retry with a unique client id.
[EXECUTOR] Entry failed: Failed to connect to TWS/IB Gateway
[2026-02-26T12:35:34.347Z] [GBPUSD] [REAL] Order FAILED: Failed to connect to TWS/IB Gateway
[EXECUTOR STDERR] [ERROR] 201: Order rejected - reason:Your account has a minimum of 15 orders working on either the buy or sell side for this particular contract. <br>An additional order on the same side for this contract will not be allowed until an existing order has been <br>cancelled or has executed. Please call the Trade Desk for further details.
[EXECUTOR] Entry failed: Entry order not filled
[2026-02-26T12:35:34.455Z] [EURUSD] [REAL] Order FAILED: Entry order not filled
[EXECUTOR STDERR] [ERROR] 326: Unable to connect as the client id is already in use. Retry with a unique client id.
[EXECUTOR] Entry failed: Failed to connect to TWS/IB Gateway
[2026-02-26T12:35:40.087Z] [EURUSD_GPT5] [REAL] Order FAILED: Failed to connect to TWS/IB Gateway
[2026-02-26T12:40:06.062Z] [USDJPY] New bar: 20260226 12:35:00 | O:156.00500 H:156.04100 L:156.00450 C:156.04000
[2026-02-26T12:40:06.136Z] [GBPUSD] New bar: 20260226 12:35:00 | O:1.35387 H:1.35407 L:1.35363 C:1.35396
[2026-02-26T12:40:06.276Z] [GBPUSD] Calling AI agents for trade decision...
   [DIRECTION] Analyzing market structure...
[2026-02-26T12:40:06.278Z] [EURUSD] New bar: 20260226 12:35:00 | O:1.18052 H:1.18061 L:1.18033 C:1.18043
[2026-02-26T12:40:06.431Z] [EURUSD] Calling AI agents for trade decision...
   [DIRECTION] Analyzing market structure...
[2026-02-26T12:40:06.431Z] [EURUSD_GPT5] New bar: 20260226 12:35:00 | O:1.18052 H:1.18061 L:1.18033 C:1.18043
[2026-02-26T12:40:06.574Z] [EURUSD_GPT5] Calling AI agents for trade decision...
   [DIRECTION] Analyzing market structure...
   [DIRECTION] BULLISH (MEDIUM)
   [DIRECTION] Consider a long position near the support level at 1.18025, with a target toward...
   [CONFIDENCE] Assessing setup quality...
   [DIRECTION] BEARISH (MEDIUM)
   [DIRECTION] Consider shorting the market towards the support level at 1.35227. If the price ...
   [CONFIDENCE] Assessing setup quality...
   [DIRECTION] UNCLEAR (LOW clarity)
   [DIRECTION] Readability: MODERATE
   [DIRECTION] Wait for clarity. The only actionable area is the 1.18025 support decision point...
   [DIRECTION] No clear direction - will assess both sides
   [CONFIDENCE] Assessing setup quality...
   [CONFIDENCE] Probability: 55%
   [CONFIDENCE] MARGINAL: Consider proceeding with reduced size due to mixed signals a...
   [LEVELS] Determining entry, SL, TP...
   [CONFIDENCE] Probability: 30%
   [CONFIDENCE] MARGINAL: Consider waiting for a clearer breakout below the support le...
   [CONFIDENCE] BAD PATTERNS: RANGE: Trading in range-bound market without clear edge
   [LEVELS] Determining entry, SL, TP...
   [CONFIDENCE] Probability: 44%
   [CONFIDENCE] Coherence: INCOHERENT | Sizing: MINIMAL
   [CONFIDENCE] This does not read like a clean long environment. The structure is down and rece...
   [LEVELS] Determining entry, SL, TP...
   [LEVELS] Entry: 1.35421 (LIMIT)
   [LEVELS] SL: 1.35491 | TP: 1.35277 | RR: 1.50
[2026-02-26T12:40:23.752Z] [GBPUSD] SIGNAL: SHORT | Entry: 1.35421 | SL: 1.35491 | TP: 1.35277 | Risk: 0.3
[2026-02-26T12:40:23.753Z] [GBPUSD] Reasoning: Dir: Consider shorting the market towards the support l | Conf: While there is a bearish bias and the trade is ali...
[2026-02-26T12:40:23.753Z] [GBPUSD] [REAL] Placing SHORT order for 100000 units...
[EXECUTOR] Entering SHORT 100000 GBP/USD TP=1.35277 SL=1.35491
   [LEVELS] Entry: 1.18025 (LIMIT)
   [LEVELS] SL: 1.17911 | TP: 1.18100 | RR: 2.00
[2026-02-26T12:40:24.920Z] [EURUSD] SIGNAL: LONG | Entry: 1.18025 | SL: 1.17911 | TP: 1.181 | Risk: 0.55
[2026-02-26T12:40:24.920Z] [EURUSD] Reasoning: Dir: Consider a long position near the support level at | Conf: The setup shows some bullish bias due to the price...
[2026-02-26T12:40:24.921Z] [EURUSD] [REAL] Placing LONG order for 100000 units...
[EXECUTOR] Entering LONG 100000 EUR/USD TP=1.181 SL=1.17911
[EXECUTOR STDERR] [ERROR] 201: Order rejected - reason:Your account has a minimum of 15 orders working on either the buy or sell side for this particular contract. <br>An additional order on the same side for this contract will not be allowed until an existing order has been <br>cancelled or has executed. Please call the Trade Desk for further details.
[EXECUTOR] Entry filled at 1.35404
[2026-02-26T12:40:25.143Z] [GBPUSD] [REAL] Order filled at 1.35404 (TP order: 320, SL order: 321)
[2026-02-26T12:40:25.143Z] [GBPUSD] ENTERED SHORT @ 1.35404 | SL: 1.35491 | TP: 1.35277 | Size: 100000
   [LEVELS] Entry: 1.18028 (LIMIT)
   [LEVELS] SL: 1.17998 (NORMAL)
   [LEVELS] TP: 1.18070 | Path: SOME_OBSTACLES | RR: 1.40
[2026-02-26T12:40:30.103Z] [EURUSD_GPT5] SIGNAL: LONG | Entry: 1.18028 | SL: 1.17998 | TP: 1.1807 | Risk: 0.35
[2026-02-26T12:40:30.104Z] [EURUSD_GPT5] Reasoning: Dir: Wait for clarity. The only actionable area is the  | Conf: This does not read like a clean long environment. ...
[2026-02-26T12:40:30.105Z] [EURUSD_GPT5] [REAL] Placing LONG order for 100000 units...
[EXECUTOR] Entering LONG 100000 EUR/USD TP=1.1807 SL=1.17998
[EXECUTOR STDERR] [ERROR] 201: Order rejected - reason:Your account has a minimum of 15 orders working on either the buy or sell side for this particular contract. <br>An additional order on the same side for this contract will not be allowed until an existing order has been <br>cancelled or has executed. Please call the Trade Desk for further details.
[EXECUTOR] Entry failed: Entry order not filled
[2026-02-26T12:40:35.479Z] [EURUSD] [REAL] Order FAILED: Entry order not filled
[EXECUTOR STDERR] [ERROR] 326: Unable to connect as the client id is already in use. Retry with a unique client id.
[EXECUTOR] Entry failed: Failed to connect to TWS/IB Gateway
[2026-02-26T12:40:40.444Z] [EURUSD_GPT5] [REAL] Order FAILED: Failed to connect to TWS/IB Gateway
[2026-02-26T12:45:06.073Z] [GBPUSD] New bar: 20260226 12:40:00 | O:1.35396 H:1.35416 L:1.35394 C:1.35407
[2026-02-26T12:45:06.144Z] [USDJPY] New bar: 20260226 12:40:00 | O:156.04000 H:156.06250 L:156.02700 C:156.03750
[2026-02-26T12:45:06.169Z] [EURUSD] New bar: 20260226 12:40:00 | O:1.18043 H:1.18074 L:1.18041 C:1.18067
[2026-02-26T12:45:06.364Z] [EURUSD] Calling AI agents for trade decision...
   [DIRECTION] Analyzing market structure...
[2026-02-26T12:45:06.365Z] [EURUSD_GPT5] New bar: 20260226 12:40:00 | O:1.18043 H:1.18074 L:1.18041 C:1.18067
[2026-02-26T12:45:06.528Z] [EURUSD_GPT5] Calling AI agents for trade decision...
   [DIRECTION] Analyzing market structure...
   [DIRECTION] BULLISH (MEDIUM)
   [DIRECTION] Consider a long position if the price pulls back to the support level at 1.18025...
   [CONFIDENCE] Assessing setup quality...
   [DIRECTION] UNCLEAR (LOW clarity)
   [DIRECTION] Readability: MODERATE
   [DIRECTION] Wait for clarity. If buyers are real, price should hold above 1.18025 and push t...
   [DIRECTION] No clear direction - will assess both sides
   [CONFIDENCE] Assessing setup quality...
[EXECUTOR STDERR] [ERROR] 326: Unable to connect as the client id is already in use. Retry with a unique client id.
[2026-02-26T12:45:16.589Z] [USDJPY] [REAL] Position closed by bracket order - TP
[2026-02-26T12:45:16.589Z] [USDJPY] [REAL] Closing position...
[EXECUTOR] Closing position for USD/JPY
[EXECUTOR] Position closed at 156.048
[2026-02-26T12:45:18.486Z] [USDJPY] [REAL] Position closed at 156.048
[2026-02-26T12:45:18.486Z] [USDJPY] CLOSED LONG | TP @ 156.048 | R: 0.51 | Weighted: 0.26
[2026-02-26T12:45:18.487Z] [USDJPY] Bars in trade: 4 | Max favorable: 0.05750 | Max adverse: 0.02200
[2026-02-26T12:45:18.487Z] [USDJPY] [REAL P&L] Gross: $4300.00 | Commission: $4.00 | Net: $4296.00
   [CONFIDENCE] Probability: 55%
   [CONFIDENCE] MARGINAL: Consider entering with reduced size, especially if the price...
   [LEVELS] Determining entry, SL, TP...
[2026-02-26T12:45:20.916Z] [USDJPY] Analysis: GOOD - The trade won because the price moved favorably towards the take profit level, reaching an exit pric...
[2026-02-26T12:45:20.919Z] Results saved (85 total trades)
[2026-02-26T12:45:20.923Z] Global trades saved (183 total trades)
   [CONFIDENCE] Probability: 44%
   [CONFIDENCE] Coherence: INCOHERENT | Sizing: MINIMAL
   [CONFIDENCE] This does not read like a clean long environment. The structural story is still ...
   [LEVELS] Determining entry, SL, TP...
   [LEVELS] Entry: 1.18050 (LIMIT)
   [LEVELS] SL: 1.17984 | TP: 1.18200 | RR: 2.00
[2026-02-26T12:45:25.745Z] [EURUSD] SIGNAL: LONG | Entry: 1.1805 | SL: 1.17984 | TP: 1.182 | Risk: 0.55
[2026-02-26T12:45:25.746Z] [EURUSD] Reasoning: Dir: Consider a long position if the price pulls back t | Conf: The setup shows a slight bullish bias with the pri...
[2026-02-26T12:45:25.746Z] [EURUSD] [REAL] Placing LONG order for 100000 units...
[EXECUTOR] Entering LONG 100000 EUR/USD TP=1.182 SL=1.17984
   [LEVELS] Entry: 1.18030 (LIMIT)
   [LEVELS] SL: 1.17985 (NORMAL)
   [LEVELS] TP: 1.18097 | Path: SOME_OBSTACLES | RR: 1.49
[2026-02-26T12:45:29.709Z] [EURUSD_GPT5] SIGNAL: LONG | Entry: 1.1803 | SL: 1.17985 | TP: 1.18097 | Risk: 0.35
[2026-02-26T12:45:29.709Z] [EURUSD_GPT5] Reasoning: Dir: Wait for clarity. If buyers are real, price should | Conf: This does not read like a clean long environment. ...
[2026-02-26T12:45:29.710Z] [EURUSD_GPT5] [REAL] Placing LONG order for 100000 units...
[EXECUTOR] Entering LONG 100000 EUR/USD TP=1.18097 SL=1.17985
[EXECUTOR STDERR] [ERROR] 201: Order rejected - reason:Your account has a minimum of 15 orders working on either the buy or sell side for this particular contract. <br>An additional order on the same side for this contract will not be allowed until an existing order has been <br>cancelled or has executed. Please call the Trade Desk for further details.
[EXECUTOR] Entry failed: Entry order not filled
[2026-02-26T12:45:36.350Z] [EURUSD] [REAL] Order FAILED: Entry order not filled
[EXECUTOR STDERR] [ERROR] 326: Unable to connect as the client id is already in use. Retry with a unique client id.
[EXECUTOR] Entry failed: Failed to connect to TWS/IB Gateway
[2026-02-26T12:45:40.105Z] [EURUSD_GPT5] [REAL] Order FAILED: Failed to connect to TWS/IB Gateway
[2026-02-26T12:50:06.072Z] [GBPUSD] New bar: 20260226 12:45:00 | O:1.35407 H:1.35417 L:1.35371 C:1.35398
[2026-02-26T12:50:06.140Z] [USDJPY] New bar: 20260226 12:45:00 | O:156.03750 H:156.14350 L:156.03750 C:156.11500
[2026-02-26T12:50:06.280Z] [USDJPY] Calling AI agents for trade decision...
   [DIRECTION] Analyzing market structure...
[2026-02-26T12:50:06.282Z] [EURUSD] New bar: 20260226 12:45:00 | O:1.18067 H:1.18070 L:1.18053 C:1.18058
[2026-02-26T12:50:06.434Z] [EURUSD] Calling AI agents for trade decision...
   [DIRECTION] Analyzing market structure...
[2026-02-26T12:50:06.434Z] [EURUSD_GPT5] New bar: 20260226 12:45:00 | O:1.18067 H:1.18070 L:1.18053 C:1.18058
[2026-02-26T12:50:06.578Z] [EURUSD_GPT5] Calling AI agents for trade decision...
   [DIRECTION] Analyzing market structure...
   [DIRECTION] NEUTRAL (HIGH)
   [DIRECTION] No clear trade; wait for breakout above resistance or breakdown below support....
   [DIRECTION] No clear direction - will assess both sides
   [CONFIDENCE] Assessing setup quality...
   [DIRECTION] UNCLEAR (LOW clarity)
   [DIRECTION] Readability: MODERATE
   [DIRECTION] Wait for clarity. If support 1.18025 holds with a cleaner 5m higher-low and a pu...
   [DIRECTION] No clear direction - will assess both sides
   [CONFIDENCE] Assessing setup quality...
   [DIRECTION] BULLISH (MEDIUM)
   [DIRECTION] Consider entering a long position if the price approaches the support level at 1...
   [CONFIDENCE] Assessing setup quality...
   [CONFIDENCE] Probability: 45%
   [CONFIDENCE] MARGINAL: LOW conviction - size accordingly...
   [LEVELS] Determining entry, SL, TP...
   [CONFIDENCE] Probability: 42%
   [CONFIDENCE] Coherence: INCOHERENT | Sizing: MINIMAL
   [CONFIDENCE] This is not a market that agrees with a LONG thesis. Structure and momentum are ...
   [LEVELS] Determining entry, SL, TP...
   [LEVELS] Entry: 156.06100 (LIMIT)
   [LEVELS] SL: 155.99650 | TP: 156.16740 | RR: 2.50
[2026-02-26T12:50:22.133Z] [USDJPY] SIGNAL: LONG | Entry: 156.061 | SL: 155.9965 | TP: 156.1674 | Risk: 0.505
[2026-02-26T12:50:22.134Z] [USDJPY] Reasoning: Dir: No clear trade; wait for breakout above resistance | Conf: This probability reflects the mixed signals presen...
[2026-02-26T12:50:22.134Z] [USDJPY] [REAL] Placing LONG order for 100000 units...
[EXECUTOR] Entering LONG 100000 USD/JPY TP=156.1674 SL=155.9965
   [CONFIDENCE] Probability: 55%
   [CONFIDENCE] MARGINAL: Consider entering with reduced size, especially if the price...
   [LEVELS] Determining entry, SL, TP...
[EXECUTOR STDERR] [ERROR] 110: The price does not conform to the minimum price variation for this contract.
[ERROR] 110: The price does not conform to the minimum price variation for this contract.
[EXECUTOR] Entry filled at 156.126
[2026-02-26T12:50:23.571Z] [USDJPY] [REAL] Order filled at 156.126 (TP order: 326, SL order: 327)
[2026-02-26T12:50:23.571Z] [USDJPY] ENTERED LONG @ 156.126 | SL: 155.9965 | TP: 156.1674 | Size: 100000
   [LEVELS] Entry: 1.18050 (LIMIT)
   [LEVELS] SL: 1.17980 | TP: 1.18150 | RR: 1.50
[2026-02-26T12:50:29.437Z] [EURUSD] SIGNAL: LONG | Entry: 1.1805 | SL: 1.1798 | TP: 1.1815 | Risk: 0.55
[2026-02-26T12:50:29.439Z] [EURUSD] Reasoning: Dir: Consider entering a long position if the price app | Conf: The setup has some positive aspects, such as the p...
[2026-02-26T12:50:29.439Z] [EURUSD] [REAL] Placing LONG order for 100000 units...
[EXECUTOR] Entering LONG 100000 EUR/USD TP=1.1815 SL=1.1798
   [LEVELS] Entry: 1.18028 (LIMIT)
   [LEVELS] SL: 1.17918 (NORMAL)
   [LEVELS] TP: 1.18210 | Path: SOME_OBSTACLES | RR: 1.65
[2026-02-26T12:50:30.792Z] [EURUSD_GPT5] SIGNAL: LONG | Entry: 1.18028 | SL: 1.17918 | TP: 1.1821 | Risk: 0.35
[2026-02-26T12:50:30.793Z] [EURUSD_GPT5] Reasoning: Dir: Wait for clarity. If support 1.18025 holds with a  | Conf: This is not a market that agrees with a LONG thesi...
[2026-02-26T12:50:30.793Z] [EURUSD_GPT5] [REAL] Placing LONG order for 100000 units...
[EXECUTOR] Entering LONG 100000 EUR/USD TP=1.1821 SL=1.17918
[EXECUTOR STDERR] [ERROR] 201: Order rejected - reason:Your account has a minimum of 15 orders working on either the buy or sell side for this particular contract. <br>An additional order on the same side for this contract will not be allowed until an existing order has been <br>cancelled or has executed. Please call the Trade Desk for further details.
[EXECUTOR] Entry failed: Entry order not filled
[2026-02-26T12:50:40.072Z] [EURUSD] [REAL] Order FAILED: Entry order not filled
[EXECUTOR STDERR] [ERROR] 326: Unable to connect as the client id is already in use. Retry with a unique client id.
[EXECUTOR] Entry failed: Failed to connect to TWS/IB Gateway
[2026-02-26T12:50:41.132Z] [EURUSD_GPT5] [REAL] Order FAILED: Failed to connect to TWS/IB Gateway
[2026-02-26T12:55:05.481Z] [USDJPY] New bar: 20260226 12:50:00 | O:156.11500 H:156.15200 L:156.11100 C:156.11100
[2026-02-26T12:55:05.553Z] [EURUSD] New bar: 20260226 12:50:00 | O:1.18058 H:1.18091 L:1.18053 C:1.18090
[2026-02-26T12:55:05.695Z] [EURUSD] Calling AI agents for trade decision...
   [DIRECTION] Analyzing market structure...
[2026-02-26T12:55:05.696Z] [EURUSD_GPT5] New bar: 20260226 12:50:00 | O:1.18058 H:1.18091 L:1.18053 C:1.18090
[2026-02-26T12:55:05.855Z] [EURUSD_GPT5] Calling AI agents for trade decision...
   [DIRECTION] Analyzing market structure...
[2026-02-26T12:55:05.856Z] [GBPUSD] New bar: 20260226 12:50:00 | O:1.35398 H:1.35445 L:1.35393 C:1.35445
   [DIRECTION] UNCLEAR (LOW clarity)
   [DIRECTION] Readability: MODERATE
   [DIRECTION] Wait for clarity. If price can break above 1.18217 and hold (acceptance above th...
   [DIRECTION] No clear direction - will assess both sides
   [CONFIDENCE] Assessing setup quality...
   [DIRECTION] BULLISH (MEDIUM)
   [DIRECTION] Consider entering a long position if the price retraces to support at 1.18025, t...
   [CONFIDENCE] Assessing setup quality...
[EXECUTOR STDERR] [ERROR] 326: Unable to connect as the client id is already in use. Retry with a unique client id.
[2026-02-26T12:55:16.198Z] [GBPUSD] [REAL] Position closed by bracket order - TP
[2026-02-26T12:55:16.198Z] [GBPUSD] [REAL] Closing position...
[EXECUTOR] Closing position for GBP/USD
   [CONFIDENCE] Probability: 55%
   [CONFIDENCE] MARGINAL: Consider entering a long position with reduced size, especia...
   [LEVELS] Determining entry, SL, TP...
   [CONFIDENCE] Probability: 43%
   [CONFIDENCE] Coherence: INCOHERENT | Sizing: MINIMAL
   [CONFIDENCE] This does not read like a clean long environment. The structural narrative is be...
   [LEVELS] Determining entry, SL, TP...
   [LEVELS] Entry: 1.18050 (LIMIT)
   [LEVELS] SL: 1.17980 | TP: 1.18200 | RR: 1.50
[2026-02-26T12:55:27.410Z] [EURUSD] SIGNAL: LONG | Entry: 1.1805 | SL: 1.1798 | TP: 1.182 | Risk: 0.55
[2026-02-26T12:55:27.412Z] [EURUSD] Reasoning: Dir: Consider entering a long position if the price ret | Conf: The setup shows some bullish bias as the price is ...
[2026-02-26T12:55:27.413Z] [EURUSD] [REAL] Placing LONG order for 100000 units...
[EXECUTOR] Entering LONG 100000 EUR/USD TP=1.182 SL=1.1798
[EXECUTOR STDERR] [ERROR] 201: Order rejected - reason:Your account has a minimum of 15 orders working on either the buy or sell side for this particular contract. <br>An additional order on the same side for this contract will not be allowed until an existing order has been <br>cancelled or has executed. Please call the Trade Desk for further details.
[EXECUTOR] Close failed: Timeout waiting for fill
[2026-02-26T12:55:27.744Z] [GBPUSD] [REAL] Close result: {"success":false,"orderId":329,"status":"Inactive","error":"Timeout waiting for fill"}
[2026-02-26T12:55:27.744Z] [GBPUSD] CLOSED SHORT | TP @ 1.35445 | R: -0.47 | Weighted: -0.14
[2026-02-26T12:55:27.745Z] [GBPUSD] Bars in trade: 3 | Max favorable: 0.00033 | Max adverse: 0.00041
[2026-02-26T12:55:27.745Z] [GBPUSD] [REAL P&L] Gross: $-41.00 | Commission: $4.00 | Net: $-45.00
[2026-02-26T12:55:29.913Z] [GBPUSD] Analysis: BAD - The trade was executed during the London session, which typically has higher volatility and liquidit...
[2026-02-26T12:55:29.916Z] Results saved (86 total trades)
[2026-02-26T12:55:29.918Z] Global trades saved (184 total trades)
   [LEVELS] Entry: 1.18035 (LIMIT)
   [LEVELS] SL: 1.18001 (NORMAL)
   [LEVELS] TP: 1.18195 | Path: SOME_OBSTACLES | RR: 4.71
[2026-02-26T12:55:31.120Z] [EURUSD_GPT5] SIGNAL: LONG | Entry: 1.18035 | SL: 1.18001 | TP: 1.18195 | Risk: 0.35
[2026-02-26T12:55:31.120Z] [EURUSD_GPT5] Reasoning: Dir: Wait for clarity. If price can break above 1.18217 | Conf: This does not read like a clean long environment. ...
[2026-02-26T12:55:31.120Z] [EURUSD_GPT5] [REAL] Placing LONG order for 100000 units...
[EXECUTOR] Entering LONG 100000 EUR/USD TP=1.18195 SL=1.18001
[EXECUTOR STDERR] [ERROR] 326: Unable to connect as the client id is already in use. Retry with a unique client id.
[EXECUTOR] Entry failed: Failed to connect to TWS/IB Gateway
[2026-02-26T12:55:37.805Z] [EURUSD] [REAL] Order FAILED: Failed to connect to TWS/IB Gateway
[EXECUTOR STDERR] [ERROR] 201: Order rejected - reason:Your account has a minimum of 15 orders working on either the buy or sell side for this particular contract. <br>An additional order on the same side for this contract will not be allowed until an existing order has been <br>cancelled or has executed. Please call the Trade Desk for further details.
[EXECUTOR] Entry failed: Entry order not filled
[2026-02-26T12:55:41.689Z] [EURUSD_GPT5] [REAL] Order FAILED: Entry order not filled
[2026-02-26T13:00:05.401Z] [GBPUSD] New bar: 20260226 12:55:00 | O:1.35445 H:1.35505 L:1.35438 C:1.35486
[2026-02-26T13:00:05.547Z] [GBPUSD] Calling AI agents for trade decision...
   [DIRECTION] Analyzing market structure...
[2026-02-26T13:00:05.557Z] [EURUSD] New bar: 20260226 12:55:00 | O:1.18090 H:1.18098 L:1.18083 C:1.18091
[2026-02-26T13:00:05.690Z] [EURUSD] Calling AI agents for trade decision...
   [DIRECTION] Analyzing market structure...
[2026-02-26T13:00:05.690Z] [EURUSD_GPT5] New bar: 20260226 12:55:00 | O:1.18090 H:1.18098 L:1.18083 C:1.18091
[2026-02-26T13:00:05.833Z] [EURUSD_GPT5] Calling AI agents for trade decision...
   [DIRECTION] Analyzing market structure...
[2026-02-26T13:00:05.834Z] [USDJPY] New bar: 20260226 12:55:00 | O:156.11100 H:156.11300 L:156.06250 C:156.07400
   [DIRECTION] UNCLEAR (LOW clarity)
   [DIRECTION] Readability: MODERATE
   [DIRECTION] Wait for clarity. If price can reclaim and hold above 1.18217–1.18227 (acceptanc...
   [DIRECTION] No clear direction - will assess both sides
   [CONFIDENCE] Assessing setup quality...
   [DIRECTION] BULLISH (MEDIUM)
   [DIRECTION] Consider taking a long position as the price approaches the resistance level at ...
   [CONFIDENCE] Assessing setup quality...
   [DIRECTION] BULLISH (MEDIUM)
   [DIRECTION] Consider a long position as the price approaches the support level at 1.18025, t...
   [CONFIDENCE] Assessing setup quality...
   [CONFIDENCE] Probability: 47%
   [CONFIDENCE] Coherence: INCOHERENT | Sizing: N/A
   [CONFIDENCE] This does not read like a clean long environment. The bigger structural message ...
   [LEVELS] Determining entry, SL, TP...
   [CONFIDENCE] Probability: 30%
   [CONFIDENCE] UNFAVORABLE: It is advisable to avoid taking this long position due to th...
   [CONFIDENCE] BAD PATTERNS: COUNTER-TREND: Going LONG in DOWNTREND structure, RANGE: Trading in range-bound market without clear edge
   [LEVELS] Determining entry, SL, TP...
   [CONFIDENCE] Probability: 55%
   [CONFIDENCE] MARGINAL: Consider proceeding with reduced size due to mixed signals a...
   [LEVELS] Determining entry, SL, TP...
   [LEVELS] Entry: 1.35450 (LIMIT)
   [LEVELS] SL: 1.35190 | TP: 1.35621 | RR: 1.50
[2026-02-26T13:00:28.378Z] [GBPUSD] SIGNAL: LONG | Entry: 1.3545 | SL: 1.3519 | TP: 1.35621 | Risk: 0.3
[2026-02-26T13:00:28.378Z] [GBPUSD] Reasoning: Dir: Consider taking a long position as the price appro | Conf: The proposed long trade is assessed to have a prob...
[2026-02-26T13:00:28.379Z] [GBPUSD] [REAL] Placing LONG order for 100000 units...
[EXECUTOR] Entering LONG 100000 GBP/USD TP=1.35621 SL=1.3519
   [LEVELS] Entry: 1.18040 (LIMIT)
   [LEVELS] SL: 1.17984 | TP: 1.18167 | RR: 1.50
[2026-02-26T13:00:29.236Z] [EURUSD] SIGNAL: LONG | Entry: 1.1804 | SL: 1.17984 | TP: 1.18167 | Risk: 0.55
[2026-02-26T13:00:29.236Z] [EURUSD] Reasoning: Dir: Consider a long position as the price approaches t | Conf: The setup has a mix of strengths and weaknesses. T...
[2026-02-26T13:00:29.237Z] [EURUSD] [REAL] Placing LONG order for 100000 units...
[EXECUTOR] Entering LONG 100000 EUR/USD TP=1.18167 SL=1.17984
   [LEVELS] Entry: 1.18035 (LIMIT)
   [LEVELS] SL: 1.17995 (NORMAL)
   [LEVELS] TP: 1.18095 | Path: SOME_OBSTACLES | RR: 1.50
[2026-02-26T13:00:30.294Z] [EURUSD_GPT5] SIGNAL: LONG | Entry: 1.18035 | SL: 1.17995 | TP: 1.18095 | Risk: 0.47
[2026-02-26T13:00:30.294Z] [EURUSD_GPT5] Reasoning: Dir: Wait for clarity. If price can reclaim and hold ab | Conf: This does not read like a clean long environment. ...
[2026-02-26T13:00:30.294Z] [EURUSD_GPT5] [REAL] Placing LONG order for 100000 units...
[EXECUTOR] Entering LONG 100000 EUR/USD TP=1.18095 SL=1.17995
[EXECUTOR STDERR] [ERROR] 201: Order rejected - reason:Your account has a minimum of 15 orders working on either the buy or sell side for this particular contract. <br>An additional order on the same side for this contract will not be allowed until an existing order has been <br>cancelled or has executed. Please call the Trade Desk for further details.
[EXECUTOR] Entry failed: Entry order not filled
[2026-02-26T13:00:38.930Z] [GBPUSD] [REAL] Order FAILED: Entry order not filled
[EXECUTOR STDERR] [ERROR] 326: Unable to connect as the client id is already in use. Retry with a unique client id.
[EXECUTOR] Entry failed: Failed to connect to TWS/IB Gateway
[2026-02-26T13:00:39.584Z] [EURUSD] [REAL] Order FAILED: Failed to connect to TWS/IB Gateway
[EXECUTOR STDERR] [ERROR] 326: Unable to connect as the client id is already in use. Retry with a unique client id.
[EXECUTOR] Entry failed: Failed to connect to TWS/IB Gateway
[2026-02-26T13:00:40.647Z] [EURUSD_GPT5] [REAL] Order FAILED: Failed to connect to TWS/IB Gateway
[2026-02-26T13:05:05.462Z] [GBPUSD] New bar: 20260226 13:00:00 | O:1.35486 H:1.35490 L:1.35445 C:1.35464
[2026-02-26T13:05:05.611Z] [GBPUSD] Calling AI agents for trade decision...
   [DIRECTION] Analyzing market structure...
[2026-02-26T13:05:05.613Z] [EURUSD] New bar: 20260226 13:00:00 | O:1.18091 H:1.18104 L:1.18074 C:1.18079
[2026-02-26T13:05:05.764Z] [EURUSD] Calling AI agents for trade decision...
   [DIRECTION] Analyzing market structure...
[2026-02-26T13:05:05.765Z] [EURUSD_GPT5] New bar: 20260226 13:00:00 | O:1.18091 H:1.18104 L:1.18074 C:1.18079
[2026-02-26T13:05:05.909Z] [EURUSD_GPT5] Calling AI agents for trade decision...
   [DIRECTION] Analyzing market structure...
[2026-02-26T13:05:05.997Z] [USDJPY] New bar: 20260226 13:00:00 | O:156.07400 H:156.11650 L:156.04500 C:156.09900
   [DIRECTION] UNCLEAR (LOW clarity)
   [DIRECTION] Readability: MODERATE
   [DIRECTION] Wait for clarity. If price pushes into 1.18161 and ACCEPTS above it (multiple cl...
   [DIRECTION] No clear direction - will assess both sides
   [CONFIDENCE] Assessing setup quality...
   [DIRECTION] BULLISH (MEDIUM)
   [DIRECTION] Consider a long position if the price breaks above the resistance at 1.35514, ta...
   [CONFIDENCE] Assessing setup quality...
   [DIRECTION] BULLISH (MEDIUM)
   [DIRECTION] Consider a long position if the price can break above the resistance at 1.18161,...
   [CONFIDENCE] Assessing setup quality...
   [CONFIDENCE] Probability: 43%
   [CONFIDENCE] Coherence: INCOHERENT | Sizing: MINIMAL
   [CONFIDENCE] This market is not telling one clean story that supports LONG. Structure says se...
   [LEVELS] Determining entry, SL, TP...
   [CONFIDENCE] Probability: 55%
   [CONFIDENCE] MARGINAL: Consider entering with reduced size due to mixed signals and...
   [LEVELS] Determining entry, SL, TP...
   [CONFIDENCE] Probability: 30%
   [CONFIDENCE] UNFAVORABLE: Consider waiting for a clearer bullish signal or a break abo...
   [CONFIDENCE] BAD PATTERNS: COUNTER-TREND: Going LONG in DOWNTREND structure, RANGE: Trading in range-bound market without clear edge
   [LEVELS] Determining entry, SL, TP...
   [LEVELS] Entry: 1.18050 (LIMIT)
   [LEVELS] SL: 1.17920 | TP: 1.18150 | RR: 2.15
[2026-02-26T13:05:26.064Z] [EURUSD] SIGNAL: LONG | Entry: 1.1805 | SL: 1.1792 | TP: 1.1815 | Risk: 0.55
[2026-02-26T13:05:26.065Z] [EURUSD] Reasoning: Dir: Consider a long position if the price can break ab | Conf: The setup shows a slight bullish bias with the pri...
[2026-02-26T13:05:26.065Z] [EURUSD] [REAL] Placing LONG order for 100000 units...
[EXECUTOR] Entering LONG 100000 EUR/USD TP=1.1815 SL=1.1792
   [LEVELS] Entry: 1.35420 (LIMIT)
   [LEVELS] SL: 1.35190 | TP: 1.35600 | RR: 1.33
[2026-02-26T13:05:27.683Z] [GBPUSD] SIGNAL: LONG | Entry: 1.3542 | SL: 1.3519 | TP: 1.356 | Risk: 0.3
[2026-02-26T13:05:27.684Z] [GBPUSD] Reasoning: Dir: Consider a long position if the price breaks above | Conf: The proposed long trade is in a counter-trend setu...
[2026-02-26T13:05:27.684Z] [GBPUSD] [REAL] Placing LONG order for 100000 units...
[EXECUTOR] Entering LONG 100000 GBP/USD TP=1.356 SL=1.3519
   [LEVELS] Entry: 1.17956 (LIMIT)
   [LEVELS] SL: 1.17918 (NORMAL)
   [LEVELS] TP: 1.18012 | Path: SOME_OBSTACLES | RR: 1.47
[2026-02-26T13:05:27.921Z] [EURUSD_GPT5] SIGNAL: LONG | Entry: 1.17956 | SL: 1.17918 | TP: 1.18012 | Risk: 0.35
[2026-02-26T13:05:27.922Z] [EURUSD_GPT5] Reasoning: Dir: Wait for clarity. If price pushes into 1.18161 and | Conf: This market is not telling one clean story that su...
[2026-02-26T13:05:27.922Z] [EURUSD_GPT5] [REAL] Placing LONG order for 100000 units...
[EXECUTOR] Entering LONG 100000 EUR/USD TP=1.18012 SL=1.17918
[EXECUTOR STDERR] [ERROR] 201: Order rejected - reason:Your account has a minimum of 15 orders working on either the buy or sell side for this particular contract. <br>An additional order on the same side for this contract will not be allowed until an existing order has been <br>cancelled or has executed. Please call the Trade Desk for further details.
[EXECUTOR] Entry failed: Entry order not filled
[2026-02-26T13:05:36.688Z] [EURUSD] [REAL] Order FAILED: Entry order not filled
[EXECUTOR STDERR] [ERROR] 326: Unable to connect as the client id is already in use. Retry with a unique client id.
[EXECUTOR] Entry failed: Failed to connect to TWS/IB Gateway
[2026-02-26T13:05:38.083Z] [GBPUSD] [REAL] Order FAILED: Failed to connect to TWS/IB Gateway
[EXECUTOR STDERR] [ERROR] 326: Unable to connect as the client id is already in use. Retry with a unique client id.
[EXECUTOR] Entry failed: Failed to connect to TWS/IB Gateway
[2026-02-26T13:05:38.606Z] [EURUSD_GPT5] [REAL] Order FAILED: Failed to connect to TWS/IB Gateway
[2026-02-26T13:10:05.347Z] [GBPUSD] New bar: 20260226 13:05:00 | O:1.35464 H:1.35502 L:1.35455 C:1.35499
[2026-02-26T13:10:05.483Z] [GBPUSD] Calling AI agents for trade decision...
   [DIRECTION] Analyzing market structure...
[2026-02-26T13:10:05.484Z] [EURUSD] New bar: 20260226 13:05:00 | O:1.18079 H:1.18137 L:1.18079 C:1.18136
[2026-02-26T13:10:05.620Z] [EURUSD] Calling AI agents for trade decision...
   [DIRECTION] Analyzing market structure...
[2026-02-26T13:10:05.621Z] [EURUSD_GPT5] New bar: 20260226 13:05:00 | O:1.18079 H:1.18137 L:1.18079 C:1.18136
[2026-02-26T13:10:05.761Z] [EURUSD_GPT5] Calling AI agents for trade decision...
   [DIRECTION] Analyzing market structure...
[2026-02-26T13:10:06.077Z] [USDJPY] New bar: 20260226 13:05:00 | O:156.09900 H:156.10150 L:156.06350 C:156.07000
   [DIRECTION] BULLISH (MEDIUM)
   [DIRECTION] Consider taking a long position if the price breaks above the resistance level a...
   [CONFIDENCE] Assessing setup quality...
   [DIRECTION] BULLISH (MEDIUM clarity)
   [DIRECTION] Readability: MODERATE
   [DIRECTION] If price can accept above 1.18161 (clean break and hold on a pullback), look for...
   [CONFIDENCE] Assessing setup quality...
   [DIRECTION] BULLISH (MEDIUM)
   [DIRECTION] Consider a long position if the price retraces to support at 1.17952, with a tar...
   [CONFIDENCE] Assessing setup quality...
   [CONFIDENCE] Probability: 44%
   [CONFIDENCE] Coherence: INCOHERENT | Sizing: SKIP
   [CONFIDENCE] This does not read like a clean long story. Structure is down, EMA slope is effe...
   [LEVELS] Determining entry, SL, TP...
   [CONFIDENCE] Probability: 30%
   [CONFIDENCE] UNFAVORABLE: Reassess the setup for a potential long entry only if the pr...
   [CONFIDENCE] BAD PATTERNS: RANGE: Trading in range-bound market without clear edge, SHALLOW PULLBACK: 0% retracement - no proper entry
   [LEVELS] Determining entry, SL, TP...
   [CONFIDENCE] Probability: 55%
   [CONFIDENCE] MARGINAL: Consider entering with reduced size, especially if price ret...
   [LEVELS] Determining entry, SL, TP...
   [LEVELS] Entry: 1.18090 (LIMIT)
   [LEVELS] SL: 1.17900 | TP: 1.18250 | RR: 1.50
[2026-02-26T13:10:24.689Z] [EURUSD] SIGNAL: LONG | Entry: 1.1809 | SL: 1.179 | TP: 1.1825 | Risk: 0.55
[2026-02-26T13:10:24.690Z] [EURUSD] Reasoning: Dir: Consider a long position if the price retraces to  | Conf: The setup shows some bullish bias with the price a...
[2026-02-26T13:10:24.691Z] [EURUSD] [REAL] Placing LONG order for 100000 units...
[EXECUTOR] Entering LONG 100000 EUR/USD TP=1.1825 SL=1.179
   [LEVELS] Entry: 1.35450 (LIMIT)
   [LEVELS] SL: 1.35250 | TP: 1.35600 | RR: 1.66
[2026-02-26T13:10:26.111Z] [GBPUSD] SIGNAL: LONG | Entry: 1.3545 | SL: 1.3525 | TP: 1.356 | Risk: 0.3
[2026-02-26T13:10:26.112Z] [GBPUSD] Reasoning: Dir: Consider taking a long position if the price break | Conf: The proposed trade has been assessed with the pres...
[2026-02-26T13:10:26.113Z] [GBPUSD] [REAL] Placing LONG order for 100000 units...
[EXECUTOR] Entering LONG 100000 GBP/USD TP=1.356 SL=1.3525
   [LEVELS] Entry: 1.17958 (LIMIT)
   [LEVELS] SL: 1.17918 (NORMAL)
   [LEVELS] TP: 1.18018 | Path: SOME_OBSTACLES | RR: 1.50
[2026-02-26T13:10:28.956Z] [EURUSD_GPT5] AI says WAIT: Confidence agent recommends SKIP: This does not read like a clean long story. Structure is down, EMA...
[EXECUTOR STDERR] [ERROR] 201: Order rejected - reason:Your account has a minimum of 15 orders working on either the buy or sell side for this particular contract. <br>An additional order on the same side for this contract will not be allowed until an existing order has been <br>cancelled or has executed. Please call the Trade Desk for further details.
[EXECUTOR] Entry failed: Entry order not filled
[2026-02-26T13:10:35.244Z] [EURUSD] [REAL] Order FAILED: Entry order not filled
[EXECUTOR STDERR] [ERROR] 326: Unable to connect as the client id is already in use. Retry with a unique client id.
[EXECUTOR] Entry failed: Failed to connect to TWS/IB Gateway
[2026-02-26T13:10:36.491Z] [GBPUSD] [REAL] Order FAILED: Failed to connect to TWS/IB Gateway
[2026-02-26T13:15:06.081Z] [GBPUSD] New bar: 20260226 13:10:00 | O:1.35499 H:1.35549 L:1.35497 C:1.35519
[2026-02-26T13:15:06.216Z] [GBPUSD] Calling AI agents for trade decision...
   [DIRECTION] Analyzing market structure...
[2026-02-26T13:15:06.223Z] [USDJPY] New bar: 20260226 13:10:00 | O:156.07000 H:156.10950 L:156.05800 C:156.08150
[2026-02-26T13:15:06.288Z] [EURUSD] New bar: 20260226 13:10:00 | O:1.18136 H:1.18148 L:1.18122 C:1.18132
[2026-02-26T13:15:06.431Z] [EURUSD] Calling AI agents for trade decision...
   [DIRECTION] Analyzing market structure...
[2026-02-26T13:15:06.431Z] [EURUSD_GPT5] New bar: 20260226 13:10:00 | O:1.18136 H:1.18148 L:1.18122 C:1.18132
[2026-02-26T13:15:06.584Z] [EURUSD_GPT5] Calling AI agents for trade decision...
   [DIRECTION] Analyzing market structure...
   [DIRECTION] BULLISH (MEDIUM)
   [DIRECTION] Consider taking a long position if the price breaks above the resistance level a...
   [CONFIDENCE] Assessing setup quality...
   [DIRECTION] BULLISH (MEDIUM)
   [DIRECTION] Consider a long position if the price breaks above the resistance level at 1.181...
   [CONFIDENCE] Assessing setup quality...
   [DIRECTION] BULLISH (MEDIUM clarity)
   [DIRECTION] Readability: MODERATE
   [DIRECTION] Bullish continuation only if price breaks above 1.18161 and holds (acceptance ab...
   [CONFIDENCE] Assessing setup quality...
   [CONFIDENCE] Probability: 55%
   [CONFIDENCE] MARGINAL: Consider entering with reduced size due to mixed signals and...
   [LEVELS] Determining entry, SL, TP...
   [CONFIDENCE] Probability: 30%
   [CONFIDENCE] UNFAVORABLE: Consider waiting for a clearer breakout above resistance or ...
   [CONFIDENCE] BAD PATTERNS: RANGE: Trading in range-bound market without clear edge, SHALLOW PULLBACK: 0% retracement - no proper entry
   [LEVELS] Determining entry, SL, TP...
   [CONFIDENCE] Probability: 43%
   [CONFIDENCE] Coherence: INCOHERENT | Sizing: MINIMAL
   [CONFIDENCE] This does not read like a clean long story. Structure is pointing down while the...
   [LEVELS] Determining entry, SL, TP...
   [LEVELS] Entry: 1.18030 (LIMIT)
   [LEVELS] SL: 1.17900 | TP: 1.18200 | RR: 2.33
[2026-02-26T13:15:23.684Z] [EURUSD] SIGNAL: LONG | Entry: 1.1803 | SL: 1.179 | TP: 1.182 | Risk: 0.55
[2026-02-26T13:15:23.684Z] [EURUSD] Reasoning: Dir: Consider a long position if the price breaks above | Conf: The setup shows a slight bullish bias with price a...
[2026-02-26T13:15:23.684Z] [EURUSD] [REAL] Placing LONG order for 100000 units...
[EXECUTOR] Entering LONG 100000 EUR/USD TP=1.182 SL=1.179
   [LEVELS] Entry: 1.35495 (LIMIT)
   [LEVELS] SL: 1.35260 | TP: 1.35650 | RR: 1.50
[2026-02-26T13:15:26.840Z] [GBPUSD] SIGNAL: LONG | Entry: 1.35495 | SL: 1.3526 | TP: 1.3565 | Risk: 0.3
[2026-02-26T13:15:26.841Z] [GBPUSD] Reasoning: Dir: Consider taking a long position if the price break | Conf: The proposed long trade is assessed to have a low ...
[2026-02-26T13:15:26.841Z] [GBPUSD] [REAL] Placing LONG order for 100000 units...
[EXECUTOR] Entering LONG 100000 GBP/USD TP=1.3565 SL=1.3526
   [LEVELS] Entry: 1.18040 (LIMIT)
   [LEVELS] SL: 1.17925 (NORMAL)
   [LEVELS] TP: 1.18215 | Path: SOME_OBSTACLES | RR: 1.52
[2026-02-26T13:15:29.436Z] [EURUSD_GPT5] SIGNAL: LONG | Entry: 1.1804 | SL: 1.17925 | TP: 1.18215 | Risk: 0.35
[2026-02-26T13:15:29.436Z] [EURUSD_GPT5] Reasoning: Dir: Bullish continuation only if price breaks above 1. | Conf: This does not read like a clean long story. Struct...
[2026-02-26T13:15:29.436Z] [EURUSD_GPT5] [REAL] Placing LONG order for 100000 units...
[EXECUTOR] Entering LONG 100000 EUR/USD TP=1.18215 SL=1.17925
[EXECUTOR STDERR] [ERROR] 201: Order rejected - reason:Your account has a minimum of 15 orders working on either the buy or sell side for this particular contract. <br>An additional order on the same side for this contract will not be allowed until an existing order has been <br>cancelled or has executed. Please call the Trade Desk for further details.
[EXECUTOR] Entry failed: Entry order not filled
[2026-02-26T13:15:34.220Z] [EURUSD] [REAL] Order FAILED: Entry order not filled
[EXECUTOR STDERR] [ERROR] 326: Unable to connect as the client id is already in use. Retry with a unique client id.
[EXECUTOR] Entry failed: Failed to connect to TWS/IB Gateway
[2026-02-26T13:15:37.234Z] [GBPUSD] [REAL] Order FAILED: Failed to connect to TWS/IB Gateway
[EXECUTOR STDERR] [ERROR] 326: Unable to connect as the client id is already in use. Retry with a unique client id.
[EXECUTOR] Entry failed: Failed to connect to TWS/IB Gateway
[2026-02-26T13:15:39.779Z] [EURUSD_GPT5] [REAL] Order FAILED: Failed to connect to TWS/IB Gateway
[2026-02-26T13:20:05.464Z] [GBPUSD] New bar: 20260226 13:15:00 | O:1.35519 H:1.35554 L:1.35516 C:1.35546
[2026-02-26T13:20:05.646Z] [GBPUSD] Calling AI agents for trade decision...
   [DIRECTION] Analyzing market structure...
[2026-02-26T13:20:05.647Z] [USDJPY] New bar: 20260226 13:15:00 | O:156.08150 H:156.08150 L:156.01100 C:156.03550
[2026-02-26T13:20:05.841Z] [EURUSD] New bar: 20260226 13:15:00 | O:1.18132 H:1.18166 L:1.18132 C:1.18154
[2026-02-26T13:20:05.999Z] [EURUSD] Calling AI agents for trade decision...
   [DIRECTION] Analyzing market structure...
[2026-02-26T13:20:05.999Z] [EURUSD_GPT5] New bar: 20260226 13:15:00 | O:1.18132 H:1.18166 L:1.18132 C:1.18154
[2026-02-26T13:20:06.145Z] [EURUSD_GPT5] Calling AI agents for trade decision...
   [DIRECTION] Analyzing market structure...
   [DIRECTION] BULLISH (MEDIUM clarity)
   [DIRECTION] Readability: MODERATE
   [DIRECTION] Bullish continuation only if price can cleanly accept above 1.18160 (hold above ...
   [CONFIDENCE] Assessing setup quality...
   [DIRECTION] NEUTRAL (MEDIUM)
   [DIRECTION] Consider waiting for a clear breakout above the resistance at 1.35519 for a pote...
   [DIRECTION] No clear direction - will assess both sides
   [CONFIDENCE] Assessing setup quality...
   [DIRECTION] BULLISH (MEDIUM)
   [DIRECTION] Consider taking a long position if the price breaks above the resistance at 1.18...
   [CONFIDENCE] Assessing setup quality...
   [CONFIDENCE] Probability: 41%
   [CONFIDENCE] Coherence: INCOHERENT | Sizing: MINIMAL
   [CONFIDENCE] This does not read like a clean long story. Structure is down, EMA slope is down...
   [LEVELS] Determining entry, SL, TP...
   [CONFIDENCE] Probability: 30%
   [CONFIDENCE] UNFAVORABLE: Consider waiting for a clear breakout above resistance or a ...
   [CONFIDENCE] BAD PATTERNS: RANGE: Trading in range-bound market without clear edge, SHALLOW PULLBACK: 0% retracement - no proper entry
   [LEVELS] Determining entry, SL, TP...
   [CONFIDENCE] Probability: 55%
   [CONFIDENCE] MARGINAL: Consider entering with reduced size due to proximity to resi...
   [LEVELS] Determining entry, SL, TP...
   [LEVELS] Entry: 1.17960 (LIMIT)
   [LEVELS] SL: 1.17914 (NORMAL)
   [LEVELS] TP: 1.18086 | Path: SOME_OBSTACLES | RR: 2.74
[2026-02-26T13:20:26.323Z] [EURUSD_GPT5] SIGNAL: LONG | Entry: 1.1796 | SL: 1.17914 | TP: 1.18086 | Risk: 0.35
[2026-02-26T13:20:26.324Z] [EURUSD_GPT5] Reasoning: Dir: Bullish continuation only if price can cleanly acc | Conf: This does not read like a clean long story. Struct...
[2026-02-26T13:20:26.324Z] [EURUSD_GPT5] [REAL] Placing LONG order for 100000 units...
[EXECUTOR] Entering LONG 100000 EUR/USD TP=1.18086 SL=1.17914
   [LEVELS] Entry: 1.35530 (LIMIT)
   [LEVELS] SL: 1.35270 | TP: 1.35650 | RR: 1.50
[2026-02-26T13:20:28.522Z] [GBPUSD] SIGNAL: LONG | Entry: 1.3553 | SL: 1.3527 | TP: 1.3565 | Risk: 0.3
[2026-02-26T13:20:28.522Z] [GBPUSD] Reasoning: Dir: Consider waiting for a clear breakout above the re | Conf: The proposed trade setup has been identified with ...
[2026-02-26T13:20:28.522Z] [GBPUSD] [REAL] Placing LONG order for 100000 units...
[EXECUTOR] Entering LONG 100000 GBP/USD TP=1.3565 SL=1.3527
   [LEVELS] Entry: 1.18140 (LIMIT)
   [LEVELS] SL: 1.17920 | TP: 1.18240 | RR: 1.50
[2026-02-26T13:20:29.982Z] [EURUSD] SIGNAL: LONG | Entry: 1.1814 | SL: 1.1792 | TP: 1.1824 | Risk: 0.55
[2026-02-26T13:20:29.983Z] [EURUSD] Reasoning: Dir: Consider taking a long position if the price break | Conf: The setup shows a bullish bias with the price abov...
[2026-02-26T13:20:29.983Z] [EURUSD] [REAL] Placing LONG order for 100000 units...
[EXECUTOR] Entering LONG 100000 EUR/USD TP=1.1824 SL=1.1792
[EXECUTOR STDERR] [ERROR] 201: Order rejected - reason:Your account has a minimum of 15 orders working on either the buy or sell side for this particular contract. <br>An additional order on the same side for this contract will not be allowed until an existing order has been <br>cancelled or has executed. Please call the Trade Desk for further details.
[EXECUTOR] Entry failed: Entry order not filled
[2026-02-26T13:20:36.866Z] [EURUSD_GPT5] [REAL] Order FAILED: Entry order not filled
[EXECUTOR STDERR] [ERROR] 326: Unable to connect as the client id is already in use. Retry with a unique client id.
[EXECUTOR] Entry failed: Failed to connect to TWS/IB Gateway
[2026-02-26T13:20:38.913Z] [GBPUSD] [REAL] Order FAILED: Failed to connect to TWS/IB Gateway
[EXECUTOR STDERR] [ERROR] 326: Unable to connect as the client id is already in use. Retry with a unique client id.
[EXECUTOR] Entry failed: Failed to connect to TWS/IB Gateway
[2026-02-26T13:20:40.332Z] [EURUSD] [REAL] Order FAILED: Failed to connect to TWS/IB Gateway
[2026-02-26T13:25:06.118Z] [GBPUSD] New bar: 20260226 13:20:00 | O:1.35546 H:1.35566 L:1.35534 C:1.35537
[2026-02-26T13:25:06.252Z] [GBPUSD] Calling AI agents for trade decision...
   [DIRECTION] Analyzing market structure...
[2026-02-26T13:25:06.252Z] [USDJPY] New bar: 20260226 13:20:00 | O:156.03550 H:156.03700 L:155.96350 C:155.99100
[2026-02-26T13:25:06.321Z] [EURUSD] New bar: 20260226 13:20:00 | O:1.18154 H:1.18169 L:1.18147 C:1.18158
[2026-02-26T13:25:06.469Z] [EURUSD] Calling AI agents for trade decision...
   [DIRECTION] Analyzing market structure...
[2026-02-26T13:25:06.470Z] [EURUSD_GPT5] New bar: 20260226 13:20:00 | O:1.18154 H:1.18169 L:1.18147 C:1.18158
[2026-02-26T13:25:06.624Z] [EURUSD_GPT5] Calling AI agents for trade decision...
   [DIRECTION] Analyzing market structure...
[2026-02-26T13:25:07.749Z] [USDJPY] [REAL] Closing position...
[EXECUTOR] Closing position for USD/JPY
[EXECUTOR] Position closed at 155.985
[2026-02-26T13:25:09.624Z] [USDJPY] [REAL] Position closed at 155.985
[2026-02-26T13:25:09.624Z] [USDJPY] CLOSED LONG | SL @ 155.985 | R: -1.09 | Weighted: -0.55
[2026-02-26T13:25:09.624Z] [USDJPY] Bars in trade: 7 | Max favorable: 0.02600 | Max adverse: 0.16250
[2026-02-26T13:25:09.624Z] [USDJPY] [REAL P&L] Gross: $-14100.00 | Commission: $4.00 | Net: $-14104.00
[2026-02-26T13:25:12.354Z] [USDJPY] Analysis: BAD - The trade was a loss due to the price moving against the long position, hitting the stop loss before...
[2026-02-26T13:25:12.356Z] Results saved (87 total trades)
[2026-02-26T13:25:12.360Z] Global trades saved (185 total trades)
   [DIRECTION] BULLISH (MEDIUM clarity)
   [DIRECTION] Readability: MODERATE
   [DIRECTION] Bullish continuation only if price can break and hold above 1.18164 (acceptance)...
   [CONFIDENCE] Assessing setup quality...
   [DIRECTION] BULLISH (MEDIUM)
   [DIRECTION] Consider taking a long position if the price breaks above the session high at 1....
   [CONFIDENCE] Assessing setup quality...
   [DIRECTION] BULLISH (MEDIUM)
   [DIRECTION] Consider taking a long position if the price breaks above the resistance at 1.18...
   [CONFIDENCE] Assessing setup quality...
   [CONFIDENCE] Probability: 43%
   [CONFIDENCE] Coherence: INCOHERENT | Sizing: MINIMAL
   [CONFIDENCE] This does not read like a clean long environment. The macro story is conflicted ...
   [LEVELS] Determining entry, SL, TP...
   [CONFIDENCE] Probability: 30%
   [CONFIDENCE] UNFAVORABLE: Consider waiting for a clearer breakout above the session hi...
   [CONFIDENCE] BAD PATTERNS: RANGE: Trading in range-bound market without clear edge, SHALLOW PULLBACK: 0% retracement - no proper entry
   [LEVELS] Determining entry, SL, TP...
   [CONFIDENCE] Probability: 55%
   [CONFIDENCE] MARGINAL: Consider entering with reduced size or wait for a clearer br...
   [LEVELS] Determining entry, SL, TP...
   [LEVELS] Entry: 1.17952 (LIMIT)
   [LEVELS] SL: 1.17918 (NORMAL)
   [LEVELS] TP: 1.18002 | Path: SOME_OBSTACLES | RR: 1.47
[2026-02-26T13:25:25.725Z] [EURUSD_GPT5] SIGNAL: LONG | Entry: 1.17952 | SL: 1.17918 | TP: 1.18002 | Risk: 0.35
[2026-02-26T13:25:25.726Z] [EURUSD_GPT5] Reasoning: Dir: Bullish continuation only if price can break and h | Conf: This does not read like a clean long environment. ...
[2026-02-26T13:25:25.726Z] [EURUSD_GPT5] [REAL] Placing LONG order for 100000 units...
[EXECUTOR] Entering LONG 100000 EUR/USD TP=1.18002 SL=1.17918
   [LEVELS] Entry: 1.35450 (LIMIT)
   [LEVELS] SL: 1.35270 | TP: 1.35650 | RR: 1.50
[2026-02-26T13:25:26.283Z] [GBPUSD] SIGNAL: LONG | Entry: 1.3545 | SL: 1.3527 | TP: 1.3565 | Risk: 0.3
[2026-02-26T13:25:26.284Z] [GBPUSD] Reasoning: Dir: Consider taking a long position if the price break | Conf: The proposed LONG trade is assessed to have a prob...
[2026-02-26T13:25:26.285Z] [GBPUSD] [REAL] Placing LONG order for 100000 units...
[EXECUTOR] Entering LONG 100000 GBP/USD TP=1.3565 SL=1.3527
   [LEVELS] Entry: 1.18140 (LIMIT)
   [LEVELS] SL: 1.17920 | TP: 1.18200 | RR: 1.75
[2026-02-26T13:25:26.888Z] [EURUSD] SIGNAL: LONG | Entry: 1.1814 | SL: 1.1792 | TP: 1.182 | Risk: 0.55
[2026-02-26T13:25:26.888Z] [EURUSD] Reasoning: Dir: Consider taking a long position if the price break | Conf: The setup shows some bullish bias with the price a...
[2026-02-26T13:25:26.889Z] [EURUSD] [REAL] Placing LONG order for 100000 units...
[EXECUTOR] Entering LONG 100000 EUR/USD TP=1.182 SL=1.1792
[EXECUTOR STDERR] [ERROR] 201: Order rejected - reason:Your account has a minimum of 15 orders working on either the buy or sell side for this particular contract. <br>An additional order on the same side for this contract will not be allowed until an existing order has been <br>cancelled or has executed. Please call the Trade Desk for further details.
[EXECUTOR] Entry failed: Entry order not filled
[2026-02-26T13:25:36.261Z] [EURUSD_GPT5] [REAL] Order FAILED: Entry order not filled
[EXECUTOR STDERR] [ERROR] 326: Unable to connect as the client id is already in use. Retry with a unique client id.
[EXECUTOR] Entry failed: Failed to connect to TWS/IB Gateway
[2026-02-26T13:25:36.746Z] [GBPUSD] [REAL] Order FAILED: Failed to connect to TWS/IB Gateway
[EXECUTOR STDERR] [ERROR] 326: Unable to connect as the client id is already in use. Retry with a unique client id.
[EXECUTOR] Entry failed: Failed to connect to TWS/IB Gateway
[2026-02-26T13:25:37.266Z] [EURUSD] [REAL] Order FAILED: Failed to connect to TWS/IB Gateway
[2026-02-26T13:30:05.374Z] [USDJPY] New bar: 20260226 13:25:00 | O:155.99100 H:156.01400 L:155.94500 C:155.99850
[2026-02-26T13:30:05.508Z] [USDJPY] Calling AI agents for trade decision...
   [DIRECTION] Analyzing market structure...
[2026-02-26T13:30:05.953Z] [EURUSD] New bar: 20260226 13:25:00 | O:1.18158 H:1.18162 L:1.18125 C:1.18129
[2026-02-26T13:30:06.113Z] [EURUSD] Calling AI agents for trade decision...
   [DIRECTION] Analyzing market structure...
[2026-02-26T13:30:06.113Z] [EURUSD_GPT5] New bar: 20260226 13:25:00 | O:1.18158 H:1.18162 L:1.18125 C:1.18129
[2026-02-26T13:30:06.257Z] [EURUSD_GPT5] Calling AI agents for trade decision...
   [DIRECTION] Analyzing market structure...
[2026-02-26T13:30:06.258Z] [GBPUSD] New bar: 20260226 13:25:00 | O:1.35537 H:1.35545 L:1.35512 C:1.35521
[2026-02-26T13:30:06.398Z] [GBPUSD] Calling AI agents for trade decision...
   [DIRECTION] Analyzing market structure...
   [DIRECTION] NEUTRAL (HIGH)
   [DIRECTION] No clear trade; wait for breakout above resistance or below support....
   [DIRECTION] No clear direction - will assess both sides
   [CONFIDENCE] Assessing setup quality...
   [DIRECTION] BULLISH (MEDIUM clarity)
   [DIRECTION] Readability: MODERATE
   [DIRECTION] If price holds above ~1.18079 and reclaims/accepts above 1.18167, look for a con...
   [CONFIDENCE] Assessing setup quality...
   [DIRECTION] BULLISH (MEDIUM)
   [DIRECTION] Consider a long position if the price can break above the resistance at 1.18167,...
   [CONFIDENCE] Assessing setup quality...
   [DIRECTION] BULLISH (MEDIUM)
   [DIRECTION] Consider a long position if the price breaks above the resistance at 1.35540, ta...
   [CONFIDENCE] Assessing setup quality...
   [CONFIDENCE] Probability: 45%
   [CONFIDENCE] MARGINAL: LOW conviction - size accordingly...
   [LEVELS] Determining entry, SL, TP...
   [CONFIDENCE] Probability: 44%
   [CONFIDENCE] Coherence: INCOHERENT | Sizing: MINIMAL
   [CONFIDENCE] This does not read like a clean long environment. The market is structurally bea...
   [LEVELS] Determining entry, SL, TP...
   [CONFIDENCE] Probability: 30%
   [CONFIDENCE] UNFAVORABLE: Reassess the trade if the price breaks above the resistance ...
   [CONFIDENCE] BAD PATTERNS: RANGE: Trading in range-bound market without clear edge, SHALLOW PULLBACK: 0% retracement - no proper entry
   [LEVELS] Determining entry, SL, TP...
   [CONFIDENCE] Probability: 55%
   [CONFIDENCE] MARGINAL: Consider entering with reduced size due to mixed signals and...
   [LEVELS] Determining entry, SL, TP...
   [LEVELS] Entry: 155.92600 (LIMIT)
   [LEVELS] SL: 155.86882 | TP: 156.10250 | RR: 1.30
[2026-02-26T13:30:22.858Z] [USDJPY] SIGNAL: LONG | Entry: 155.926 | SL: 155.86882 | TP: 156.1025 | Risk: 0.505
[2026-02-26T13:30:22.859Z] [USDJPY] Reasoning: Dir: No clear trade; wait for breakout above resistance | Conf: This probability reflects the lack of a clear tren...
[2026-02-26T13:30:22.859Z] [USDJPY] [REAL] Placing LONG order for 100000 units...
[EXECUTOR] Entering LONG 100000 USD/JPY TP=156.1025 SL=155.86882
[EXECUTOR STDERR] [ERROR] 110: The price does not conform to the minimum price variation for this contract.
[ERROR] 110: The price does not conform to the minimum price variation for this contract.
[EXECUTOR] Entry filled at 156.016
[2026-02-26T13:30:24.294Z] [USDJPY] [REAL] Order filled at 156.016 (TP order: 339, SL order: 340)
[2026-02-26T13:30:24.294Z] [USDJPY] ENTERED LONG @ 156.016 | SL: 155.86882 | TP: 156.1025 | Size: 100000
   [LEVELS] Entry: 1.35400 (LIMIT)
   [LEVELS] SL: 1.35250 | TP: 1.35600 | RR: 1.50
[2026-02-26T13:30:25.159Z] [GBPUSD] SIGNAL: LONG | Entry: 1.354 | SL: 1.3525 | TP: 1.356 | Risk: 0.3
[2026-02-26T13:30:25.159Z] [GBPUSD] Reasoning: Dir: Consider a long position if the price breaks above | Conf: The proposed long trade is in a range-bound market...
[2026-02-26T13:30:25.160Z] [GBPUSD] [REAL] Placing LONG order for 100000 units...
[EXECUTOR] Entering LONG 100000 GBP/USD TP=1.356 SL=1.3525
   [LEVELS] Entry: 1.17960 (LIMIT)
   [LEVELS] SL: 1.17910 (NORMAL)
   [LEVELS] TP: 1.18035 | Path: SOME_OBSTACLES | RR: 1.50
[2026-02-26T13:30:26.462Z] [EURUSD_GPT5] SIGNAL: LONG | Entry: 1.1796 | SL: 1.1791 | TP: 1.18035 | Risk: 0.35
[2026-02-26T13:30:26.462Z] [EURUSD_GPT5] Reasoning: Dir: If price holds above ~1.18079 and reclaims/accepts | Conf: This does not read like a clean long environment. ...
[2026-02-26T13:30:26.463Z] [EURUSD_GPT5] [REAL] Placing LONG order for 100000 units...
[EXECUTOR] Entering LONG 100000 EUR/USD TP=1.18035 SL=1.1791
   [LEVELS] Entry: 1.18090 (LIMIT)
   [LEVELS] SL: 1.17934 | TP: 1.18227 | RR: 2.00
[2026-02-26T13:30:28.002Z] [EURUSD] SIGNAL: LONG | Entry: 1.1809 | SL: 1.17934 | TP: 1.18227 | Risk: 0.55
[2026-02-26T13:30:28.003Z] [EURUSD] Reasoning: Dir: Consider a long position if the price can break ab | Conf: The setup has some positive aspects, such as the p...
[2026-02-26T13:30:28.003Z] [EURUSD] [REAL] Placing LONG order for 100000 units...
[EXECUTOR] Entering LONG 100000 EUR/USD TP=1.18227 SL=1.17934
[EXECUTOR STDERR] [ERROR] 201: Order rejected - reason:Your account has a minimum of 15 orders working on either the buy or sell side for this particular contract. <br>An additional order on the same side for this contract will not be allowed until an existing order has been <br>cancelled or has executed. Please call the Trade Desk for further details.
[EXECUTOR] Entry failed: Entry order not filled
[2026-02-26T13:30:35.806Z] [GBPUSD] [REAL] Order FAILED: Entry order not filled
[EXECUTOR STDERR] [ERROR] 326: Unable to connect as the client id is already in use. Retry with a unique client id.
[EXECUTOR] Entry failed: Failed to connect to TWS/IB Gateway
[2026-02-26T13:30:36.897Z] [EURUSD_GPT5] [REAL] Order FAILED: Failed to connect to TWS/IB Gateway
[EXECUTOR STDERR] [ERROR] 326: Unable to connect as the client id is already in use. Retry with a unique client id.
[EXECUTOR] Entry failed: Failed to connect to TWS/IB Gateway
[2026-02-26T13:30:38.424Z] [EURUSD] [REAL] Order FAILED: Failed to connect to TWS/IB Gateway
[2026-02-26T13:35:05.339Z] [EURUSD] New bar: 20260226 13:30:00 | O:1.18129 H:1.18136 L:1.18104 C:1.18113
[2026-02-26T13:35:05.472Z] [EURUSD] Calling AI agents for trade decision...
   [DIRECTION] Analyzing market structure...
[2026-02-26T13:35:05.473Z] [EURUSD_GPT5] New bar: 20260226 13:30:00 | O:1.18129 H:1.18136 L:1.18104 C:1.18113
[2026-02-26T13:35:05.608Z] [EURUSD_GPT5] Calling AI agents for trade decision...
   [DIRECTION] Analyzing market structure...
[2026-02-26T13:35:05.618Z] [USDJPY] New bar: 20260226 13:30:00 | O:155.99850 H:156.05300 L:155.97600 C:156.02200
[2026-02-26T13:35:05.685Z] [GBPUSD] New bar: 20260226 13:30:00 | O:1.35521 H:1.35526 L:1.35456 C:1.35494
[2026-02-26T13:35:05.840Z] [GBPUSD] Calling AI agents for trade decision...
   [DIRECTION] Analyzing market structure...
   [DIRECTION] BULLISH (MEDIUM)
   [DIRECTION] Consider a long position if the price breaks above resistance at 1.18166, target...
   [CONFIDENCE] Assessing setup quality...
   [DIRECTION] BULLISH (MEDIUM)
   [DIRECTION] Consider taking a long position if the price breaks above the resistance at 1.35...
   [CONFIDENCE] Assessing setup quality...
   [DIRECTION] UNCLEAR (LOW clarity)
   [DIRECTION] Readability: MODERATE
   [DIRECTION] Wait for clarity. If price cleanly breaks and holds above 1.18166 (acceptance, n...
   [DIRECTION] No clear direction - will assess both sides
   [CONFIDENCE] Assessing setup quality...
   [CONFIDENCE] Probability: 44%
   [CONFIDENCE] Coherence: INCOHERENT | Sizing: MINIMAL
   [CONFIDENCE] This does not read like a clean long environment. The market is positioned high ...
   [LEVELS] Determining entry, SL, TP...
   [CONFIDENCE] Probability: 55%
   [CONFIDENCE] MARGINAL: Consider proceeding with reduced size due to the proximity t...
   [LEVELS] Determining entry, SL, TP...
   [CONFIDENCE] Probability: 30%
   [CONFIDENCE] UNFAVORABLE: Reconsider the long position and wait for a clearer bullish ...
   [CONFIDENCE] BAD PATTERNS: COUNTER-TREND: Going LONG in DOWNTREND structure, RANGE: Trading in range-bound market without clear edge
   [LEVELS] Determining entry, SL, TP...
   [LEVELS] Entry: 1.35450 (LIMIT)
   [LEVELS] SL: 1.35190 | TP: 1.35650 | RR: 1.50
[2026-02-26T13:35:24.701Z] [GBPUSD] SIGNAL: LONG | Entry: 1.3545 | SL: 1.3519 | TP: 1.3565 | Risk: 0.3
[2026-02-26T13:35:24.701Z] [GBPUSD] Reasoning: Dir: Consider taking a long position if the price break | Conf: The proposed long trade is in a counter-trend situ...
[2026-02-26T13:35:24.701Z] [GBPUSD] [REAL] Placing LONG order for 100000 units...
[EXECUTOR] Entering LONG 100000 GBP/USD TP=1.3565 SL=1.3519
   [LEVELS] Entry: 1.18090 (LIMIT)
   [LEVELS] SL: 1.17903 | TP: 1.18227 | RR: 1.50
[2026-02-26T13:35:24.773Z] [EURUSD] SIGNAL: LONG | Entry: 1.1809 | SL: 1.17903 | TP: 1.18227 | Risk: 0.55
[2026-02-26T13:35:24.774Z] [EURUSD] Reasoning: Dir: Consider a long position if the price breaks above | Conf: The setup shows a bullish bias with the price abov...
[2026-02-26T13:35:24.774Z] [EURUSD] [REAL] Placing LONG order for 100000 units...
[EXECUTOR] Entering LONG 100000 EUR/USD TP=1.18227 SL=1.17903
   [LEVELS] Entry: 1.17962 (LIMIT)
   [LEVELS] SL: 1.17924 (NORMAL)
   [LEVELS] TP: 1.18008 | Path: SOME_OBSTACLES | RR: 1.21
[2026-02-26T13:35:25.372Z] [EURUSD_GPT5] SIGNAL: LONG | Entry: 1.17962 | SL: 1.17924 | TP: 1.18008 | Risk: 0.35
[2026-02-26T13:35:25.372Z] [EURUSD_GPT5] Reasoning: Dir: Wait for clarity. If price cleanly breaks and hold | Conf: This does not read like a clean long environment. ...
[2026-02-26T13:35:25.373Z] [EURUSD_GPT5] [REAL] Placing LONG order for 100000 units...
[EXECUTOR] Entering LONG 100000 EUR/USD TP=1.18008 SL=1.17924
[EXECUTOR STDERR] [ERROR] 326: Unable to connect as the client id is already in use. Retry with a unique client id.
[EXECUTOR] Entry failed: Failed to connect to TWS/IB Gateway
[2026-02-26T13:35:35.127Z] [EURUSD] [REAL] Order FAILED: Failed to connect to TWS/IB Gateway
[EXECUTOR STDERR] [ERROR] 201: Order rejected - reason:Your account has a minimum of 15 orders working on either the buy or sell side for this particular contract. <br>An additional order on the same side for this contract will not be allowed until an existing order has been <br>cancelled or has executed. Please call the Trade Desk for further details.
[EXECUTOR] Entry failed: Entry order not filled
[2026-02-26T13:35:35.277Z] [GBPUSD] [REAL] Order FAILED: Entry order not filled
[EXECUTOR STDERR] [ERROR] 326: Unable to connect as the client id is already in use. Retry with a unique client id.
[EXECUTOR] Entry failed: Failed to connect to TWS/IB Gateway
[2026-02-26T13:35:35.714Z] [EURUSD_GPT5] [REAL] Order FAILED: Failed to connect to TWS/IB Gateway
[2026-02-26T13:40:05.591Z] [EURUSD] New bar: 20260226 13:35:00 | O:1.18113 H:1.18144 L:1.18104 C:1.18104
[2026-02-26T13:40:05.723Z] [EURUSD] Calling AI agents for trade decision...
   [DIRECTION] Analyzing market structure...
[2026-02-26T13:40:05.723Z] [EURUSD_GPT5] New bar: 20260226 13:35:00 | O:1.18113 H:1.18144 L:1.18104 C:1.18104
[2026-02-26T13:40:05.864Z] [EURUSD_GPT5] Calling AI agents for trade decision...
   [DIRECTION] Analyzing market structure...
[2026-02-26T13:40:05.865Z] [GBPUSD] New bar: 20260226 13:35:00 | O:1.35494 H:1.35495 L:1.35464 C:1.35464
[2026-02-26T13:40:06.003Z] [GBPUSD] Calling AI agents for trade decision...
   [DIRECTION] Analyzing market structure...
[2026-02-26T13:40:06.006Z] [USDJPY] New bar: 20260226 13:35:00 | O:156.02200 H:156.06250 L:156.00500 C:156.06200
   [DIRECTION] UNCLEAR (LOW clarity)
   [DIRECTION] Readability: MODERATE
   [DIRECTION] Wait for clarity. If price reclaims and holds above 1.18166 (clean break/hold), ...
   [DIRECTION] No clear direction - will assess both sides
   [CONFIDENCE] Assessing setup quality...
   [DIRECTION] BULLISH (MEDIUM)
   [DIRECTION] Consider going long near the current price of 1.35464, targeting the resistance ...
   [CONFIDENCE] Assessing setup quality...
   [DIRECTION] BULLISH (MEDIUM)
   [DIRECTION] Consider a long position near the support level of 1.17952, targeting the resist...
   [CONFIDENCE] Assessing setup quality...
   [CONFIDENCE] Probability: 42%
   [CONFIDENCE] Coherence: INCOHERENT | Sizing: N/A
   [CONFIDENCE] This does not read like a clean long environment. Structure is bearish and recen...
   [LEVELS] Determining entry, SL, TP...
   [CONFIDENCE] Probability: 55%
   [CONFIDENCE] MARGINAL: Consider entering with reduced size due to mixed signals and...
   [LEVELS] Determining entry, SL, TP...
   [LEVELS] Entry: 1.17962 (LIMIT)
   [LEVELS] SL: 1.17918 (NORMAL)
   [LEVELS] TP: 1.18096 | Path: SOME_OBSTACLES | RR: 3.05
[2026-02-26T13:40:24.646Z] [EURUSD_GPT5] SIGNAL: LONG | Entry: 1.17962 | SL: 1.17918 | TP: 1.18096 | Risk: 0.42
[2026-02-26T13:40:24.647Z] [EURUSD_GPT5] Reasoning: Dir: Wait for clarity. If price reclaims and holds abov | Conf: This does not read like a clean long environment. ...
[2026-02-26T13:40:24.647Z] [EURUSD_GPT5] [REAL] Placing LONG order for 100000 units...
[EXECUTOR] Entering LONG 100000 EUR/USD TP=1.18096 SL=1.17918
   [LEVELS] Entry: 1.18090 (LIMIT)
   [LEVELS] SL: 1.17934 | TP: 1.18227 | RR: 1.30
[2026-02-26T13:40:24.820Z] [EURUSD] SIGNAL: LONG | Entry: 1.1809 | SL: 1.17934 | TP: 1.18227 | Risk: 0.55
[2026-02-26T13:40:24.821Z] [EURUSD] Reasoning: Dir: Consider a long position near the support level of | Conf: The setup has some positive aspects, such as the p...
[2026-02-26T13:40:24.821Z] [EURUSD] [REAL] Placing LONG order for 100000 units...
[EXECUTOR] Entering LONG 100000 EUR/USD TP=1.18227 SL=1.17934
   [CONFIDENCE] Probability: 25%
   [CONFIDENCE] UNFAVORABLE: Reassess the trade setup and consider waiting for a clearer ...
   [CONFIDENCE] BAD PATTERNS: RANGE: Trading in range-bound market without clear edge, SHALLOW PULLBACK: 0% retracement - no proper entry
   [LEVELS] Determining entry, SL, TP...
   [LEVELS] Entry: 1.35430 (LIMIT)
   [LEVELS] SL: 1.35275 | TP: 1.35575 | RR: 1.50
[2026-02-26T13:40:35.119Z] [GBPUSD] SIGNAL: LONG | Entry: 1.3543 | SL: 1.35275 | TP: 1.35575 | Risk: 0.25
[2026-02-26T13:40:35.120Z] [GBPUSD] Reasoning: Dir: Consider going long near the current price of 1.35 | Conf: The proposed long trade is set up in a range-bound...
[2026-02-26T13:40:35.120Z] [GBPUSD] [REAL] Placing LONG order for 100000 units...
[EXECUTOR] Entering LONG 100000 GBP/USD TP=1.35575 SL=1.35275
[EXECUTOR STDERR] [ERROR] 326: Unable to connect as the client id is already in use. Retry with a unique client id.
[EXECUTOR] Entry failed: Failed to connect to TWS/IB Gateway
[2026-02-26T13:40:35.181Z] [EURUSD] [REAL] Order FAILED: Failed to connect to TWS/IB Gateway
[EXECUTOR STDERR] [ERROR] 201: Order rejected - reason:Your account has a minimum of 15 orders working on either the buy or sell side for this particular contract. <br>An additional order on the same side for this contract will not be allowed until an existing order has been <br>cancelled or has executed. Please call the Trade Desk for further details.
[EXECUTOR] Entry failed: Entry order not filled
[2026-02-26T13:40:35.239Z] [EURUSD_GPT5] [REAL] Order FAILED: Entry order not filled
[EXECUTOR STDERR] [ERROR] 201: Order rejected - reason:Your account has a minimum of 15 orders working on either the buy or sell side for this particular contract. <br>An additional order on the same side for this contract will not be allowed until an existing order has been <br>cancelled or has executed. Please call the Trade Desk for further details.
[EXECUTOR] Entry failed: Entry order not filled
[2026-02-26T13:40:45.665Z] [GBPUSD] [REAL] Order FAILED: Entry order not filled
[2026-02-26T13:45:05.535Z] [GBPUSD] New bar: 20260226 13:40:00 | O:1.35464 H:1.35464 L:1.35378 C:1.35394
[2026-02-26T13:45:05.668Z] [GBPUSD] Calling AI agents for trade decision...
   [DIRECTION] Analyzing market structure...
[2026-02-26T13:45:05.669Z] [USDJPY] New bar: 20260226 13:40:00 | O:156.06200 H:156.08850 L:156.05300 C:156.08200
[2026-02-26T13:45:05.743Z] [EURUSD] New bar: 20260226 13:40:00 | O:1.18104 H:1.18104 L:1.18027 C:1.18032
[2026-02-26T13:45:05.898Z] [EURUSD] Calling AI agents for trade decision...
   [DIRECTION] Analyzing market structure...
[2026-02-26T13:45:05.898Z] [EURUSD_GPT5] New bar: 20260226 13:40:00 | O:1.18104 H:1.18104 L:1.18027 C:1.18032
[2026-02-26T13:45:06.050Z] [EURUSD_GPT5] Calling AI agents for trade decision...
   [DIRECTION] Analyzing market structure...
   [DIRECTION] UNCLEAR (LOW clarity)
   [DIRECTION] Readability: MODERATE
   [DIRECTION] Wait for clarity. If price breaks and holds below 1.17952, look for continuation...
   [DIRECTION] No clear direction - will assess both sides
   [CONFIDENCE] Assessing setup quality...
   [DIRECTION] BEARISH (MEDIUM)
   [DIRECTION] Consider shorting at resistance near 1.35545, targeting support at 1.35220. If t...
   [CONFIDENCE] Assessing setup quality...
   [DIRECTION] BEARISH (MEDIUM)
   [DIRECTION] Consider shorting near the resistance level at 1.18166, targeting the support le...
   [CONFIDENCE] Assessing setup quality...
   [CONFIDENCE] Probability: 42%
   [CONFIDENCE] Coherence: INCOHERENT | Sizing: SKIP
   [CONFIDENCE] This market is not telling one clean story that supports a LONG. Structure and m...
   [LEVELS] Determining entry, SL, TP...
   [CONFIDENCE] Probability: 55%
   [CONFIDENCE] MARGINAL: Consider proceeding with reduced size due to proximity to su...
   [LEVELS] Determining entry, SL, TP...
   [CONFIDENCE] Probability: 25%
   [CONFIDENCE] UNFAVORABLE: Consider waiting for a clearer trend or a better entry point...
   [CONFIDENCE] BAD PATTERNS: RANGE: Trading in range-bound market without clear edge, SHALLOW PULLBACK: 0% retracement - no proper entry
   [LEVELS] Determining entry, SL, TP...
   [LEVELS] Entry: 1.17960 (LIMIT)
   [LEVELS] SL: 1.17920 (NORMAL)
   [LEVELS] TP: 1.18090 | Path: SOME_OBSTACLES | RR: 3.25
[2026-02-26T13:45:25.045Z] [EURUSD_GPT5] AI says WAIT: Confidence agent recommends SKIP: This market is not telling one clean story that supports a LONG. S...
   [LEVELS] Entry: 1.35540 (LIMIT)
   [LEVELS] SL: 1.35590 | TP: 1.35220 | RR: 3.00
[2026-02-26T13:45:25.874Z] [GBPUSD] SIGNAL: SHORT | Entry: 1.3554 | SL: 1.3559 | TP: 1.3522 | Risk: 0.25
[2026-02-26T13:45:25.874Z] [GBPUSD] Reasoning: Dir: Consider shorting at resistance near 1.35545, targ | Conf: The proposed trade has been assessed in a range-bo...
[2026-02-26T13:45:25.875Z] [GBPUSD] [REAL] Placing SHORT order for 100000 units...
[EXECUTOR] Entering SHORT 100000 GBP/USD TP=1.3522 SL=1.3559
   [LEVELS] Entry: 1.18150 (LIMIT)
   [LEVELS] SL: 1.18277 | TP: 1.17952 | RR: 1.50
[2026-02-26T13:45:26.127Z] [EURUSD] SIGNAL: SHORT | Entry: 1.1815 | SL: 1.18277 | TP: 1.17952 | Risk: 0.55
[2026-02-26T13:45:26.127Z] [EURUSD] Reasoning: Dir: Consider shorting near the resistance level at 1.1 | Conf: The proposed short trade has some favorable aspect...
[2026-02-26T13:45:26.128Z] [EURUSD] [REAL] Placing SHORT order for 100000 units...
[EXECUTOR] Entering SHORT 100000 EUR/USD TP=1.17952 SL=1.18277
[EXECUTOR STDERR] [ERROR] 201: Order rejected - reason:Your account has a minimum of 15 orders working on either the buy or sell side for this particular contract. <br>An additional order on the same side for this contract will not be allowed until an existing order has been <br>cancelled or has executed. Please call the Trade Desk for further details.
[EXECUTOR] Entry filled at 1.35406
[2026-02-26T13:45:27.285Z] [GBPUSD] [REAL] Order filled at 1.35406 (TP order: 346, SL order: 347)
[2026-02-26T13:45:27.285Z] [GBPUSD] ENTERED SHORT @ 1.35406 | SL: 1.3559 | TP: 1.3522 | Size: 100000
[EXECUTOR STDERR] [ERROR] 326: Unable to connect as the client id is already in use. Retry with a unique client id.
[EXECUTOR] Entry failed: Failed to connect to TWS/IB Gateway
[2026-02-26T13:45:36.476Z] [EURUSD] [REAL] Order FAILED: Failed to connect to TWS/IB Gateway
[2026-02-26T13:50:05.399Z] [GBPUSD] New bar: 20260226 13:45:00 | O:1.35394 H:1.35438 L:1.35394 C:1.35433
[2026-02-26T13:50:05.473Z] [EURUSD] New bar: 20260226 13:45:00 | O:1.18032 H:1.18074 L:1.18032 C:1.18068
[2026-02-26T13:50:05.620Z] [EURUSD] Calling AI agents for trade decision...
   [DIRECTION] Analyzing market structure...
[2026-02-26T13:50:05.621Z] [EURUSD_GPT5] New bar: 20260226 13:45:00 | O:1.18032 H:1.18074 L:1.18032 C:1.18068
[2026-02-26T13:50:05.762Z] [EURUSD_GPT5] Calling AI agents for trade decision...
   [DIRECTION] Analyzing market structure...
[2026-02-26T13:50:05.769Z] [USDJPY] New bar: 20260226 13:45:00 | O:156.08200 H:156.10250 L:156.07000 C:156.08300
   [DIRECTION] UNCLEAR (LOW clarity)
   [DIRECTION] Readability: MODERATE
   [DIRECTION] Wait for clarity. If price reclaims and holds above 1.18166 (acceptance above re...
   [DIRECTION] No clear direction - will assess both sides
   [CONFIDENCE] Assessing setup quality...
   [DIRECTION] BULLISH (MEDIUM)
   [DIRECTION] Consider a long position targeting the resistance at 1.18166. If the price break...
   [CONFIDENCE] Assessing setup quality...
[EXECUTOR STDERR] [ERROR] 326: Unable to connect as the client id is already in use. Retry with a unique client id.
[2026-02-26T13:50:16.123Z] [USDJPY] [REAL] Position closed by bracket order - TP
[2026-02-26T13:50:16.124Z] [USDJPY] [REAL] Closing position...
[EXECUTOR] Closing position for USD/JPY
   [CONFIDENCE] Probability: 42%
   [CONFIDENCE] Coherence: INCOHERENT | Sizing: MINIMAL
   [CONFIDENCE] This market is not in agreement with itself. Structure and recent momentum are b...
   [LEVELS] Determining entry, SL, TP...
[EXECUTOR] Position closed at 156.078
[2026-02-26T13:50:18.048Z] [USDJPY] [REAL] Position closed at 156.078
[2026-02-26T13:50:18.049Z] [USDJPY] CLOSED LONG | TP @ 156.078 | R: 0.42 | Weighted: 0.21
[2026-02-26T13:50:18.049Z] [USDJPY] Bars in trade: 4 | Max favorable: 0.08650 | Max adverse: 0.04000
[2026-02-26T13:50:18.049Z] [USDJPY] [REAL P&L] Gross: $6200.00 | Commission: $4.00 | Net: $6196.00
[2026-02-26T13:50:20.036Z] [USDJPY] Analysis: GOOD - The trade was successful as the price moved favorably towards the take profit level within a short d...
[2026-02-26T13:50:20.038Z] Results saved (88 total trades)
[2026-02-26T13:50:20.042Z] Global trades saved (186 total trades)
   [CONFIDENCE] Probability: 55%
   [CONFIDENCE] MARGINAL: Consider proceeding with reduced size due to mixed signals a...
   [LEVELS] Determining entry, SL, TP...
   [LEVELS] Entry: 1.17956 (LIMIT)
   [LEVELS] SL: 1.17918 (NORMAL)
   [LEVELS] TP: 1.18011 | Path: SOME_OBSTACLES | RR: 1.45
[2026-02-26T13:50:24.462Z] [EURUSD_GPT5] SIGNAL: LONG | Entry: 1.17956 | SL: 1.17918 | TP: 1.18011 | Risk: 0.35
[2026-02-26T13:50:24.462Z] [EURUSD_GPT5] Reasoning: Dir: Wait for clarity. If price reclaims and holds abov | Conf: This market is not in agreement with itself. Struc...
[2026-02-26T13:50:24.463Z] [EURUSD_GPT5] [REAL] Placing LONG order for 100000 units...
[EXECUTOR] Entering LONG 100000 EUR/USD TP=1.18011 SL=1.17918
   [LEVELS] Entry: 1.18050 (LIMIT)
   [LEVELS] SL: 1.17920 | TP: 1.18150 | RR: 2.50
[2026-02-26T13:50:28.351Z] [EURUSD] SIGNAL: LONG | Entry: 1.1805 | SL: 1.1792 | TP: 1.1815 | Risk: 0.55
[2026-02-26T13:50:28.352Z] [EURUSD] Reasoning: Dir: Consider a long position targeting the resistance  | Conf: The setup shows a bullish structure with the price...
[2026-02-26T13:50:28.352Z] [EURUSD] [REAL] Placing LONG order for 100000 units...
[EXECUTOR] Entering LONG 100000 EUR/USD TP=1.1815 SL=1.1792
[EXECUTOR STDERR] [ERROR] 201: Order rejected - reason:Your account has a minimum of 15 orders working on either the buy or sell side for this particular contract. <br>An additional order on the same side for this contract will not be allowed until an existing order has been <br>cancelled or has executed. Please call the Trade Desk for further details.
[EXECUTOR] Entry failed: Entry order not filled
[2026-02-26T13:50:35.090Z] [EURUSD_GPT5] [REAL] Order FAILED: Entry order not filled
[EXECUTOR STDERR] [ERROR] 326: Unable to connect as the client id is already in use. Retry with a unique client id.
[EXECUTOR] Entry failed: Failed to connect to TWS/IB Gateway
[2026-02-26T13:50:38.798Z] [EURUSD] [REAL] Order FAILED: Failed to connect to TWS/IB Gateway
[2026-02-26T13:55:05.535Z] [EURUSD] New bar: 20260226 13:50:00 | O:1.18068 H:1.18087 L:1.18043 C:1.18076
[2026-02-26T13:55:05.676Z] [EURUSD] Calling AI agents for trade decision...
   [DIRECTION] Analyzing market structure...
[2026-02-26T13:55:05.676Z] [EURUSD_GPT5] New bar: 20260226 13:50:00 | O:1.18068 H:1.18087 L:1.18043 C:1.18076
[2026-02-26T13:55:05.819Z] [EURUSD_GPT5] Calling AI agents for trade decision...
   [DIRECTION] Analyzing market structure...
[2026-02-26T13:55:05.820Z] [GBPUSD] New bar: 20260226 13:50:00 | O:1.35433 H:1.35444 L:1.35397 C:1.35434
[2026-02-26T13:55:05.896Z] [USDJPY] New bar: 20260226 13:50:00 | O:156.08300 H:156.11400 L:156.06250 C:156.09300
[2026-02-26T13:55:06.044Z] [USDJPY] Calling AI agents for trade decision...
   [DIRECTION] Analyzing market structure...
   [DIRECTION] NEUTRAL (HIGH)
   [DIRECTION] No clear trade; wait for breakout above resistance or below support for directio...
   [DIRECTION] No clear direction - will assess both sides
   [CONFIDENCE] Assessing setup quality...
   [DIRECTION] UNCLEAR (LOW clarity)
   [DIRECTION] Readability: MODERATE
   [DIRECTION] Wait for clarity. If price reclaims and holds above 1.18166 (not just a wick) wi...
   [DIRECTION] No clear direction - will assess both sides
   [CONFIDENCE] Assessing setup quality...
   [DIRECTION] BULLISH (MEDIUM)
   [DIRECTION] Consider entering a long position if the price breaks above the resistance level...
   [CONFIDENCE] Assessing setup quality...
   [CONFIDENCE] Probability: 45%
   [CONFIDENCE] MARGINAL: LOW conviction - size accordingly...
   [LEVELS] Determining entry, SL, TP...
   [CONFIDENCE] Probability: 55%
   [CONFIDENCE] MARGINAL: Consider entering with reduced size and monitor closely for ...
   [LEVELS] Determining entry, SL, TP...
   [CONFIDENCE] Probability: 44%
   [CONFIDENCE] Coherence: INCOHERENT | Sizing: MINIMAL
   [CONFIDENCE] This does not read like a clean long environment. The market is internally confl...
   [LEVELS] Determining entry, SL, TP...
   [LEVELS] Entry: 156.03750 (LIMIT)
   [LEVELS] SL: 155.92150 | TP: 156.16250 | RR: 2.10
[2026-02-26T13:55:21.633Z] [USDJPY] SIGNAL: LONG | Entry: 156.0375 | SL: 155.9215 | TP: 156.1625 | Risk: 0.505
[2026-02-26T13:55:21.633Z] [USDJPY] Reasoning: Dir: No clear trade; wait for breakout above resistance | Conf: This setup has a neutral bias with a high confiden...
[2026-02-26T13:55:21.634Z] [USDJPY] [REAL] Placing LONG order for 100000 units...
[EXECUTOR] Entering LONG 100000 USD/JPY TP=156.1625 SL=155.9215
[EXECUTOR STDERR] [ERROR] 110: The price does not conform to the minimum price variation for this contract.
[ERROR] 110: The price does not conform to the minimum price variation for this contract.
[EXECUTOR] Entry filled at 156.104
[2026-02-26T13:55:23.050Z] [USDJPY] [REAL] Order filled at 156.104 (TP order: 351, SL order: 352)
[2026-02-26T13:55:23.051Z] [USDJPY] ENTERED LONG @ 156.104 | SL: 155.9215 | TP: 156.1625 | Size: 100000
   [LEVELS] Entry: 1.18050 (LIMIT)
   [LEVELS] SL: 1.17934 | TP: 1.18200 | RR: 1.50
[2026-02-26T13:55:23.992Z] [EURUSD] SIGNAL: LONG | Entry: 1.1805 | SL: 1.17934 | TP: 1.182 | Risk: 0.55
[2026-02-26T13:55:23.993Z] [EURUSD] Reasoning: Dir: Consider entering a long position if the price bre | Conf: The setup has some positive aspects, such as being...
[2026-02-26T13:55:23.993Z] [EURUSD] [REAL] Placing LONG order for 100000 units...
[EXECUTOR] Entering LONG 100000 EUR/USD TP=1.182 SL=1.17934
   [LEVELS] Entry: 1.18050 (LIMIT)
   [LEVELS] SL: 1.17928 (NORMAL)
   [LEVELS] TP: 1.18205 | Path: SOME_OBSTACLES | RR: 1.27
[2026-02-26T13:55:26.288Z] [EURUSD_GPT5] SIGNAL: LONG | Entry: 1.1805 | SL: 1.17928 | TP: 1.18205 | Risk: 0.35
[2026-02-26T13:55:26.289Z] [EURUSD_GPT5] Reasoning: Dir: Wait for clarity. If price reclaims and holds abov | Conf: This does not read like a clean long environment. ...
[2026-02-26T13:55:26.290Z] [EURUSD_GPT5] [REAL] Placing LONG order for 100000 units...
[EXECUTOR] Entering LONG 100000 EUR/USD TP=1.18205 SL=1.17928
[EXECUTOR STDERR] [ERROR] 201: Order rejected - reason:Your account has a minimum of 15 orders working on either the buy or sell side for this particular contract. <br>An additional order on the same side for this contract will not be allowed until an existing order has been <br>cancelled or has executed. Please call the Trade Desk for further details.
[EXECUTOR] Entry failed: Entry order not filled
[2026-02-26T13:55:34.651Z] [EURUSD] [REAL] Order FAILED: Entry order not filled
[EXECUTOR STDERR] [ERROR] 326: Unable to connect as the client id is already in use. Retry with a unique client id.
[EXECUTOR] Entry failed: Failed to connect to TWS/IB Gateway
[2026-02-26T13:55:36.728Z] [EURUSD_GPT5] [REAL] Order FAILED: Failed to connect to TWS/IB Gateway
[2026-02-26T14:00:05.520Z] [GBPUSD] New bar: 20260226 13:55:00 | O:1.35434 H:1.35435 L:1.35353 C:1.35367
[2026-02-26T14:00:05.594Z] [EURUSD] New bar: 20260226 13:55:00 | O:1.18076 H:1.18088 L:1.18044 C:1.18069
[2026-02-26T14:00:05.739Z] [EURUSD] Calling AI agents for trade decision...
   [DIRECTION] Analyzing market structure...
[2026-02-26T14:00:05.740Z] [EURUSD_GPT5] New bar: 20260226 13:55:00 | O:1.18076 H:1.18088 L:1.18044 C:1.18069
[2026-02-26T14:00:05.899Z] [EURUSD_GPT5] Calling AI agents for trade decision...
   [DIRECTION] Analyzing market structure...
[2026-02-26T14:00:05.900Z] [USDJPY] New bar: 20260226 13:55:00 | O:156.09300 H:156.17500 L:156.08850 C:156.16250
   [DIRECTION] UNCLEAR (LOW clarity)
   [DIRECTION] Readability: MODERATE
   [DIRECTION] Wait for clarity. If price cleanly reclaims and holds above 1.18166 (acceptance ...
   [DIRECTION] No clear direction - will assess both sides
   [CONFIDENCE] Assessing setup quality...
   [DIRECTION] BULLISH (MEDIUM)
   [DIRECTION] Consider entering a long position as the price approaches the resistance at 1.18...
   [CONFIDENCE] Assessing setup quality...
[EXECUTOR STDERR] [ERROR] 326: Unable to connect as the client id is already in use. Retry with a unique client id.
[2026-02-26T14:00:16.254Z] [USDJPY] [REAL] Position closed by bracket order - TP
[2026-02-26T14:00:16.254Z] [USDJPY] [REAL] Closing position...
[EXECUTOR] Closing position for USD/JPY
   [CONFIDENCE] Probability: 44%
   [CONFIDENCE] Coherence: INCOHERENT | Sizing: MINIMAL
   [CONFIDENCE] This does not read like a clean long environment. Structure is down and the EMA ...
   [LEVELS] Determining entry, SL, TP...
[EXECUTOR] Position closed at 156.166
[2026-02-26T14:00:18.144Z] [USDJPY] [REAL] Position closed at 156.166
[2026-02-26T14:00:18.144Z] [USDJPY] CLOSED LONG | TP @ 156.166 | R: 0.34 | Weighted: 0.17
[2026-02-26T14:00:18.144Z] [USDJPY] Bars in trade: 1 | Max favorable: 0.07100 | Max adverse: 0.01550
[2026-02-26T14:00:18.145Z] [USDJPY] [REAL P&L] Gross: $6200.00 | Commission: $4.00 | Net: $6196.00
   [CONFIDENCE] Probability: 55%
   [CONFIDENCE] MARGINAL: Consider entering with reduced size due to the mixed signals...
   [LEVELS] Determining entry, SL, TP...
[2026-02-26T14:00:20.863Z] [USDJPY] Analysis: GOOD - The trade was successful as the price moved favorably from the entry point of 156.104 to the exit pr...
[2026-02-26T14:00:20.865Z] Results saved (89 total trades)
[2026-02-26T14:00:20.870Z] Global trades saved (187 total trades)
   [LEVELS] Entry: 1.17960 (LIMIT)
   [LEVELS] SL: 1.17918 (NORMAL)
   [LEVELS] TP: 1.18020 | Path: SOME_OBSTACLES | RR: 1.43
[2026-02-26T14:00:25.346Z] [EURUSD_GPT5] SIGNAL: LONG | Entry: 1.1796 | SL: 1.17918 | TP: 1.1802 | Risk: 0.35
[2026-02-26T14:00:25.346Z] [EURUSD_GPT5] Reasoning: Dir: Wait for clarity. If price cleanly reclaims and ho | Conf: This does not read like a clean long environment. ...
[2026-02-26T14:00:25.346Z] [EURUSD_GPT5] [REAL] Placing LONG order for 100000 units...
[EXECUTOR] Entering LONG 100000 EUR/USD TP=1.1802 SL=1.17918
   [LEVELS] Entry: 1.18060 (LIMIT)
   [LEVELS] SL: 1.17920 | TP: 1.18200 | RR: 1.90
[2026-02-26T14:00:26.372Z] [EURUSD] SIGNAL: LONG | Entry: 1.1806 | SL: 1.1792 | TP: 1.182 | Risk: 0.55
[2026-02-26T14:00:26.372Z] [EURUSD] Reasoning: Dir: Consider entering a long position as the price app | Conf: The setup shows a bullish structure with the price...
[2026-02-26T14:00:26.373Z] [EURUSD] [REAL] Placing LONG order for 100000 units...
[EXECUTOR] Entering LONG 100000 EUR/USD TP=1.182 SL=1.1792
[EXECUTOR STDERR] [ERROR] 201: Order rejected - reason:Your account has a minimum of 15 orders working on either the buy or sell side for this particular contract. <br>An additional order on the same side for this contract will not be allowed until an existing order has been <br>cancelled or has executed. Please call the Trade Desk for further details.
[EXECUTOR] Entry failed: Entry order not filled
[2026-02-26T14:00:36.040Z] [EURUSD_GPT5] [REAL] Order FAILED: Entry order not filled
[EXECUTOR STDERR] [ERROR] 326: Unable to connect as the client id is already in use. Retry with a unique client id.
[EXECUTOR] Entry failed: Failed to connect to TWS/IB Gateway
[2026-02-26T14:00:36.793Z] [EURUSD] [REAL] Order FAILED: Failed to connect to TWS/IB Gateway
[2026-02-26T14:05:05.423Z] [GBPUSD] New bar: 20260226 14:00:00 | O:1.35367 H:1.35385 L:1.35337 C:1.35368
[2026-02-26T14:05:05.509Z] [EURUSD] New bar: 20260226 14:00:00 | O:1.18069 H:1.18084 L:1.18034 C:1.18049
[2026-02-26T14:05:05.670Z] [EURUSD] Calling AI agents for trade decision...
   [DIRECTION] Analyzing market structure...
[2026-02-26T14:05:05.670Z] [EURUSD_GPT5] New bar: 20260226 14:00:00 | O:1.18069 H:1.18084 L:1.18034 C:1.18049
[2026-02-26T14:05:05.820Z] [EURUSD_GPT5] Calling AI agents for trade decision...
   [DIRECTION] Analyzing market structure...
[2026-02-26T14:05:05.823Z] [USDJPY] New bar: 20260226 14:00:00 | O:156.16250 H:156.20500 L:156.13700 C:156.18750
[2026-02-26T14:05:05.967Z] [USDJPY] Calling AI agents for trade decision...
   [DIRECTION] Analyzing market structure...
   [DIRECTION] NEUTRAL (HIGH)
   [DIRECTION] No clear trade; wait for breakout above resistance or below support....
   [DIRECTION] No clear direction - will assess both sides
   [CONFIDENCE] Assessing setup quality...
   [DIRECTION] UNCLEAR (LOW clarity)
   [DIRECTION] Readability: MODERATE
   [DIRECTION] Wait for clarity. If price breaks and holds below 1.17953/1.17934, look for a co...
   [DIRECTION] No clear direction - will assess both sides
   [CONFIDENCE] Assessing setup quality...
   [DIRECTION] BEARISH (MEDIUM)
   [DIRECTION] Consider shorting near the resistance level at 1.18166, targeting the support le...
   [CONFIDENCE] Assessing setup quality...
   [CONFIDENCE] Probability: 45%
   [CONFIDENCE] MARGINAL: LOW conviction - size accordingly...
   [LEVELS] Determining entry, SL, TP...
   [CONFIDENCE] Probability: 41%
   [CONFIDENCE] Coherence: INCOHERENT | Sizing: MINIMAL
   [CONFIDENCE] Nothing here says 'clean long.' Structure is pointing down, price is below the E...
   [LEVELS] Determining entry, SL, TP...
   [CONFIDENCE] Probability: 55%
   [CONFIDENCE] MARGINAL: Consider proceeding with reduced size due to proximity to su...
   [LEVELS] Determining entry, SL, TP...
   [LEVELS] Entry: 156.10250 (LIMIT)
   [LEVELS] SL: 156.04200 | TP: 156.21157 | RR: 1.30
[2026-02-26T14:05:22.975Z] [USDJPY] SIGNAL: LONG | Entry: 156.1025 | SL: 156.042 | TP: 156.21157 | Risk: 0.505
[2026-02-26T14:05:22.976Z] [USDJPY] Reasoning: Dir: No clear trade; wait for breakout above resistance | Conf: This probability reflects the mixed signals presen...
[2026-02-26T14:05:22.976Z] [USDJPY] [REAL] Placing LONG order for 100000 units...
[EXECUTOR] Entering LONG 100000 USD/JPY TP=156.21157 SL=156.042
[EXECUTOR STDERR] [ERROR] 110: The price does not conform to the minimum price variation for this contract.
[EXECUTOR] Entry filled at 156.213
[2026-02-26T14:05:24.371Z] [USDJPY] [REAL] Order filled at 156.213 (TP order: 357, SL order: 358)
[2026-02-26T14:05:24.371Z] [USDJPY] ENTERED LONG @ 156.213 | SL: 156.042 | TP: 156.21157 | Size: 100000
   [LEVELS] Entry: 1.18150 (LIMIT)
   [LEVELS] SL: 1.18267 | TP: 1.17953 | RR: 1.50
[2026-02-26T14:05:24.610Z] [EURUSD] SIGNAL: SHORT | Entry: 1.1815 | SL: 1.18267 | TP: 1.17953 | Risk: 0.55
[2026-02-26T14:05:24.611Z] [EURUSD] Reasoning: Dir: Consider shorting near the resistance level at 1.1 | Conf: The setup has some strengths, including a bearish ...
[2026-02-26T14:05:24.612Z] [EURUSD] [REAL] Placing SHORT order for 100000 units...
[EXECUTOR] Entering SHORT 100000 EUR/USD TP=1.17953 SL=1.18267
   [LEVELS] Entry: 1.17955 (LIMIT)
   [LEVELS] SL: 1.17915 (NORMAL)
   [LEVELS] TP: 1.18015 | Path: SOME_OBSTACLES | RR: 1.50
[2026-02-26T14:05:25.340Z] [EURUSD_GPT5] SIGNAL: LONG | Entry: 1.17955 | SL: 1.17915 | TP: 1.18015 | Risk: 0.35
[2026-02-26T14:05:25.340Z] [EURUSD_GPT5] Reasoning: Dir: Wait for clarity. If price breaks and holds below  | Conf: Nothing here says 'clean long.' Structure is point...
[2026-02-26T14:05:25.341Z] [EURUSD_GPT5] [REAL] Placing LONG order for 100000 units...
[EXECUTOR] Entering LONG 100000 EUR/USD TP=1.18015 SL=1.17915
[EXECUTOR] Entry filled at 1.18042
[2026-02-26T14:05:26.030Z] [EURUSD] [REAL] Order filled at 1.18042 (TP order: 360, SL order: 361)
[2026-02-26T14:05:26.031Z] [EURUSD] ENTERED SHORT @ 1.18042 | SL: 1.18267 | TP: 1.17953 | Size: 100000
[EXECUTOR STDERR] [ERROR] 326: Unable to connect as the client id is already in use. Retry with a unique client id.
[EXECUTOR] Entry failed: Failed to connect to TWS/IB Gateway
[2026-02-26T14:05:35.759Z] [EURUSD_GPT5] [REAL] Order FAILED: Failed to connect to TWS/IB Gateway
[2026-02-26T14:10:06.079Z] [EURUSD] New bar: 20260226 14:05:00 | O:1.18049 H:1.18054 L:1.18022 C:1.18043
[2026-02-26T14:10:06.153Z] [EURUSD_GPT5] New bar: 20260226 14:05:00 | O:1.18049 H:1.18054 L:1.18022 C:1.18043
[2026-02-26T14:10:06.301Z] [EURUSD_GPT5] Calling AI agents for trade decision...
   [DIRECTION] Analyzing market structure...
[2026-02-26T14:10:06.302Z] [GBPUSD] New bar: 20260226 14:05:00 | O:1.35368 H:1.35370 L:1.35333 C:1.35360
[2026-02-26T14:10:06.322Z] [USDJPY] New bar: 20260226 14:05:00 | O:156.18750 H:156.25200 L:156.18700 C:156.21200
   [DIRECTION] UNCLEAR (LOW clarity)
   [DIRECTION] Readability: MODERATE
   [DIRECTION] Wait for clarity. If price breaks and holds below 1.17953 (acceptance below supp...
   [DIRECTION] No clear direction - will assess both sides
   [CONFIDENCE] Assessing setup quality...
[EXECUTOR STDERR] [ERROR] 326: Unable to connect as the client id is already in use. Retry with a unique client id.
[2026-02-26T14:10:16.662Z] [GBPUSD] [REAL] Position closed by bracket order - TP
[2026-02-26T14:10:16.662Z] [GBPUSD] [REAL] Closing position...
[EXECUTOR] Closing position for GBP/USD
[EXECUTOR STDERR] [ERROR] 326: Unable to connect as the client id is already in use. Retry with a unique client id.
[2026-02-26T14:10:17.207Z] [USDJPY] [REAL] Position closed by bracket order - TP
[2026-02-26T14:10:17.208Z] [USDJPY] [REAL] Closing position...
[EXECUTOR] Closing position for USD/JPY
   [CONFIDENCE] Probability: 42%
   [CONFIDENCE] Coherence: INCOHERENT | Sizing: MINIMAL
   [CONFIDENCE] The market is not supporting a clean LONG narrative. Structure is down and recen...
   [LEVELS] Determining entry, SL, TP...
   [LEVELS] Entry: 1.17956 (LIMIT)
   [LEVELS] SL: 1.17918 (NORMAL)
   [LEVELS] TP: 1.18088 | Path: SOME_OBSTACLES | RR: 1.24
[2026-02-26T14:10:26.565Z] [EURUSD_GPT5] SIGNAL: LONG | Entry: 1.17956 | SL: 1.17918 | TP: 1.18088 | Risk: 0.35
[2026-02-26T14:10:26.566Z] [EURUSD_GPT5] Reasoning: Dir: Wait for clarity. If price breaks and holds below  | Conf: The market is not supporting a clean LONG narrativ...
[2026-02-26T14:10:26.568Z] [EURUSD_GPT5] [REAL] Placing LONG order for 100000 units...
[EXECUTOR] Entering LONG 100000 EUR/USD TP=1.18088 SL=1.17918
[EXECUTOR STDERR] [ERROR] 326: Unable to connect as the client id is already in use. Retry with a unique client id.
[EXECUTOR] Close failed: Failed to connect to TWS/IB Gateway
[2026-02-26T14:10:27.573Z] [USDJPY] [REAL] Close result: {"error":"Failed to connect to TWS/IB Gateway"}
[2026-02-26T14:10:27.573Z] [USDJPY] CLOSED LONG | TP @ 156.21157 | R: -0.01 | Weighted: -0.00
[2026-02-26T14:10:27.573Z] [USDJPY] Bars in trade: 1 | Max favorable: 0.03900 | Max adverse: 0.02600
[2026-02-26T14:10:27.573Z] [USDJPY] [REAL P&L] Gross: $-143.00 | Commission: $4.00 | Net: $-147.00
[EXECUTOR STDERR] [ERROR] 201: Order rejected - reason:Your account has a minimum of 15 orders working on either the buy or sell side for this particular contract. <br>An additional order on the same side for this contract will not be allowed until an existing order has been <br>cancelled or has executed. Please call the Trade Desk for further details.
[EXECUTOR] Close failed: Timeout waiting for fill
[2026-02-26T14:10:28.181Z] [GBPUSD] [REAL] Close result: {"success":false,"orderId":362,"status":"Inactive","error":"Timeout waiting for fill"}
[2026-02-26T14:10:28.182Z] [GBPUSD] CLOSED SHORT | TP @ 1.353595 | R: 0.25 | Weighted: 0.06
[2026-02-26T14:10:28.182Z] [GBPUSD] Bars in trade: 5 | Max favorable: 0.00073 | Max adverse: 0.00038
[2026-02-26T14:10:28.182Z] [GBPUSD] [REAL P&L] Gross: $46.50 | Commission: $4.00 | Net: $42.50
[2026-02-26T14:10:30.023Z] [USDJPY] Analysis: BAD - The trade was a long position on USDJPY, but the take profit was set too close to the entry price, r...
[2026-02-26T14:10:30.027Z] Results saved (90 total trades)
[2026-02-26T14:10:30.031Z] Global trades saved (188 total trades)
[2026-02-26T14:10:30.864Z] [GBPUSD] Analysis: GOOD - The trade was successful as the price moved downwards from the entry point of 1.35406 to the take pr...
[2026-02-26T14:10:30.868Z] Results saved (91 total trades)
[2026-02-26T14:10:30.873Z] Global trades saved (189 total trades)
[EXECUTOR STDERR] [ERROR] 326: Unable to connect as the client id is already in use. Retry with a unique client id.
[EXECUTOR] Entry failed: Failed to connect to TWS/IB Gateway
[2026-02-26T14:10:36.992Z] [EURUSD_GPT5] [REAL] Order FAILED: Failed to connect to TWS/IB Gateway
[2026-02-26T14:15:05.401Z] [EURUSD] New bar: 20260226 14:10:00 | O:1.18043 H:1.18087 L:1.18039 C:1.18077
[2026-02-26T14:15:05.473Z] [EURUSD_GPT5] New bar: 20260226 14:10:00 | O:1.18043 H:1.18087 L:1.18039 C:1.18077
[2026-02-26T14:15:05.618Z] [EURUSD_GPT5] Calling AI agents for trade decision...
   [DIRECTION] Analyzing market structure...
[2026-02-26T14:15:06.107Z] [GBPUSD] New bar: 20260226 14:10:00 | O:1.35360 H:1.35438 L:1.35354 C:1.35427
[2026-02-26T14:15:06.229Z] [GBPUSD] Calling AI agents for trade decision...
   [DIRECTION] Analyzing market structure...
[2026-02-26T14:15:06.229Z] [USDJPY] New bar: 20260226 14:10:00 | O:156.21200 H:156.21250 L:156.15950 C:156.18100
[2026-02-26T14:15:06.370Z] [USDJPY] Calling AI agents for trade decision...
   [DIRECTION] Analyzing market structure...
   [DIRECTION] UNCLEAR (LOW clarity)
   [DIRECTION] Readability: MESSY
   [DIRECTION] Wait for clarity. This is range behavior around a flat EMA. If you must engage, ...
   [DIRECTION] No clear direction - will assess both sides
   [CONFIDENCE] Assessing setup quality...
   [DIRECTION] NEUTRAL (HIGH)
   [DIRECTION] No clear trade. Wait for breakout above resistance or below support for directio...
   [DIRECTION] No clear direction - will assess both sides
   [CONFIDENCE] Assessing setup quality...
   [DIRECTION] NEUTRAL (MEDIUM)
   [DIRECTION] Consider waiting for a breakout above resistance at 1.35543 for a potential long...
   [DIRECTION] No clear direction - will assess both sides
   [CONFIDENCE] Assessing setup quality...
   [CONFIDENCE] Probability: 44%
   [CONFIDENCE] Coherence: INCOHERENT | Sizing: MINIMAL
   [CONFIDENCE] This does not read like a clean long. Structure/momentum are bearish, while the ...
   [LEVELS] Determining entry, SL, TP...
   [CONFIDENCE] Probability: 45%
   [CONFIDENCE] MARGINAL: LOW conviction - size accordingly...
   [LEVELS] Determining entry, SL, TP...
   [LEVELS] Entry: 156.10250 (LIMIT)
   [LEVELS] SL: 156.02179 | TP: 156.25200 | RR: 2.50
[2026-02-26T14:15:24.441Z] [USDJPY] SIGNAL: LONG | Entry: 156.1025 | SL: 156.02179 | TP: 156.252 | Risk: 0.505
[2026-02-26T14:15:24.441Z] [USDJPY] Reasoning: Dir: No clear trade. Wait for breakout above resistance | Conf: This probability reflects the lack of a clear tren...
[2026-02-26T14:15:24.442Z] [USDJPY] [REAL] Placing LONG order for 100000 units...
[EXECUTOR] Entering LONG 100000 USD/JPY TP=156.252 SL=156.02179
   [LEVELS] Entry: 1.17958 (LIMIT)
   [LEVELS] SL: 1.17918 (TIGHT)
   [LEVELS] TP: 1.18020 | Path: CLUTTERED | RR: 1.55
[2026-02-26T14:15:24.630Z] [EURUSD_GPT5] SIGNAL: LONG | Entry: 1.17958 | SL: 1.17918 | TP: 1.1802 | Risk: 0.35
[2026-02-26T14:15:24.630Z] [EURUSD_GPT5] Reasoning: Dir: Wait for clarity. This is range behavior around a  | Conf: This does not read like a clean long. Structure/mo...
[2026-02-26T14:15:24.631Z] [EURUSD_GPT5] [REAL] Placing LONG order for 100000 units...
[EXECUTOR] Entering LONG 100000 EUR/USD TP=1.1802 SL=1.17918
   [CONFIDENCE] Probability: 25%
   [CONFIDENCE] UNFAVORABLE: It is advisable to wait for a breakout above resistance at 1...
   [CONFIDENCE] BAD PATTERNS: RANGE: Trading in range-bound market without clear edge, SHALLOW PULLBACK: 0% retracement - no proper entry
   [LEVELS] Determining entry, SL, TP...
[EXECUTOR STDERR] [ERROR] 110: The price does not conform to the minimum price variation for this contract.
[EXECUTOR] Entry filled at 156.189
[2026-02-26T14:15:25.895Z] [USDJPY] [REAL] Order filled at 156.189 (TP order: 364, SL order: 365)
[2026-02-26T14:15:25.895Z] [USDJPY] ENTERED LONG @ 156.189 | SL: 156.02179 | TP: 156.252 | Size: 100000
   [LEVELS] Entry: 1.35410 (LIMIT)
   [LEVELS] SL: 1.35228 | TP: 1.35580 | RR: 1.50
[2026-02-26T14:15:31.653Z] [GBPUSD] SIGNAL: LONG | Entry: 1.3541 | SL: 1.35228 | TP: 1.3558 | Risk: 0.25
[2026-02-26T14:15:31.654Z] [GBPUSD] Reasoning: Dir: Consider waiting for a breakout above resistance a | Conf: The proposed long trade is situated in a range-bou...
[2026-02-26T14:15:31.654Z] [GBPUSD] [REAL] Placing LONG order for 100000 units...
[EXECUTOR] Entering LONG 100000 GBP/USD TP=1.3558 SL=1.35228
[EXECUTOR STDERR] [ERROR] 326: Unable to connect as the client id is already in use. Retry with a unique client id.
[EXECUTOR] Entry failed: Failed to connect to TWS/IB Gateway
[2026-02-26T14:15:35.060Z] [EURUSD_GPT5] [REAL] Order FAILED: Failed to connect to TWS/IB Gateway
[EXECUTOR STDERR] [ERROR] 201: Order rejected - reason:Your account has a minimum of 15 orders working on either the buy or sell side for this particular contract. <br>An additional order on the same side for this contract will not be allowed until an existing order has been <br>cancelled or has executed. Please call the Trade Desk for further details.
[EXECUTOR] Entry failed: Entry order not filled
[2026-02-26T14:15:42.242Z] [GBPUSD] [REAL] Order FAILED: Entry order not filled
[2026-02-26T14:20:05.358Z] [GBPUSD] New bar: 20260226 14:15:00 | O:1.35427 H:1.35430 L:1.35390 C:1.35419
[2026-02-26T14:20:05.493Z] [GBPUSD] Calling AI agents for trade decision...
   [DIRECTION] Analyzing market structure...
[2026-02-26T14:20:05.496Z] [EURUSD] New bar: 20260226 14:15:00 | O:1.18077 H:1.18083 L:1.18045 C:1.18053
[2026-02-26T14:20:05.562Z] [EURUSD_GPT5] New bar: 20260226 14:15:00 | O:1.18077 H:1.18083 L:1.18045 C:1.18053
[2026-02-26T14:20:05.717Z] [EURUSD_GPT5] Calling AI agents for trade decision...
   [DIRECTION] Analyzing market structure...
[2026-02-26T14:20:05.717Z] [USDJPY] New bar: 20260226 14:15:00 | O:156.18100 H:156.22200 L:156.17450 C:156.20150
   [DIRECTION] BEARISH (MEDIUM)
   [DIRECTION] Consider shorting near the resistance level at 1.35543, targeting the support le...
   [CONFIDENCE] Assessing setup quality...
   [DIRECTION] UNCLEAR (LOW clarity)
   [DIRECTION] Readability: MODERATE
   [DIRECTION] Wait for clarity. Only take direction after a clean reaction at the edges: eithe...
   [DIRECTION] No clear direction - will assess both sides
   [CONFIDENCE] Assessing setup quality...
[EXECUTOR STDERR] [ERROR] 326: Unable to connect as the client id is already in use. Retry with a unique client id.
[2026-02-26T14:20:16.083Z] [USDJPY] [REAL] Position closed by bracket order - TP
[2026-02-26T14:20:16.084Z] [USDJPY] [REAL] Closing position...
[EXECUTOR] Closing position for USD/JPY
   [CONFIDENCE] Probability: 43%
   [CONFIDENCE] Coherence: INCOHERENT | Sizing: MINIMAL
   [CONFIDENCE] This does not read like a clean long environment. The broader story is bearish (...
   [LEVELS] Determining entry, SL, TP...
[EXECUTOR] Position closed at 156.202
[2026-02-26T14:20:17.974Z] [USDJPY] [REAL] Position closed at 156.202
[2026-02-26T14:20:17.975Z] [USDJPY] CLOSED LONG | TP @ 156.202 | R: 0.08 | Weighted: 0.04
[2026-02-26T14:20:17.975Z] [USDJPY] Bars in trade: 1 | Max favorable: 0.03300 | Max adverse: 0.01450
[2026-02-26T14:20:17.975Z] [USDJPY] [REAL P&L] Gross: $1300.00 | Commission: $4.00 | Net: $1296.00
   [CONFIDENCE] Probability: 25%
   [CONFIDENCE] UNFAVORABLE: Consider waiting for a clearer trend or a breakout from the ...
   [CONFIDENCE] BAD PATTERNS: RANGE: Trading in range-bound market without clear edge, SHALLOW PULLBACK: 0% retracement - no proper entry
   [LEVELS] Determining entry, SL, TP...
[2026-02-26T14:20:19.876Z] [USDJPY] Analysis: GOOD - The trade was successful as the price moved in favor of the long position, reaching the take profit ...
[2026-02-26T14:20:19.878Z] Results saved (92 total trades)
[2026-02-26T14:20:19.880Z] Global trades saved (190 total trades)
   [LEVELS] Entry: 1.17958 (LIMIT)
   [LEVELS] SL: 1.17914 (NORMAL)
   [LEVELS] TP: 1.18018 | Path: CLUTTERED | RR: 1.36
[2026-02-26T14:20:25.154Z] [EURUSD_GPT5] SIGNAL: LONG | Entry: 1.17958 | SL: 1.17914 | TP: 1.18018 | Risk: 0.35
[2026-02-26T14:20:25.155Z] [EURUSD_GPT5] Reasoning: Dir: Wait for clarity. Only take direction after a clea | Conf: This does not read like a clean long environment. ...
[2026-02-26T14:20:25.155Z] [EURUSD_GPT5] [REAL] Placing LONG order for 100000 units...
[EXECUTOR] Entering LONG 100000 EUR/USD TP=1.18018 SL=1.17914
   [LEVELS] Entry: 1.35530 (LIMIT)
   [LEVELS] SL: 1.35580 | TP: 1.35350 | RR: 1.50
[2026-02-26T14:20:25.610Z] [GBPUSD] SIGNAL: SHORT | Entry: 1.3553 | SL: 1.3558 | TP: 1.3535 | Risk: 0.25
[2026-02-26T14:20:25.611Z] [GBPUSD] Reasoning: Dir: Consider shorting near the resistance level at 1.3 | Conf: The proposed trade setup is in a range-bound marke...
[2026-02-26T14:20:25.611Z] [GBPUSD] [REAL] Placing SHORT order for 100000 units...
[EXECUTOR] Entering SHORT 100000 GBP/USD TP=1.3535 SL=1.3558
[EXECUTOR STDERR] [ERROR] 201: Order rejected - reason:Your account has a minimum of 15 orders working on either the buy or sell side for this particular contract. <br>An additional order on the same side for this contract will not be allowed until an existing order has been <br>cancelled or has executed. Please call the Trade Desk for further details.
[EXECUTOR] Entry failed: Entry order not filled
[2026-02-26T14:20:35.819Z] [EURUSD_GPT5] [REAL] Order FAILED: Entry order not filled
[EXECUTOR STDERR] [ERROR] 326: Unable to connect as the client id is already in use. Retry with a unique client id.
[EXECUTOR] Entry failed: Failed to connect to TWS/IB Gateway
[2026-02-26T14:20:36.067Z] [GBPUSD] [REAL] Order FAILED: Failed to connect to TWS/IB Gateway
[2026-02-26T14:25:05.397Z] [GBPUSD] New bar: 20260226 14:20:00 | O:1.35419 H:1.35458 L:1.35411 C:1.35428
[2026-02-26T14:25:05.538Z] [GBPUSD] Calling AI agents for trade decision...
   [DIRECTION] Analyzing market structure...
[2026-02-26T14:25:05.539Z] [USDJPY] New bar: 20260226 14:20:00 | O:156.20150 H:156.21000 L:156.16250 C:156.19050
[2026-02-26T14:25:05.684Z] [USDJPY] Calling AI agents for trade decision...
   [DIRECTION] Analyzing market structure...
[2026-02-26T14:25:05.686Z] [EURUSD] New bar: 20260226 14:20:00 | O:1.18053 H:1.18072 L:1.18043 C:1.18058
[2026-02-26T14:25:05.752Z] [EURUSD_GPT5] New bar: 20260226 14:20:00 | O:1.18053 H:1.18072 L:1.18043 C:1.18058
[2026-02-26T14:25:05.904Z] [EURUSD_GPT5] Calling AI agents for trade decision...
   [DIRECTION] Analyzing market structure...
   [DIRECTION] NEUTRAL (LOW clarity)
   [DIRECTION] Readability: MODERATE
   [DIRECTION] Wait for clarity. This is a mid-range, flat-EMA environment. Only get directiona...
   [DIRECTION] No clear direction - will assess both sides
   [CONFIDENCE] Assessing setup quality...
   [DIRECTION] NEUTRAL (HIGH)
   [DIRECTION] No clear trade; wait for breakout above resistance or below support for potentia...
   [DIRECTION] No clear direction - will assess both sides
   [CONFIDENCE] Assessing setup quality...
   [DIRECTION] BEARISH (MEDIUM)
   [DIRECTION] Consider shorting near the resistance level at 1.35542, targeting the support le...
   [CONFIDENCE] Assessing setup quality...
   [CONFIDENCE] Probability: 45%
   [CONFIDENCE] MARGINAL: LOW conviction - size accordingly...
   [LEVELS] Determining entry, SL, TP...
   [CONFIDENCE] Probability: 46%
   [CONFIDENCE] Coherence: INCOHERENT | Sizing: N/A
   [CONFIDENCE] This does not read like a clean long. The market’s story is conflicted: structur...
   [LEVELS] Determining entry, SL, TP...
   [LEVELS] Entry: 156.15200 (LIMIT)
   [LEVELS] SL: 156.09200 | TP: 156.25200 | RR: 1.67
[2026-02-26T14:25:20.050Z] [USDJPY] SIGNAL: LONG | Entry: 156.152 | SL: 156.092 | TP: 156.252 | Risk: 0.505
[2026-02-26T14:25:20.051Z] [USDJPY] Reasoning: Dir: No clear trade; wait for breakout above resistance | Conf: Given the lack of a clear trend and the current po...
[2026-02-26T14:25:20.051Z] [USDJPY] [REAL] Placing LONG order for 100000 units...
[EXECUTOR] Entering LONG 100000 USD/JPY TP=156.252 SL=156.092
[EXECUTOR] Entry filled at 156.178
[2026-02-26T14:25:21.444Z] [USDJPY] [REAL] Order filled at 156.178 (TP order: 370, SL order: 371)
[2026-02-26T14:25:21.454Z] [USDJPY] ENTERED LONG @ 156.178 | SL: 156.092 | TP: 156.252 | Size: 100000
   [LEVELS] Entry: 1.17956 (LIMIT)
   [LEVELS] SL: 1.17918 (NORMAL)
   [LEVELS] TP: 1.18014 | Path: SOME_OBSTACLES | RR: 1.53
[2026-02-26T14:25:24.679Z] [EURUSD_GPT5] SIGNAL: LONG | Entry: 1.17956 | SL: 1.17918 | TP: 1.18014 | Risk: 0.46
[2026-02-26T14:25:24.679Z] [EURUSD_GPT5] Reasoning: Dir: Wait for clarity. This is a mid-range, flat-EMA en | Conf: This does not read like a clean long. The market’s...
[2026-02-26T14:25:24.680Z] [EURUSD_GPT5] [REAL] Placing LONG order for 100000 units...
[EXECUTOR] Entering LONG 100000 EUR/USD TP=1.18014 SL=1.17918
[EXECUTOR STDERR] [ERROR] 201: Order rejected - reason:Your account has a minimum of 15 orders working on either the buy or sell side for this particular contract. <br>An additional order on the same side for this contract will not be allowed until an existing order has been <br>cancelled or has executed. Please call the Trade Desk for further details.
[EXECUTOR] Entry failed: Entry order not filled
[2026-02-26T14:25:35.364Z] [EURUSD_GPT5] [REAL] Order FAILED: Entry order not filled
   [CONFIDENCE] Probability: 25%
   [CONFIDENCE] UNFAVORABLE: Avoid entering this short trade. Consider waiting for a clea...
   [CONFIDENCE] BAD PATTERNS: COUNTER-TREND: Going SHORT in UPTREND structure, RANGE: Trading in range-bound market without clear edge, DEEP PULLBACK: 81% retracement indicates trend exhaustion
   [LEVELS] Determining entry, SL, TP...
   [LEVELS] Entry: 1.35530 (LIMIT)
   [LEVELS] SL: 1.35616 | TP: 1.35377 | RR: 1.50
[2026-02-26T14:25:41.641Z] [GBPUSD] SIGNAL: SHORT | Entry: 1.3553 | SL: 1.35616 | TP: 1.35377 | Risk: 0.25
[2026-02-26T14:25:41.642Z] [GBPUSD] Reasoning: Dir: Consider shorting near the resistance level at 1.3 | Conf: The proposed trade to short in an uptrend structur...
[2026-02-26T14:25:41.642Z] [GBPUSD] [REAL] Placing SHORT order for 100000 units...
[EXECUTOR] Entering SHORT 100000 GBP/USD TP=1.35377 SL=1.35616
[EXECUTOR STDERR] [ERROR] 201: Order rejected - reason:Your account has a minimum of 15 orders working on either the buy or sell side for this particular contract. <br>An additional order on the same side for this contract will not be allowed until an existing order has been <br>cancelled or has executed. Please call the Trade Desk for further details.
[EXECUTOR] Entry filled at 1.35406
[2026-02-26T14:25:43.066Z] [GBPUSD] [REAL] Order filled at 1.35406 (TP order: 374, SL order: 375)
[2026-02-26T14:25:43.066Z] [GBPUSD] ENTERED SHORT @ 1.35406 | SL: 1.35616 | TP: 1.35377 | Size: 100000
[2026-02-26T14:30:05.393Z] [EURUSD] New bar: 20260226 14:25:00 | O:1.18058 H:1.18087 L:1.18041 C:1.18074
[2026-02-26T14:30:05.459Z] [EURUSD_GPT5] New bar: 20260226 14:25:00 | O:1.18058 H:1.18087 L:1.18041 C:1.18074
[2026-02-26T14:30:05.607Z] [EURUSD_GPT5] Calling AI agents for trade decision...
   [DIRECTION] Analyzing market structure...
[2026-02-26T14:30:05.608Z] [USDJPY] New bar: 20260226 14:25:00 | O:156.19050 H:156.19800 L:156.11750 C:156.12800
[2026-02-26T14:30:05.627Z] [GBPUSD] New bar: 20260226 14:25:00 | O:1.35428 H:1.35455 L:1.35386 C:1.35442
   [DIRECTION] NEUTRAL (LOW clarity)
   [DIRECTION] Readability: MODERATE
   [DIRECTION] Wait for clarity. If price cleanly breaks and holds above 1.18165/1.18169 (accep...
   [DIRECTION] No clear direction - will assess both sides
   [CONFIDENCE] Assessing setup quality...
[EXECUTOR STDERR] [ERROR] 326: Unable to connect as the client id is already in use. Retry with a unique client id.
[2026-02-26T14:30:15.985Z] [USDJPY] [REAL] Position closed by bracket order - TP
[2026-02-26T14:30:15.985Z] [USDJPY] [REAL] Closing position...
[EXECUTOR] Closing position for USD/JPY
[EXECUTOR STDERR] [ERROR] 326: Unable to connect as the client id is already in use. Retry with a unique client id.
[2026-02-26T14:30:16.500Z] [GBPUSD] [REAL] Position closed by bracket order - TP
[2026-02-26T14:30:16.501Z] [GBPUSD] [REAL] Closing position...
[EXECUTOR] Closing position for GBP/USD
[EXECUTOR] Position closed at N/A
[2026-02-26T14:30:17.440Z] [USDJPY] [REAL] Position already closed (likely by TP/SL order)
[2026-02-26T14:30:17.440Z] [USDJPY] CLOSED LONG | TP @ 156.128 | R: -0.58 | Weighted: -0.29
[2026-02-26T14:30:17.440Z] [USDJPY] Bars in trade: 1 | Max favorable: 0.02000 | Max adverse: 0.06050
[2026-02-26T14:30:17.440Z] [USDJPY] [REAL P&L] Gross: $-5000.00 | Commission: $4.00 | Net: $-5004.00
   [CONFIDENCE] Probability: 47%
   [CONFIDENCE] Coherence: INCOHERENT | Sizing: MINIMAL
   [CONFIDENCE] This does not read like a clean long story. The larger structural message is sti...
   [LEVELS] Determining entry, SL, TP...
[2026-02-26T14:30:20.377Z] [USDJPY] Analysis: BAD - The trade was set to take profit at 156.252, but the exit price was 156.128, indicating that the tra...
[2026-02-26T14:30:20.384Z] Results saved (93 total trades)
[2026-02-26T14:30:20.389Z] Global trades saved (191 total trades)
[EXECUTOR STDERR] [ERROR] 326: Unable to connect as the client id is already in use. Retry with a unique client id.
[EXECUTOR] Close failed: Failed to connect to TWS/IB Gateway
[2026-02-26T14:30:26.945Z] [GBPUSD] [REAL] Close result: {"error":"Failed to connect to TWS/IB Gateway"}
[2026-02-26T14:30:26.945Z] [GBPUSD] CLOSED SHORT | TP @ 1.35442 | R: -0.17 | Weighted: -0.04
[2026-02-26T14:30:26.946Z] [GBPUSD] Bars in trade: 1 | Max favorable: 0.00020 | Max adverse: 0.00049
[2026-02-26T14:30:26.946Z] [GBPUSD] [REAL P&L] Gross: $-36.00 | Commission: $4.00 | Net: $-40.00
   [LEVELS] Entry: 1.17958 (LIMIT)
   [LEVELS] SL: 1.17918 (NORMAL)
   [LEVELS] TP: 1.18010 | Path: SOME_OBSTACLES | RR: 1.30
[2026-02-26T14:30:27.723Z] [EURUSD_GPT5] SIGNAL: LONG | Entry: 1.17958 | SL: 1.17918 | TP: 1.1801 | Risk: 0.35
[2026-02-26T14:30:27.724Z] [EURUSD_GPT5] Reasoning: Dir: Wait for clarity. If price cleanly breaks and hold | Conf: This does not read like a clean long story. The la...
[2026-02-26T14:30:27.724Z] [EURUSD_GPT5] [REAL] Placing LONG order for 100000 units...
[EXECUTOR] Entering LONG 100000 EUR/USD TP=1.1801 SL=1.17918
[2026-02-26T14:30:29.171Z] [GBPUSD] Analysis: BAD - The trade was a short position on GBPUSD, which was executed during the NY session. The market condi...
[2026-02-26T14:30:29.173Z] Results saved (94 total trades)
[2026-02-26T14:30:29.175Z] Global trades saved (192 total trades)
[EXECUTOR STDERR] [ERROR] 201: Order rejected - reason:Your account has a minimum of 15 orders working on either the buy or sell side for this particular contract. <br>An additional order on the same side for this contract will not be allowed until an existing order has been <br>cancelled or has executed. Please call the Trade Desk for further details.
[EXECUTOR] Entry failed: Entry order not filled
[2026-02-26T14:30:38.331Z] [EURUSD_GPT5] [REAL] Order FAILED: Entry order not filled
[2026-02-26T14:35:05.538Z] [EURUSD] New bar: 20260226 14:30:00 | O:1.18074 H:1.18112 L:1.18070 C:1.18090
[2026-02-26T14:35:05.606Z] [EURUSD_GPT5] New bar: 20260226 14:30:00 | O:1.18074 H:1.18112 L:1.18070 C:1.18090
[2026-02-26T14:35:05.737Z] [EURUSD_GPT5] Calling AI agents for trade decision...
   [DIRECTION] Analyzing market structure...
[2026-02-26T14:35:05.737Z] [USDJPY] New bar: 20260226 14:30:00 | O:156.12800 H:156.12850 L:156.06250 C:156.08800
[2026-02-26T14:35:05.885Z] [USDJPY] Calling AI agents for trade decision...
   [DIRECTION] Analyzing market structure...
[2026-02-26T14:35:05.887Z] [GBPUSD] New bar: 20260226 14:30:00 | O:1.35442 H:1.35485 L:1.35414 C:1.35470
[2026-02-26T14:35:06.029Z] [GBPUSD] Calling AI agents for trade decision...
   [DIRECTION] Analyzing market structure...
   [DIRECTION] NEUTRAL (HIGH)
   [DIRECTION] No clear trade. Wait for breakout above resistance or below support for directio...
   [DIRECTION] No clear direction - will assess both sides
   [CONFIDENCE] Assessing setup quality...
   [DIRECTION] NEUTRAL (LOW clarity)
   [DIRECTION] Readability: MODERATE
   [DIRECTION] Range logic only: wait for a clean reaction at 1.18165–1.18169 (rejection back b...
   [DIRECTION] No clear direction - will assess both sides
   [CONFIDENCE] Assessing setup quality...
   [DIRECTION] BULLISH (MEDIUM)
   [DIRECTION] Consider entering a long position if the price breaks above the resistance level...
   [CONFIDENCE] Assessing setup quality...
   [CONFIDENCE] Probability: 45%
   [CONFIDENCE] MARGINAL: LOW conviction - size accordingly...
   [LEVELS] Determining entry, SL, TP...
   [CONFIDENCE] Probability: 46%
   [CONFIDENCE] Coherence: INCOHERENT | Sizing: N/A
   [CONFIDENCE] This does not read like a clean long. Structure is down, EMA slope is effectivel...
   [LEVELS] Determining entry, SL, TP...
   [CONFIDENCE] Probability: 30%
   [CONFIDENCE] UNFAVORABLE: Consider waiting for a clearer breakout above resistance or ...
   [CONFIDENCE] BAD PATTERNS: RANGE: Trading in range-bound market without clear edge, SHALLOW PULLBACK: 0% retracement - no proper entry
   [LEVELS] Determining entry, SL, TP...
   [LEVELS] Entry: 156.06200 (LIMIT)
   [LEVELS] SL: 155.92970 | TP: 156.20220 | RR: 1.50
[2026-02-26T14:35:22.635Z] [USDJPY] SIGNAL: LONG | Entry: 156.062 | SL: 155.9297 | TP: 156.2022 | Risk: 0.505
[2026-02-26T14:35:22.636Z] [USDJPY] Reasoning: Dir: No clear trade. Wait for breakout above resistance | Conf: This probability reflects the mixed signals presen...
[2026-02-26T14:35:22.637Z] [USDJPY] [REAL] Placing LONG order for 100000 units...
[EXECUTOR] Entering LONG 100000 USD/JPY TP=156.2022 SL=155.9297
[EXECUTOR STDERR] [ERROR] 110: The price does not conform to the minimum price variation for this contract.
[ERROR] 110: The price does not conform to the minimum price variation for this contract.
[EXECUTOR] Entry filled at 156.081
[2026-02-26T14:35:24.034Z] [USDJPY] [REAL] Order filled at 156.081 (TP order: 378, SL order: 379)
[2026-02-26T14:35:24.034Z] [USDJPY] ENTERED LONG @ 156.081 | SL: 155.9297 | TP: 156.2022 | Size: 100000
   [LEVELS] Entry: 1.18055 (LIMIT)
   [LEVELS] SL: 1.17925 (NORMAL)
   [LEVELS] TP: 1.18195 | Path: SOME_OBSTACLES | RR: 1.08
[2026-02-26T14:35:25.337Z] [EURUSD_GPT5] SIGNAL: LONG | Entry: 1.18055 | SL: 1.17925 | TP: 1.18195 | Risk: 0.46
[2026-02-26T14:35:25.338Z] [EURUSD_GPT5] Reasoning: Dir: Range logic only: wait for a clean reaction at 1.1 | Conf: This does not read like a clean long. Structure is...
[2026-02-26T14:35:25.338Z] [EURUSD_GPT5] [REAL] Placing LONG order for 100000 units...
[EXECUTOR] Entering LONG 100000 EUR/USD TP=1.18195 SL=1.17925
   [LEVELS] Entry: 1.35450 (LIMIT)
   [LEVELS] SL: 1.35190 | TP: 1.35650 | RR: 1.50
[2026-02-26T14:35:30.577Z] [GBPUSD] SIGNAL: LONG | Entry: 1.3545 | SL: 1.3519 | TP: 1.3565 | Risk: 0.3
[2026-02-26T14:35:30.577Z] [GBPUSD] Reasoning: Dir: Consider entering a long position if the price bre | Conf: The proposed long trade is in a range-bound market...
[2026-02-26T14:35:30.578Z] [GBPUSD] [REAL] Placing LONG order for 100000 units...
[EXECUTOR] Entering LONG 100000 GBP/USD TP=1.3565 SL=1.3519
[EXECUTOR STDERR] [ERROR] 201: Order rejected - reason:Your account has a minimum of 15 orders working on either the buy or sell side for this particular contract. <br>An additional order on the same side for this contract will not be allowed until an existing order has been <br>cancelled or has executed. Please call the Trade Desk for further details.
[EXECUTOR] Entry failed: Entry order not filled
[2026-02-26T14:35:36.027Z] [EURUSD_GPT5] [REAL] Order FAILED: Entry order not filled
[EXECUTOR STDERR] [ERROR] 326: Unable to connect as the client id is already in use. Retry with a unique client id.
[EXECUTOR] Entry failed: Failed to connect to TWS/IB Gateway
[2026-02-26T14:35:41.013Z] [GBPUSD] [REAL] Order FAILED: Failed to connect to TWS/IB Gateway
[2026-02-26T14:40:05.489Z] [GBPUSD] New bar: 20260226 14:35:00 | O:1.35470 H:1.35502 L:1.35444 C:1.35477
[2026-02-26T14:40:05.643Z] [GBPUSD] Calling AI agents for trade decision...
   [DIRECTION] Analyzing market structure...
[2026-02-26T14:40:05.645Z] [EURUSD] New bar: 20260226 14:35:00 | O:1.18090 H:1.18104 L:1.18070 C:1.18089
[2026-02-26T14:40:05.724Z] [EURUSD_GPT5] New bar: 20260226 14:35:00 | O:1.18090 H:1.18104 L:1.18070 C:1.18089
[2026-02-26T14:40:05.893Z] [EURUSD_GPT5] Calling AI agents for trade decision...
   [DIRECTION] Analyzing market structure...
[2026-02-26T14:40:05.894Z] [USDJPY] New bar: 20260226 14:35:00 | O:156.08800 H:156.16150 L:156.07450 C:156.11750
   [DIRECTION] BULLISH (MEDIUM)
   [DIRECTION] Consider a long position if the price breaks above the resistance at 1.35541, ta...
   [CONFIDENCE] Assessing setup quality...
   [DIRECTION] NEUTRAL (LOW clarity)
   [DIRECTION] Readability: MODERATE
   [DIRECTION] Wait for clarity. If price cleanly breaks and holds above 1.18165/1.18169 (accep...
   [DIRECTION] No clear direction - will assess both sides
   [CONFIDENCE] Assessing setup quality...
[EXECUTOR STDERR] [ERROR] 326: Unable to connect as the client id is already in use. Retry with a unique client id.
[2026-02-26T14:40:16.497Z] [USDJPY] [REAL] Position closed by bracket order - TP
[2026-02-26T14:40:16.497Z] [USDJPY] [REAL] Closing position...
[EXECUTOR] Closing position for USD/JPY
   [CONFIDENCE] Probability: 30%
   [CONFIDENCE] MARGINAL: Consider waiting for a clearer breakout above resistance or ...
   [CONFIDENCE] BAD PATTERNS: RANGE: Trading in range-bound market without clear edge, DEEP PULLBACK: 81% retracement indicates trend exhaustion
   [LEVELS] Determining entry, SL, TP...
[EXECUTOR] Position closed at 156.105
[2026-02-26T14:40:18.381Z] [USDJPY] [REAL] Position closed at 156.105
[2026-02-26T14:40:18.382Z] [USDJPY] CLOSED LONG | TP @ 156.105 | R: 0.16 | Weighted: 0.08
[2026-02-26T14:40:18.382Z] [USDJPY] Bars in trade: 1 | Max favorable: 0.08050 | Max adverse: 0.00650
[2026-02-26T14:40:18.382Z] [USDJPY] [REAL P&L] Gross: $2400.00 | Commission: $4.00 | Net: $2396.00
   [CONFIDENCE] Probability: 46%
   [CONFIDENCE] Coherence: INCOHERENT | Sizing: MINIMAL
   [CONFIDENCE] A long here is essentially a counter-structure bet: you’re asking a downtrending...
   [LEVELS] Determining entry, SL, TP...
[2026-02-26T14:40:20.682Z] [USDJPY] Analysis: GOOD - The trade was successful because the price moved in the anticipated direction shortly after entry, r...
[2026-02-26T14:40:20.684Z] Results saved (95 total trades)
[2026-02-26T14:40:20.687Z] Global trades saved (193 total trades)
   [LEVELS] Entry: 1.35450 (LIMIT)
   [LEVELS] SL: 1.35200 | TP: 1.35650 | RR: 1.50
[2026-02-26T14:40:23.835Z] [GBPUSD] SIGNAL: LONG | Entry: 1.3545 | SL: 1.352 | TP: 1.3565 | Risk: 0.3
[2026-02-26T14:40:23.836Z] [GBPUSD] Reasoning: Dir: Consider a long position if the price breaks above | Conf: The proposed long trade has identified both bad an...
[2026-02-26T14:40:23.837Z] [GBPUSD] [REAL] Placing LONG order for 100000 units...
[EXECUTOR] Entering LONG 100000 GBP/USD TP=1.3565 SL=1.352
   [LEVELS] Entry: 1.17958 (LIMIT)
   [LEVELS] SL: 1.17910 (NORMAL)
   [LEVELS] TP: 1.18030 | Path: SOME_OBSTACLES | RR: 1.50
[2026-02-26T14:40:26.484Z] [EURUSD_GPT5] SIGNAL: LONG | Entry: 1.17958 | SL: 1.1791 | TP: 1.1803 | Risk: 0.35
[2026-02-26T14:40:26.485Z] [EURUSD_GPT5] Reasoning: Dir: Wait for clarity. If price cleanly breaks and hold | Conf: A long here is essentially a counter-structure bet...
[2026-02-26T14:40:26.486Z] [EURUSD_GPT5] [REAL] Placing LONG order for 100000 units...
[EXECUTOR] Entering LONG 100000 EUR/USD TP=1.1803 SL=1.1791
[EXECUTOR STDERR] [ERROR] 201: Order rejected - reason:Your account has a minimum of 15 orders working on either the buy or sell side for this particular contract. <br>An additional order on the same side for this contract will not be allowed until an existing order has been <br>cancelled or has executed. Please call the Trade Desk for further details.
[EXECUTOR] Entry failed: Entry order not filled
[2026-02-26T14:40:34.460Z] [GBPUSD] [REAL] Order FAILED: Entry order not filled
[EXECUTOR STDERR] [ERROR] 326: Unable to connect as the client id is already in use. Retry with a unique client id.
[EXECUTOR] Entry failed: Failed to connect to TWS/IB Gateway
[2026-02-26T14:40:36.912Z] [EURUSD_GPT5] [REAL] Order FAILED: Failed to connect to TWS/IB Gateway
[2026-02-26T14:45:05.460Z] [USDJPY] New bar: 20260226 14:40:00 | O:156.11750 H:156.12150 L:155.97200 C:155.97900
[2026-02-26T14:45:05.593Z] [USDJPY] Calling AI agents for trade decision...
   [DIRECTION] Analyzing market structure...
[2026-02-26T14:45:05.595Z] [GBPUSD] New bar: 20260226 14:40:00 | O:1.35477 H:1.35508 L:1.35437 C:1.35476
[2026-02-26T14:45:05.732Z] [GBPUSD] Calling AI agents for trade decision...
   [DIRECTION] Analyzing market structure...
[2026-02-26T14:45:05.732Z] [EURUSD] New bar: 20260226 14:40:00 | O:1.18089 H:1.18118 L:1.18060 C:1.18105
[2026-02-26T14:45:05.806Z] [EURUSD_GPT5] New bar: 20260226 14:40:00 | O:1.18089 H:1.18118 L:1.18060 C:1.18105
[2026-02-26T14:45:05.954Z] [EURUSD_GPT5] Calling AI agents for trade decision...
   [DIRECTION] Analyzing market structure...
   [DIRECTION] NEUTRAL (LOW clarity)
   [DIRECTION] Readability: MODERATE
   [DIRECTION] Wait for clarity. If price breaks and holds above 1.18165/1.18169 (multiple 5m c...
   [DIRECTION] No clear direction - will assess both sides
   [CONFIDENCE] Assessing setup quality...
   [DIRECTION] NEUTRAL (HIGH)
   [DIRECTION] No clear trade; wait for breakout above resistance or below support to establish...
   [DIRECTION] No clear direction - will assess both sides
   [CONFIDENCE] Assessing setup quality...
   [DIRECTION] BULLISH (MEDIUM)
   [DIRECTION] Consider a long position if the price breaks above the resistance level at 1.355...
   [CONFIDENCE] Assessing setup quality...
   [CONFIDENCE] Probability: 47%
   [CONFIDENCE] Coherence: INCOHERENT | Sizing: MINIMAL
   [CONFIDENCE] This does not read like a clean long environment. Range regime would support mea...
   [LEVELS] Determining entry, SL, TP...
   [CONFIDENCE] Probability: 45%
   [CONFIDENCE] MARGINAL: LOW conviction - size accordingly...
   [LEVELS] Determining entry, SL, TP...
   [CONFIDENCE] Probability: 25%
   [CONFIDENCE] UNFAVORABLE: Consider waiting for a clearer breakout above resistance or ...
   [CONFIDENCE] BAD PATTERNS: RANGE: Trading in range-bound market without clear edge, DEEP PULLBACK: 81% retracement indicates trend exhaustion
   [LEVELS] Determining entry, SL, TP...
   [LEVELS] Entry: 155.94500 (LIMIT)
   [LEVELS] SL: 155.87875 | TP: 156.10250 | RR: 2.50
[2026-02-26T14:45:21.554Z] [USDJPY] SIGNAL: LONG | Entry: 155.945 | SL: 155.87875 | TP: 156.1025 | Risk: 0.505
[2026-02-26T14:45:21.554Z] [USDJPY] Reasoning: Dir: No clear trade; wait for breakout above resistance | Conf: This probability reflects the lack of a clear tren...
[2026-02-26T14:45:21.555Z] [USDJPY] [REAL] Placing LONG order for 100000 units...
[EXECUTOR] Entering LONG 100000 USD/JPY TP=156.1025 SL=155.87875
[EXECUTOR STDERR] [ERROR] 110: The price does not conform to the minimum price variation for this contract.
[ERROR] 110: The price does not conform to the minimum price variation for this contract.
[EXECUTOR] Entry filled at 155.937
[2026-02-26T14:45:22.993Z] [USDJPY] [REAL] Order filled at 155.937 (TP order: 384, SL order: 385)
[2026-02-26T14:45:22.993Z] [USDJPY] ENTERED LONG @ 155.937 | SL: 155.87875 | TP: 156.1025 | Size: 100000
   [LEVELS] Entry: 1.17955 (LIMIT)
   [LEVELS] SL: 1.17905 (NORMAL)
   [LEVELS] TP: 1.18015 | Path: SOME_OBSTACLES | RR: 1.20
[2026-02-26T14:45:24.551Z] [EURUSD_GPT5] SIGNAL: LONG | Entry: 1.17955 | SL: 1.17905 | TP: 1.18015 | Risk: 0.35
[2026-02-26T14:45:24.552Z] [EURUSD_GPT5] Reasoning: Dir: Wait for clarity. If price breaks and holds above  | Conf: This does not read like a clean long environment. ...
[2026-02-26T14:45:24.553Z] [EURUSD_GPT5] [REAL] Placing LONG order for 100000 units...
[EXECUTOR] Entering LONG 100000 EUR/USD TP=1.18015 SL=1.17905
   [LEVELS] Entry: 1.35450 (LIMIT)
   [LEVELS] SL: 1.35200 | TP: 1.35650 | RR: 1.30
[2026-02-26T14:45:26.497Z] [GBPUSD] SIGNAL: LONG | Entry: 1.3545 | SL: 1.352 | TP: 1.3565 | Risk: 0.25
[2026-02-26T14:45:26.498Z] [GBPUSD] Reasoning: Dir: Consider a long position if the price breaks above | Conf: The proposed trade has detected bad patterns, spec...
[2026-02-26T14:45:26.498Z] [GBPUSD] [REAL] Placing LONG order for 100000 units...
[EXECUTOR] Entering LONG 100000 GBP/USD TP=1.3565 SL=1.352
[EXECUTOR STDERR] [ERROR] 201: Order rejected - reason:Your account has a minimum of 15 orders working on either the buy or sell side for this particular contract. <br>An additional order on the same side for this contract will not be allowed until an existing order has been <br>cancelled or has executed. Please call the Trade Desk for further details.
[EXECUTOR] Entry failed: Entry order not filled
[2026-02-26T14:45:35.189Z] [EURUSD_GPT5] [REAL] Order FAILED: Entry order not filled
[EXECUTOR STDERR] [ERROR] 326: Unable to connect as the client id is already in use. Retry with a unique client id.
[EXECUTOR] Entry failed: Failed to connect to TWS/IB Gateway
[2026-02-26T14:45:36.935Z] [GBPUSD] [REAL] Order FAILED: Failed to connect to TWS/IB Gateway
[2026-02-26T14:50:05.393Z] [GBPUSD] New bar: 20260226 14:45:00 | O:1.35476 H:1.35508 L:1.35455 C:1.35488
[2026-02-26T14:50:05.535Z] [GBPUSD] Calling AI agents for trade decision...
   [DIRECTION] Analyzing market structure...
[2026-02-26T14:50:05.536Z] [EURUSD] New bar: 20260226 14:45:00 | O:1.18105 H:1.18135 L:1.18094 C:1.18129
[2026-02-26T14:50:05.612Z] [EURUSD_GPT5] New bar: 20260226 14:45:00 | O:1.18105 H:1.18135 L:1.18094 C:1.18129
[2026-02-26T14:50:05.767Z] [EURUSD_GPT5] Calling AI agents for trade decision...
   [DIRECTION] Analyzing market structure...
[2026-02-26T14:50:05.768Z] [USDJPY] New bar: 20260226 14:45:00 | O:155.97900 H:155.97900 L:155.87250 C:155.90800
   [DIRECTION] UNCLEAR (LOW clarity)
   [DIRECTION] Readability: MODERATE
   [DIRECTION] Wait for clarity. If price breaks and holds above 1.18165/1.18169 (acceptance ab...
   [DIRECTION] No clear direction - will assess both sides
   [CONFIDENCE] Assessing setup quality...
   [DIRECTION] BULLISH (MEDIUM)
   [DIRECTION] Consider a long position if the price breaks above the resistance at 1.35540, ta...
   [CONFIDENCE] Assessing setup quality...
[EXECUTOR STDERR] [ERROR] 326: Unable to connect as the client id is already in use. Retry with a unique client id.
[2026-02-26T14:50:16.182Z] [USDJPY] [REAL] Position closed by bracket order - SL
[2026-02-26T14:50:16.183Z] [USDJPY] [REAL] Closing position...
[EXECUTOR] Closing position for USD/JPY
[EXECUTOR] Position closed at N/A
[2026-02-26T14:50:17.668Z] [USDJPY] [REAL] Position already closed (likely by TP/SL order)
[2026-02-26T14:50:17.669Z] [USDJPY] CLOSED LONG | SL @ 155.87875 | R: -1.00 | Weighted: -0.51
[2026-02-26T14:50:17.669Z] [USDJPY] Bars in trade: 1 | Max favorable: 0.04200 | Max adverse: 0.06450
[2026-02-26T14:50:17.669Z] [USDJPY] [REAL P&L] Gross: $-5825.00 | Commission: $4.00 | Net: $-5829.00
   [CONFIDENCE] Probability: 46%
   [CONFIDENCE] Coherence: INCOHERENT | Sizing: N/A
   [CONFIDENCE] The market isn’t presenting a clean long narrative. Structure is down (which is ...
   [LEVELS] Determining entry, SL, TP...
   [CONFIDENCE] Probability: 30%
   [CONFIDENCE] MARGINAL: Consider waiting for a clearer breakout above resistance or ...
   [CONFIDENCE] BAD PATTERNS: RANGE: Trading in range-bound market without clear edge, DEEP PULLBACK: 81% retracement indicates trend exhaustion
   [LEVELS] Determining entry, SL, TP...
[2026-02-26T14:50:20.106Z] [USDJPY] Analysis: BAD - The trade resulted in a loss because the price of USDJPY moved against the long position, hitting th...
[2026-02-26T14:50:20.108Z] Results saved (96 total trades)
[2026-02-26T14:50:20.110Z] Global trades saved (194 total trades)
   [LEVELS] Entry: 1.35450 (LIMIT)
   [LEVELS] SL: 1.35200 | TP: 1.35650 | RR: 1.50
[2026-02-26T14:50:25.244Z] [GBPUSD] SIGNAL: LONG | Entry: 1.3545 | SL: 1.352 | TP: 1.3565 | Risk: 0.3
[2026-02-26T14:50:25.244Z] [GBPUSD] Reasoning: Dir: Consider a long position if the price breaks above | Conf: The proposed trade is a long position in a market ...
[2026-02-26T14:50:25.245Z] [GBPUSD] [REAL] Placing LONG order for 100000 units...
[EXECUTOR] Entering LONG 100000 GBP/USD TP=1.3565 SL=1.352
   [LEVELS] Entry: 1.17962 (LIMIT)
   [LEVELS] SL: 1.17910 (NORMAL)
   [LEVELS] TP: 1.18040 | Path: SOME_OBSTACLES | RR: 1.50
[2026-02-26T14:50:25.455Z] [EURUSD_GPT5] SIGNAL: LONG | Entry: 1.17962 | SL: 1.1791 | TP: 1.1804 | Risk: 0.46
[2026-02-26T14:50:25.455Z] [EURUSD_GPT5] Reasoning: Dir: Wait for clarity. If price breaks and holds above  | Conf: The market isn’t presenting a clean long narrative...
[2026-02-26T14:50:25.455Z] [EURUSD_GPT5] [REAL] Placing LONG order for 100000 units...
[EXECUTOR] Entering LONG 100000 EUR/USD TP=1.1804 SL=1.1791
[EXECUTOR STDERR] [ERROR] 201: Order rejected - reason:Your account has a minimum of 15 orders working on either the buy or sell side for this particular contract. <br>An additional order on the same side for this contract will not be allowed until an existing order has been <br>cancelled or has executed. Please call the Trade Desk for further details.
[EXECUTOR] Entry failed: Entry order not filled
[2026-02-26T14:50:35.829Z] [GBPUSD] [REAL] Order FAILED: Entry order not filled
[EXECUTOR STDERR] [ERROR] 326: Unable to connect as the client id is already in use. Retry with a unique client id.
[EXECUTOR] Entry failed: Failed to connect to TWS/IB Gateway
[2026-02-26T14:50:35.902Z] [EURUSD_GPT5] [REAL] Order FAILED: Failed to connect to TWS/IB Gateway
[2026-02-26T14:55:05.413Z] [GBPUSD] New bar: 20260226 14:50:00 | O:1.35488 H:1.35505 L:1.35458 C:1.35488
[2026-02-26T14:55:05.543Z] [GBPUSD] Calling AI agents for trade decision...
   [DIRECTION] Analyzing market structure...
[2026-02-26T14:55:05.544Z] [USDJPY] New bar: 20260226 14:50:00 | O:155.90800 H:155.94600 L:155.83300 C:155.86800
[2026-02-26T14:55:05.682Z] [USDJPY] Calling AI agents for trade decision...
   [DIRECTION] Analyzing market structure...
[2026-02-26T14:55:05.684Z] [EURUSD] New bar: 20260226 14:50:00 | O:1.18129 H:1.18139 L:1.18102 C:1.18139
[2026-02-26T14:55:05.768Z] [EURUSD_GPT5] New bar: 20260226 14:50:00 | O:1.18129 H:1.18139 L:1.18102 C:1.18139
[2026-02-26T14:55:05.919Z] [EURUSD_GPT5] Calling AI agents for trade decision...
   [DIRECTION] Analyzing market structure...
   [DIRECTION] BULLISH (MEDIUM)
   [DIRECTION] Consider a long position targeting the resistance at 1.35540, with a stop loss j...
   [CONFIDENCE] Assessing setup quality...
   [DIRECTION] NEUTRAL (HIGH)
   [DIRECTION] No clear trade; wait for breakout above resistance or below support....
   [DIRECTION] No clear direction - will assess both sides
   [CONFIDENCE] Assessing setup quality...
   [DIRECTION] BULLISH (MEDIUM clarity)
   [DIRECTION] Readability: MODERATE
   [DIRECTION] If price can reclaim/hold above 1.18165–1.18169 on a pullback (turn that zone in...
   [CONFIDENCE] Assessing setup quality...
   [CONFIDENCE] Probability: 30%
   [CONFIDENCE] UNFAVORABLE: Consider waiting for a clearer bullish signal or a more favo...
   [CONFIDENCE] BAD PATTERNS: RANGE: Trading in range-bound market without clear edge, DEEP PULLBACK: 81% retracement indicates trend exhaustion
   [LEVELS] Determining entry, SL, TP...
   [CONFIDENCE] Probability: 35%
   [CONFIDENCE] UNFAVORABLE: VERY_LOW conviction - size accordingly...
   [LEVELS] Determining entry, SL, TP...
   [CONFIDENCE] Probability: 46%
   [CONFIDENCE] Coherence: INCOHERENT | Sizing: N/A
   [CONFIDENCE] This does not read like a clean long environment. Structure is still down, the E...
   [LEVELS] Determining entry, SL, TP...
   [LEVELS] Entry: 1.35450 (LIMIT)
   [LEVELS] SL: 1.35220 | TP: 1.35650 | RR: 1.40
[2026-02-26T14:55:25.789Z] [GBPUSD] SIGNAL: LONG | Entry: 1.3545 | SL: 1.3522 | TP: 1.3565 | Risk: 0.3
[2026-02-26T14:55:25.790Z] [GBPUSD] Reasoning: Dir: Consider a long position targeting the resistance  | Conf: The proposed trade has identified both bad and goo...
[2026-02-26T14:55:25.790Z] [GBPUSD] [REAL] Placing LONG order for 100000 units...
[EXECUTOR] Entering LONG 100000 GBP/USD TP=1.3565 SL=1.3522
   [LEVELS] Entry: 155.92150 (LIMIT)
   [LEVELS] SL: 155.84621 | TP: 156.15200 | RR: 3.00
[2026-02-26T14:55:26.558Z] [USDJPY] SIGNAL: LONG | Entry: 155.9215 | SL: 155.84621 | TP: 156.152 | Risk: 0.41500000000000004
[2026-02-26T14:55:26.558Z] [USDJPY] Reasoning: Dir: No clear trade; wait for breakout above resistance | Conf: This probability is low due to the absence of a cl...
[2026-02-26T14:55:26.558Z] [USDJPY] [REAL] Placing LONG order for 100000 units...
[EXECUTOR] Entering LONG 100000 USD/JPY TP=156.152 SL=155.84621
   [LEVELS] Entry: 1.17960 (LIMIT)
   [LEVELS] SL: 1.17920 (NORMAL)
   [LEVELS] TP: 1.18016 | Path: SOME_OBSTACLES | RR: 1.40
[2026-02-26T14:55:30.065Z] [EURUSD_GPT5] SIGNAL: LONG | Entry: 1.1796 | SL: 1.1792 | TP: 1.18016 | Risk: 0.46
[2026-02-26T14:55:30.066Z] [EURUSD_GPT5] Reasoning: Dir: If price can reclaim/hold above 1.18165–1.18169 on | Conf: This does not read like a clean long environment. ...
[2026-02-26T14:55:30.066Z] [EURUSD_GPT5] [REAL] Placing LONG order for 100000 units...
[EXECUTOR] Entering LONG 100000 EUR/USD TP=1.18016 SL=1.1792
[EXECUTOR STDERR] [ERROR] 201: Order rejected - reason:Your account has a minimum of 15 orders working on either the buy or sell side for this particular contract. <br>An additional order on the same side for this contract will not be allowed until an existing order has been <br>cancelled or has executed. Please call the Trade Desk for further details.
[EXECUTOR] Entry failed: Entry order not filled
[2026-02-26T14:55:36.397Z] [GBPUSD] [REAL] Order FAILED: Entry order not filled
[EXECUTOR STDERR] [ERROR] 326: Unable to connect as the client id is already in use. Retry with a unique client id.
[EXECUTOR] Entry failed: Failed to connect to TWS/IB Gateway
[2026-02-26T14:55:36.984Z] [USDJPY] [REAL] Order FAILED: Failed to connect to TWS/IB Gateway
[EXECUTOR STDERR] [ERROR] 326: Unable to connect as the client id is already in use. Retry with a unique client id.
[EXECUTOR] Entry failed: Failed to connect to TWS/IB Gateway
[2026-02-26T14:55:40.418Z] [EURUSD_GPT5] [REAL] Order FAILED: Failed to connect to TWS/IB Gateway
[2026-02-26T15:00:05.396Z] [USDJPY] New bar: 20260226 14:55:00 | O:155.86800 H:155.96150 L:155.83400 C:155.92750
[2026-02-26T15:00:05.582Z] [USDJPY] Calling AI agents for trade decision...
   [DIRECTION] Analyzing market structure...
[2026-02-26T15:00:05.583Z] [GBPUSD] New bar: 20260226 14:55:00 | O:1.35488 H:1.35540 L:1.35446 C:1.35458
[2026-02-26T15:00:05.734Z] [GBPUSD] Calling AI agents for trade decision...
   [DIRECTION] Analyzing market structure...
[2026-02-26T15:00:05.737Z] [EURUSD] New bar: 20260226 14:55:00 | O:1.18139 H:1.18159 L:1.18094 C:1.18129
[2026-02-26T15:00:05.816Z] [EURUSD_GPT5] New bar: 20260226 14:55:00 | O:1.18139 H:1.18159 L:1.18094 C:1.18129
[2026-02-26T15:00:05.963Z] [EURUSD_GPT5] Calling AI agents for trade decision...
   [DIRECTION] Analyzing market structure...
   [DIRECTION] NEUTRAL (HIGH)
   [DIRECTION] No clear trade. Wait for breakout above resistance or below support for directio...
   [DIRECTION] No clear direction - will assess both sides
   [CONFIDENCE] Assessing setup quality...
   [DIRECTION] BULLISH (MEDIUM clarity)
   [DIRECTION] Readability: MODERATE
   [DIRECTION] Conditional long only if price breaks and holds above 1.18164/1.18169 (acceptanc...
   [CONFIDENCE] Assessing setup quality...
   [DIRECTION] BULLISH (MEDIUM)
   [DIRECTION] Consider entering a long position as the price approaches the resistance level a...
   [CONFIDENCE] Assessing setup quality...
   [CONFIDENCE] Probability: 45%
   [CONFIDENCE] MARGINAL: LOW conviction - size accordingly...
   [LEVELS] Determining entry, SL, TP...
   [CONFIDENCE] Probability: 44%
   [CONFIDENCE] Coherence: INCOHERENT | Sizing: MINIMAL
   [CONFIDENCE] This does not read like a clean long. Structure is down and the EMA slope is eff...
   [LEVELS] Determining entry, SL, TP...
   [CONFIDENCE] Probability: 30%
   [CONFIDENCE] UNFAVORABLE: Consider waiting for a clearer breakout above resistance or ...
   [CONFIDENCE] BAD PATTERNS: RANGE: Trading in range-bound market without clear edge, DEEP PULLBACK: 81% retracement indicates trend exhaustion
   [LEVELS] Determining entry, SL, TP...
   [LEVELS] Entry: 155.92000 (LIMIT)
   [LEVELS] SL: 155.83700 | TP: 156.10250 | RR: 2.30
[2026-02-26T15:00:23.497Z] [USDJPY] SIGNAL: LONG | Entry: 155.92 | SL: 155.837 | TP: 156.1025 | Risk: 0.505
[2026-02-26T15:00:23.498Z] [USDJPY] Reasoning: Dir: No clear trade. Wait for breakout above resistance | Conf: This probability reflects the mixed signals presen...
[2026-02-26T15:00:23.498Z] [USDJPY] [REAL] Placing LONG order for 100000 units...
[EXECUTOR] Entering LONG 100000 USD/JPY TP=156.1025 SL=155.837
[EXECUTOR STDERR] [ERROR] 110: The price does not conform to the minimum price variation for this contract.
[EXECUTOR] Entry filled at 155.934
[2026-02-26T15:00:24.906Z] [USDJPY] [REAL] Order filled at 155.934 (TP order: 390, SL order: 391)
[2026-02-26T15:00:24.907Z] [USDJPY] ENTERED LONG @ 155.934 | SL: 155.837 | TP: 156.1025 | Size: 100000
   [LEVELS] Entry: 1.35440 (LIMIT)
   [LEVELS] SL: 1.35260 | TP: 1.35540 | RR: 1.50
[2026-02-26T15:00:27.053Z] [GBPUSD] SIGNAL: LONG | Entry: 1.3544 | SL: 1.3526 | TP: 1.3554 | Risk: 0.3
[2026-02-26T15:00:27.053Z] [GBPUSD] Reasoning: Dir: Consider entering a long position as the price app | Conf: The proposed long trade is occurring in a market t...
[2026-02-26T15:00:27.053Z] [GBPUSD] [REAL] Placing LONG order for 100000 units...
[EXECUTOR] Entering LONG 100000 GBP/USD TP=1.3554 SL=1.3526
   [LEVELS] Entry: 1.18062 (LIMIT)
   [LEVELS] SL: 1.18012 (NORMAL)
   [LEVELS] TP: 1.18138 | Path: SOME_OBSTACLES | RR: 1.52
[2026-02-26T15:00:27.370Z] [EURUSD_GPT5] SIGNAL: LONG | Entry: 1.18062 | SL: 1.18012 | TP: 1.18138 | Risk: 0.35
[2026-02-26T15:00:27.370Z] [EURUSD_GPT5] Reasoning: Dir: Conditional long only if price breaks and holds ab | Conf: This does not read like a clean long. Structure is...
[2026-02-26T15:00:27.370Z] [EURUSD_GPT5] [REAL] Placing LONG order for 100000 units...
[EXECUTOR] Entering LONG 100000 EUR/USD TP=1.18138 SL=1.18012
[EXECUTOR STDERR] [ERROR] 201: Order rejected - reason:Your account has a minimum of 15 orders working on either the buy or sell side for this particular contract. <br>An additional order on the same side for this contract will not be allowed until an existing order has been <br>cancelled or has executed. Please call the Trade Desk for further details.
[EXECUTOR] Entry failed: Entry order not filled
[2026-02-26T15:00:37.709Z] [GBPUSD] [REAL] Order FAILED: Entry order not filled
[EXECUTOR STDERR] [ERROR] 326: Unable to connect as the client id is already in use. Retry with a unique client id.
[EXECUTOR] Entry failed: Failed to connect to TWS/IB Gateway
[2026-02-26T15:00:37.785Z] [EURUSD_GPT5] [REAL] Order FAILED: Failed to connect to TWS/IB Gateway
[2026-02-26T15:05:05.542Z] [GBPUSD] New bar: 20260226 15:00:00 | O:1.35458 H:1.35469 L:1.35382 C:1.35448
[2026-02-26T15:05:05.672Z] [GBPUSD] Calling AI agents for trade decision...
   [DIRECTION] Analyzing market structure...
[2026-02-26T15:05:05.673Z] [USDJPY] New bar: 20260226 15:00:00 | O:155.92750 H:155.97200 L:155.88000 C:155.97050
[2026-02-26T15:05:05.851Z] [EURUSD] New bar: 20260226 15:00:00 | O:1.18129 H:1.18145 L:1.18101 C:1.18122
[2026-02-26T15:05:05.869Z] [EURUSD_GPT5] New bar: 20260226 15:00:00 | O:1.18129 H:1.18145 L:1.18101 C:1.18122
[2026-02-26T15:05:06.024Z] [EURUSD_GPT5] Calling AI agents for trade decision...
   [DIRECTION] Analyzing market structure...
[2026-02-26T15:05:07.188Z] [USDJPY] [REAL] Position closed by bracket order - TP
[2026-02-26T15:05:07.189Z] [USDJPY] [REAL] Closing position...
[EXECUTOR] Closing position for USD/JPY
[EXECUTOR] Position closed at N/A
[2026-02-26T15:05:08.611Z] [USDJPY] [REAL] Position already closed (likely by TP/SL order)
[2026-02-26T15:05:08.611Z] [USDJPY] CLOSED LONG | TP @ 155.9705 | R: 0.38 | Weighted: 0.19
[2026-02-26T15:05:08.611Z] [USDJPY] Bars in trade: 1 | Max favorable: 0.03800 | Max adverse: 0.05400
[2026-02-26T15:05:08.612Z] [USDJPY] [REAL P&L] Gross: $3650.00 | Commission: $4.00 | Net: $3646.00
[2026-02-26T15:05:11.037Z] [USDJPY] Analysis: GOOD - The trade was successful as the price moved favorably from the entry point of 155.934 to the exit pr...
[2026-02-26T15:05:11.042Z] Results saved (97 total trades)
[2026-02-26T15:05:11.049Z] Global trades saved (195 total trades)
   [DIRECTION] UNCLEAR (LOW clarity)
   [DIRECTION] Readability: MODERATE
   [DIRECTION] Wait for clarity. If price reclaims and holds above 1.18164-1.18169, then look f...
   [DIRECTION] No clear direction - will assess both sides
   [CONFIDENCE] Assessing setup quality...
   [DIRECTION] BEARISH (MEDIUM)
   [DIRECTION] Consider shorting near the resistance level at 1.35541, targeting the support le...
   [CONFIDENCE] Assessing setup quality...
[EXECUTOR STDERR] [ERROR] 326: Unable to connect as the client id is already in use. Retry with a unique client id.
[2026-02-26T15:05:16.301Z] [EURUSD] [REAL] Position closed by bracket order - TP
[2026-02-26T15:05:16.301Z] [EURUSD] [REAL] Closing position...
[EXECUTOR] Closing position for EUR/USD
   [CONFIDENCE] Probability: 44%
   [CONFIDENCE] Coherence: INCOHERENT | Sizing: SKIP
   [CONFIDENCE] This does not read like a clean long environment. Structure is pointing down, an...
   [LEVELS] Determining entry, SL, TP...
   [CONFIDENCE] Probability: 30%
   [CONFIDENCE] UNFAVORABLE: Consider waiting for a clearer trend or a stronger pullback ...
   [CONFIDENCE] BAD PATTERNS: RANGE: Trading in range-bound market without clear edge, SHALLOW PULLBACK: 0% retracement - no proper entry
   [LEVELS] Determining entry, SL, TP...
   [LEVELS] Entry: 1.35530 (LIMIT)
   [LEVELS] SL: 1.35630 | TP: 1.35310 | RR: 1.50
[2026-02-26T15:05:26.656Z] [GBPUSD] SIGNAL: SHORT | Entry: 1.3553 | SL: 1.3563 | TP: 1.3531 | Risk: 0.3
[2026-02-26T15:05:26.656Z] [GBPUSD] Reasoning: Dir: Consider shorting near the resistance level at 1.3 | Conf: The setup is primarily characterized by bad patter...
[2026-02-26T15:05:26.656Z] [GBPUSD] [REAL] Placing SHORT order for 100000 units...
[EXECUTOR] Entering SHORT 100000 GBP/USD TP=1.3531 SL=1.3563
   [LEVELS] Entry: 1.17965 (LIMIT)
   [LEVELS] SL: 1.17914 (NORMAL)
   [LEVELS] TP: 1.18042 | Path: SOME_OBSTACLES | RR: 1.51
[2026-02-26T15:05:27.615Z] [EURUSD_GPT5] AI says WAIT: Confidence agent recommends SKIP: This does not read like a clean long environment. Structure is poi...
[EXECUTOR STDERR] [ERROR] 201: Order rejected - reason:Your account has a minimum of 15 orders working on either the buy or sell side for this particular contract. <br>An additional order on the same side for this contract will not be allowed until an existing order has been <br>cancelled or has executed. Please call the Trade Desk for further details.
[EXECUTOR] Close failed: Timeout waiting for fill
[2026-02-26T15:05:27.867Z] [EURUSD] [REAL] Close result: {"success":false,"orderId":393,"status":"Inactive","error":"Timeout waiting for fill"}
[2026-02-26T15:05:27.867Z] [EURUSD] CLOSED SHORT | TP @ 1.18122 | R: -0.36 | Weighted: -0.20
[2026-02-26T15:05:27.867Z] [EURUSD] Bars in trade: 12 | Max favorable: 0.00021 | Max adverse: 0.00117
[2026-02-26T15:05:27.867Z] [EURUSD] [REAL P&L] Gross: $-80.00 | Commission: $4.00 | Net: $-84.00
[2026-02-26T15:05:30.710Z] [EURUSD] Analysis: BAD - The trade was a short position on EURUSD, which ultimately hit the take profit level. However, the e...
[2026-02-26T15:05:30.712Z] Results saved (98 total trades)
[2026-02-26T15:05:30.716Z] Global trades saved (196 total trades)
[EXECUTOR STDERR] [ERROR] 326: Unable to connect as the client id is already in use. Retry with a unique client id.
[EXECUTOR] Entry failed: Failed to connect to TWS/IB Gateway
[2026-02-26T15:05:37.068Z] [GBPUSD] [REAL] Order FAILED: Failed to connect to TWS/IB Gateway
[2026-02-26T15:10:05.511Z] [USDJPY] New bar: 20260226 15:05:00 | O:155.97050 H:156.03800 L:155.96100 C:155.98000
[2026-02-26T15:10:05.660Z] [USDJPY] Calling AI agents for trade decision...
   [DIRECTION] Analyzing market structure...
[2026-02-26T15:10:05.670Z] [GBPUSD] New bar: 20260226 15:05:00 | O:1.35448 H:1.35469 L:1.35421 C:1.35459
[2026-02-26T15:10:05.802Z] [GBPUSD] Calling AI agents for trade decision...
   [DIRECTION] Analyzing market structure...
[2026-02-26T15:10:06.137Z] [EURUSD] New bar: 20260226 15:05:00 | O:1.18122 H:1.18127 L:1.18083 C:1.18114
[2026-02-26T15:10:06.267Z] [EURUSD] Calling AI agents for trade decision...
   [DIRECTION] Analyzing market structure...
[2026-02-26T15:10:06.267Z] [EURUSD_GPT5] New bar: 20260226 15:05:00 | O:1.18122 H:1.18127 L:1.18083 C:1.18114
[2026-02-26T15:10:06.416Z] [EURUSD_GPT5] Calling AI agents for trade decision...
   [DIRECTION] Analyzing market structure...
   [DIRECTION] NEUTRAL (HIGH)
   [DIRECTION] No clear trade. Wait for breakout above resistance or below support for directio...
   [DIRECTION] No clear direction - will assess both sides
   [CONFIDENCE] Assessing setup quality...
   [DIRECTION] UNCLEAR (LOW clarity)
   [DIRECTION] Readability: MODERATE
   [DIRECTION] Wait for clarity. If price accepts above 1.18164/1.18169 (holds a break and star...
   [DIRECTION] No clear direction - will assess both sides
   [CONFIDENCE] Assessing setup quality...
   [DIRECTION] BULLISH (MEDIUM)
   [DIRECTION] Consider a long position if the price breaks above the resistance at 1.35541, ta...
   [CONFIDENCE] Assessing setup quality...
   [CONFIDENCE] Probability: 45%
   [CONFIDENCE] MARGINAL: LOW conviction - size accordingly...
   [LEVELS] Determining entry, SL, TP...
   [DIRECTION] BULLISH (MEDIUM)
   [DIRECTION] Consider a long position if the price breaks above resistance at 1.18164, target...
   [CONFIDENCE] Assessing setup quality...
   [CONFIDENCE] Probability: 44%
   [CONFIDENCE] Coherence: MIXED | Sizing: SKIP
   [CONFIDENCE] This reads like a range environment where longs are highest quality near range s...
   [LEVELS] Determining entry, SL, TP...
   [LEVELS] Entry: 155.92500 (LIMIT)
   [LEVELS] SL: 155.84000 | TP: 156.20000 | RR: 1.50
[2026-02-26T15:10:20.116Z] [USDJPY] SIGNAL: LONG | Entry: 155.925 | SL: 155.84 | TP: 156.2 | Risk: 0.505
[2026-02-26T15:10:20.117Z] [USDJPY] Reasoning: Dir: No clear trade. Wait for breakout above resistance | Conf: The trade probability is low due to the lack of a ...
[2026-02-26T15:10:20.118Z] [USDJPY] [REAL] Placing LONG order for 100000 units...
[EXECUTOR] Entering LONG 100000 USD/JPY TP=156.2 SL=155.84
[EXECUTOR] Entry filled at 156.004
[2026-02-26T15:10:21.530Z] [USDJPY] [REAL] Order filled at 156.004 (TP order: 395, SL order: 396)
[2026-02-26T15:10:21.530Z] [USDJPY] ENTERED LONG @ 156.004 | SL: 155.84 | TP: 156.2 | Size: 100000
   [CONFIDENCE] Probability: 30%
   [CONFIDENCE] UNFAVORABLE: Consider waiting for a clearer breakout above resistance or ...
   [CONFIDENCE] BAD PATTERNS: RANGE: Trading in range-bound market without clear edge, DEEP PULLBACK: 81% retracement indicates trend exhaustion
   [LEVELS] Determining entry, SL, TP...
   [CONFIDENCE] Probability: 55%
   [CONFIDENCE] MARGINAL: Consider entering with reduced size, and monitor closely for...
   [LEVELS] Determining entry, SL, TP...
   [LEVELS] Entry: 1.18070 (LIMIT)
   [LEVELS] SL: 1.18005 (NORMAL)
   [LEVELS] TP: 1.18170 | Path: SOME_OBSTACLES | RR: 1.54
[2026-02-26T15:10:27.751Z] [EURUSD_GPT5] AI says WAIT: Confidence agent recommends SKIP: This reads like a range environment where longs are highest qualit...
   [LEVELS] Entry: 1.35440 (LIMIT)
   [LEVELS] SL: 1.35300 | TP: 1.35620 | RR: 1.20
[2026-02-26T15:10:27.939Z] [GBPUSD] SIGNAL: LONG | Entry: 1.3544 | SL: 1.353 | TP: 1.3562 | Risk: 0.3
[2026-02-26T15:10:27.940Z] [GBPUSD] Reasoning: Dir: Consider a long position if the price breaks above | Conf: The proposed trade has identified both bad and goo...
[2026-02-26T15:10:27.941Z] [GBPUSD] [REAL] Placing LONG order for 100000 units...
[EXECUTOR] Entering LONG 100000 GBP/USD TP=1.3562 SL=1.353
   [LEVELS] Entry: 1.18090 (LIMIT)
   [LEVELS] SL: 1.18022 | TP: 1.18200 | RR: 2.56
[2026-02-26T15:10:29.522Z] [EURUSD] SIGNAL: LONG | Entry: 1.1809 | SL: 1.18022 | TP: 1.182 | Risk: 0.55
[2026-02-26T15:10:29.522Z] [EURUSD] Reasoning: Dir: Consider a long position if the price breaks above | Conf: The setup shows a bullish structure with the price...
[2026-02-26T15:10:29.522Z] [EURUSD] [REAL] Placing LONG order for 100000 units...
[EXECUTOR] Entering LONG 100000 EUR/USD TP=1.182 SL=1.18022
[EXECUTOR STDERR] [ERROR] 201: Order rejected - reason:Your account has a minimum of 15 orders working on either the buy or sell side for this particular contract. <br>An additional order on the same side for this contract will not be allowed until an existing order has been <br>cancelled or has executed. Please call the Trade Desk for further details.
[EXECUTOR] Entry failed: Entry order not filled
[2026-02-26T15:10:38.595Z] [GBPUSD] [REAL] Order FAILED: Entry order not filled
[EXECUTOR STDERR] [ERROR] 326: Unable to connect as the client id is already in use. Retry with a unique client id.
[EXECUTOR] Entry failed: Failed to connect to TWS/IB Gateway
[2026-02-26T15:10:39.944Z] [EURUSD] [REAL] Order FAILED: Failed to connect to TWS/IB Gateway
[2026-02-26T15:15:05.576Z] [GBPUSD] New bar: 20260226 15:10:00 | O:1.35459 H:1.35478 L:1.35395 C:1.35397
[2026-02-26T15:15:05.712Z] [GBPUSD] Calling AI agents for trade decision...
   [DIRECTION] Analyzing market structure...
[2026-02-26T15:15:05.713Z] [EURUSD] New bar: 20260226 15:10:00 | O:1.18114 H:1.18125 L:1.18078 C:1.18089
[2026-02-26T15:15:05.852Z] [EURUSD] Calling AI agents for trade decision...
   [DIRECTION] Analyzing market structure...
[2026-02-26T15:15:05.853Z] [EURUSD_GPT5] New bar: 20260226 15:10:00 | O:1.18114 H:1.18125 L:1.18078 C:1.18089
[2026-02-26T15:15:05.993Z] [EURUSD_GPT5] Calling AI agents for trade decision...
   [DIRECTION] Analyzing market structure...
[2026-02-26T15:15:05.993Z] [USDJPY] New bar: 20260226 15:10:00 | O:155.98000 H:156.04100 L:155.85650 C:155.85700
   [DIRECTION] BEARISH (MEDIUM)
   [DIRECTION] Consider shorting near the resistance level at 1.35541, targeting the support le...
   [CONFIDENCE] Assessing setup quality...
   [DIRECTION] UNCLEAR (LOW clarity)
   [DIRECTION] Readability: MODERATE
   [DIRECTION] Wait for clarity. If price reclaims and holds above 1.18164/1.18169 after a pull...
   [DIRECTION] No clear direction - will assess both sides
   [CONFIDENCE] Assessing setup quality...
   [DIRECTION] NEUTRAL (MEDIUM)
   [DIRECTION] Consider waiting for a clear breakout above resistance at 1.18164 for a potentia...
   [DIRECTION] No clear direction - will assess both sides
   [CONFIDENCE] Assessing setup quality...
   [CONFIDENCE] Probability: 46%
   [CONFIDENCE] Coherence: MIXED | Sizing: MINIMAL
   [CONFIDENCE] The clearest story here is balance/chop: a range environment with weak/flat-to-d...
   [LEVELS] Determining entry, SL, TP...
   [CONFIDENCE] Probability: 25%
   [CONFIDENCE] UNFAVORABLE: Consider waiting for a clearer bearish signal or a break bel...
   [CONFIDENCE] BAD PATTERNS: COUNTER-TREND: Going SHORT in UPTREND structure, RANGE: Trading in range-bound market without clear edge, DEEP PULLBACK: 81% retracement indicates trend exhaustion
   [LEVELS] Determining entry, SL, TP...
   [CONFIDENCE] Probability: 50%
   [CONFIDENCE] MARGINAL: Consider waiting for a clearer breakout above resistance or ...
   [LEVELS] Determining entry, SL, TP...
   [LEVELS] Entry: 1.35510 (LIMIT)
   [LEVELS] SL: 1.35630 | TP: 1.35250 | RR: 1.50
[2026-02-26T15:15:25.241Z] [GBPUSD] SIGNAL: SHORT | Entry: 1.3551 | SL: 1.3563 | TP: 1.3525 | Risk: 0.25
[2026-02-26T15:15:25.242Z] [GBPUSD] Reasoning: Dir: Consider shorting near the resistance level at 1.3 | Conf: The proposed trade is a short position in an uptre...
[2026-02-26T15:15:25.243Z] [GBPUSD] [REAL] Placing SHORT order for 100000 units...
[EXECUTOR] Entering SHORT 100000 GBP/USD TP=1.3525 SL=1.3563
[EXECUTOR STDERR] [ERROR] 201: Order rejected - reason:Your account has a minimum of 15 orders working on either the buy or sell side for this particular contract. <br>An additional order on the same side for this contract will not be allowed until an existing order has been <br>cancelled or has executed. Please call the Trade Desk for further details.
[EXECUTOR] Entry filled at 1.3535
[2026-02-26T15:15:26.680Z] [GBPUSD] [REAL] Order filled at 1.3535 (TP order: 399, SL order: 400)
[2026-02-26T15:15:26.680Z] [GBPUSD] ENTERED SHORT @ 1.3535 | SL: 1.3563 | TP: 1.3525 | Size: 100000
   [LEVELS] Entry: 1.18060 (LIMIT)
   [LEVELS] SL: 1.18010 (NORMAL)
   [LEVELS] TP: 1.18133 | Path: SOME_OBSTACLES | RR: 1.46
[2026-02-26T15:15:26.692Z] [EURUSD_GPT5] SIGNAL: LONG | Entry: 1.1806 | SL: 1.1801 | TP: 1.18133 | Risk: 0.35
[2026-02-26T15:15:26.693Z] [EURUSD_GPT5] Reasoning: Dir: Wait for clarity. If price reclaims and holds abov | Conf: The clearest story here is balance/chop: a range e...
[2026-02-26T15:15:26.693Z] [EURUSD_GPT5] [REAL] Placing LONG order for 100000 units...
[EXECUTOR] Entering LONG 100000 EUR/USD TP=1.18133 SL=1.1801
   [LEVELS] Entry: 1.18075 (LIMIT)
   [LEVELS] SL: 1.18020 | TP: 1.18150 | RR: 1.50
[2026-02-26T15:15:28.677Z] [EURUSD] SIGNAL: LONG | Entry: 1.18075 | SL: 1.1802 | TP: 1.1815 | Risk: 0.5
[2026-02-26T15:15:28.678Z] [EURUSD] Reasoning: Dir: Consider waiting for a clear breakout above resist | Conf: The proposed long trade has mixed signals. While t...
[2026-02-26T15:15:28.678Z] [EURUSD] [REAL] Placing LONG order for 100000 units...
[EXECUTOR] Entering LONG 100000 EUR/USD TP=1.1815 SL=1.1802
[EXECUTOR STDERR] [ERROR] 201: Order rejected - reason:Your account has a minimum of 15 orders working on either the buy or sell side for this particular contract. <br>An additional order on the same side for this contract will not be allowed until an existing order has been <br>cancelled or has executed. Please call the Trade Desk for further details.
[EXECUTOR] Entry failed: Entry order not filled
[2026-02-26T15:15:37.342Z] [EURUSD_GPT5] [REAL] Order FAILED: Entry order not filled
[EXECUTOR STDERR] [ERROR] 326: Unable to connect as the client id is already in use. Retry with a unique client id.
[EXECUTOR] Entry failed: Failed to connect to TWS/IB Gateway
[2026-02-26T15:15:39.096Z] [EURUSD] [REAL] Order FAILED: Failed to connect to TWS/IB Gateway
[2026-02-26T15:20:05.391Z] [GBPUSD] New bar: 20260226 15:15:00 | O:1.35397 H:1.35397 L:1.35248 C:1.35279
[2026-02-26T15:20:05.469Z] [EURUSD] New bar: 20260226 15:15:00 | O:1.18089 H:1.18091 L:1.17996 C:1.18020
[2026-02-26T15:20:05.618Z] [EURUSD] Calling AI agents for trade decision...
   [DIRECTION] Analyzing market structure...
[2026-02-26T15:20:05.618Z] [EURUSD_GPT5] New bar: 20260226 15:15:00 | O:1.18089 H:1.18091 L:1.17996 C:1.18020
[2026-02-26T15:20:05.782Z] [EURUSD_GPT5] Calling AI agents for trade decision...
   [DIRECTION] Analyzing market structure...
[2026-02-26T15:20:05.783Z] [USDJPY] New bar: 20260226 15:15:00 | O:155.85700 H:155.99400 L:155.84400 C:155.94050
[2026-02-26T15:20:06.896Z] [GBPUSD] [REAL] Closing position...
[EXECUTOR] Closing position for GBP/USD
   [DIRECTION] UNCLEAR (LOW clarity)
   [DIRECTION] Readability: MODERATE
   [DIRECTION] Wait for clarity. If price breaks and holds below 1.17953, look for continuation...
   [DIRECTION] No clear direction - will assess both sides
   [CONFIDENCE] Assessing setup quality...
   [DIRECTION] BEARISH (MEDIUM)
   [DIRECTION] Consider shorting the market as it approaches the resistance level at 1.18164, t...
   [CONFIDENCE] Assessing setup quality...
[EXECUTOR STDERR] [ERROR] 326: Unable to connect as the client id is already in use. Retry with a unique client id.
[2026-02-26T15:20:16.150Z] [USDJPY] [REAL] Position closed by bracket order - TP
[2026-02-26T15:20:16.150Z] [USDJPY] [REAL] Closing position...
[EXECUTOR] Closing position for USD/JPY
   [CONFIDENCE] Probability: 41%
   [CONFIDENCE] Coherence: INCOHERENT | Sizing: N/A
   [CONFIDENCE] This does not read like a market inviting a long. Structure is down, recent mome...
   [LEVELS] Determining entry, SL, TP...
[EXECUTOR STDERR] [ERROR] 201: Order rejected - reason:Your account has a minimum of 15 orders working on either the buy or sell side for this particular contract. <br>An additional order on the same side for this contract will not be allowed until an existing order has been <br>cancelled or has executed. Please call the Trade Desk for further details.
[EXECUTOR] Close failed: Timeout waiting for fill
[2026-02-26T15:20:18.402Z] [GBPUSD] [REAL] Close result: {"success":false,"orderId":402,"status":"Inactive","error":"Timeout waiting for fill"}
[2026-02-26T15:20:18.402Z] [GBPUSD] CLOSED SHORT | TP @ 1.3525 | R: 0.36 | Weighted: 0.09
[2026-02-26T15:20:18.402Z] [GBPUSD] Bars in trade: 1 | Max favorable: 0.00101 | Max adverse: 0.00047
[2026-02-26T15:20:18.403Z] [GBPUSD] [REAL P&L] Gross: $100.00 | Commission: $4.00 | Net: $96.00
   [CONFIDENCE] Probability: 55%
   [CONFIDENCE] MARGINAL: Consider proceeding with reduced size due to proximity to su...
   [LEVELS] Determining entry, SL, TP...
[2026-02-26T15:20:21.140Z] [GBPUSD] Analysis: GOOD - The trade was successful as the GBPUSD pair moved downward from the entry point of 1.3535 to the tak...
[2026-02-26T15:20:21.147Z] Results saved (99 total trades)
[2026-02-26T15:20:21.156Z] Global trades saved (197 total trades)
   [LEVELS] Entry: 1.18160 (LIMIT)
   [LEVELS] SL: 1.18220 | TP: 1.17953 | RR: 1.50
[2026-02-26T15:20:25.992Z] [EURUSD] SIGNAL: SHORT | Entry: 1.1816 | SL: 1.1822 | TP: 1.17953 | Risk: 0.55
[2026-02-26T15:20:25.992Z] [EURUSD] Reasoning: Dir: Consider shorting the market as it approaches the  | Conf: The setup shows a bearish bias with the price belo...
[2026-02-26T15:20:25.993Z] [EURUSD] [REAL] Placing SHORT order for 100000 units...
[EXECUTOR] Entering SHORT 100000 EUR/USD TP=1.17953 SL=1.1822
[EXECUTOR STDERR] [ERROR] 326: Unable to connect as the client id is already in use. Retry with a unique client id.
[EXECUTOR] Close failed: Failed to connect to TWS/IB Gateway
[2026-02-26T15:20:26.499Z] [USDJPY] [REAL] Close result: {"error":"Failed to connect to TWS/IB Gateway"}
[2026-02-26T15:20:26.499Z] [USDJPY] CLOSED LONG | TP @ 155.9405 | R: -0.39 | Weighted: -0.20
[2026-02-26T15:20:26.499Z] [USDJPY] Bars in trade: 2 | Max favorable: 0.03700 | Max adverse: 0.16000
[2026-02-26T15:20:26.499Z] [USDJPY] [REAL P&L] Gross: $-6350.00 | Commission: $4.00 | Net: $-6354.00
   [LEVELS] Entry: 1.17955 (LIMIT)
   [LEVELS] SL: 1.17918 (TIGHT)
   [LEVELS] TP: 1.18099 | Path: SOME_OBSTACLES | RR: 3.89
[2026-02-26T15:20:26.671Z] [EURUSD_GPT5] SIGNAL: LONG | Entry: 1.17955 | SL: 1.17918 | TP: 1.18099 | Risk: 0.41
[2026-02-26T15:20:26.672Z] [EURUSD_GPT5] Reasoning: Dir: Wait for clarity. If price breaks and holds below  | Conf: This does not read like a market inviting a long. ...
[2026-02-26T15:20:26.672Z] [EURUSD_GPT5] [REAL] Placing LONG order for 100000 units...
[EXECUTOR] Entering LONG 100000 EUR/USD TP=1.18099 SL=1.17918
[EXECUTOR] Entry filled at 1.18011
[2026-02-26T15:20:27.362Z] [EURUSD] [REAL] Order filled at 1.18011 (TP order: 404, SL order: 405)
[2026-02-26T15:20:27.362Z] [EURUSD] ENTERED SHORT @ 1.18011 | SL: 1.1822 | TP: 1.17953 | Size: 100000
[2026-02-26T15:20:29.162Z] [USDJPY] Analysis: BAD - The trade was set to take profit at 156.2, but the exit price was 155.9405, which indicates that the...
[2026-02-26T15:20:29.167Z] Results saved (100 total trades)
[2026-02-26T15:20:29.172Z] Global trades saved (198 total trades)
[EXECUTOR STDERR] [ERROR] 326: Unable to connect as the client id is already in use. Retry with a unique client id.
[EXECUTOR] Entry failed: Failed to connect to TWS/IB Gateway
[2026-02-26T15:20:37.102Z] [EURUSD_GPT5] [REAL] Order FAILED: Failed to connect to TWS/IB Gateway
[2026-02-26T15:25:05.544Z] [GBPUSD] New bar: 20260226 15:20:00 | O:1.35279 H:1.35296 L:1.35125 C:1.35126
[2026-02-26T15:25:05.698Z] [GBPUSD] Calling AI agents for trade decision...
   [DIRECTION] Analyzing market structure...
[2026-02-26T15:25:05.869Z] [EURUSD] New bar: 20260226 15:20:00 | O:1.18020 H:1.18024 L:1.17929 C:1.17929
[2026-02-26T15:25:05.958Z] [EURUSD_GPT5] New bar: 20260226 15:20:00 | O:1.18020 H:1.18024 L:1.17929 C:1.17929
[2026-02-26T15:25:06.097Z] [EURUSD_GPT5] Calling AI agents for trade decision...
   [DIRECTION] Analyzing market structure...
[2026-02-26T15:25:06.098Z] [USDJPY] New bar: 20260226 15:20:00 | O:155.94050 H:155.96300 L:155.91800 C:155.95800
[2026-02-26T15:25:06.252Z] [USDJPY] Calling AI agents for trade decision...
   [DIRECTION] Analyzing market structure...
[2026-02-26T15:25:07.396Z] [EURUSD] [REAL] Closing position...
[EXECUTOR] Closing position for EUR/USD
   [DIRECTION] NEUTRAL (HIGH)
   [DIRECTION] No clear trade; wait for breakout above resistance or below support....
   [DIRECTION] No clear direction - will assess both sides
   [CONFIDENCE] Assessing setup quality...
   [DIRECTION] BEARISH (MEDIUM)
   [DIRECTION] Consider shorting at the current price of 1.35126, targeting the support level a...
   [CONFIDENCE] Assessing setup quality...
   [DIRECTION] BEARISH (MEDIUM clarity)
   [DIRECTION] Readability: MODERATE
   [DIRECTION] If price is accepted below 1.17953 and cannot reclaim it, favor shorts on a rete...
   [CONFIDENCE] Assessing setup quality...
   [CONFIDENCE] Probability: 45%
   [CONFIDENCE] MARGINAL: LOW conviction - size accordingly...
   [LEVELS] Determining entry, SL, TP...
[EXECUTOR STDERR] [ERROR] 201: Order rejected - reason:Your account has a minimum of 15 orders working on either the buy or sell side for this particular contract. <br>An additional order on the same side for this contract will not be allowed until an existing order has been <br>cancelled or has executed. Please call the Trade Desk for further details.
[EXECUTOR] Close failed: Timeout waiting for fill
[2026-02-26T15:25:18.954Z] [EURUSD] [REAL] Close result: {"success":false,"orderId":406,"status":"Inactive","error":"Timeout waiting for fill"}
[2026-02-26T15:25:18.954Z] [EURUSD] CLOSED SHORT | TP @ 1.17953 | R: 0.28 | Weighted: 0.15
[2026-02-26T15:25:18.954Z] [EURUSD] Bars in trade: 1 | Max favorable: 0.00082 | Max adverse: 0.00013
[2026-02-26T15:25:18.955Z] [EURUSD] [REAL P&L] Gross: $58.00 | Commission: $4.00 | Net: $54.00
   [CONFIDENCE] Probability: 46%
   [CONFIDENCE] Coherence: INCOHERENT | Sizing: N/A
   [CONFIDENCE] The market is not telling one clean story. Price being below the EMA50 supports ...
   [LEVELS] Determining entry, SL, TP...
   [CONFIDENCE] Probability: 25%
   [CONFIDENCE] UNFAVORABLE: Reassess the trade idea and consider waiting for a clearer b...
   [CONFIDENCE] BAD PATTERNS: COUNTER-TREND: Going SHORT in UPTREND structure, RANGE: Trading in range-bound market without clear edge, DEEP PULLBACK: 154% retracement indicates trend exhaustion
   [LEVELS] Determining entry, SL, TP...
[2026-02-26T15:25:21.473Z] [EURUSD] Analysis: GOOD - The trade was successful as the market conditions aligned with the trader's strategy. The short posi...
[2026-02-26T15:25:21.477Z] Results saved (101 total trades)
[2026-02-26T15:25:21.480Z] Global trades saved (199 total trades)
   [LEVELS] Entry: 155.90800 (LIMIT)
   [LEVELS] SL: 155.87925 | TP: 156.19870 | RR: 1.50
[2026-02-26T15:25:23.138Z] [USDJPY] SIGNAL: LONG | Entry: 155.908 | SL: 155.87925 | TP: 156.1987 | Risk: 0.505
[2026-02-26T15:25:23.138Z] [USDJPY] Reasoning: Dir: No clear trade; wait for breakout above resistance | Conf: This probability reflects the mixed signals presen...
[2026-02-26T15:25:23.139Z] [USDJPY] [REAL] Placing LONG order for 100000 units...
[EXECUTOR] Entering LONG 100000 USD/JPY TP=156.1987 SL=155.87925
[EXECUTOR STDERR] [ERROR] 110: The price does not conform to the minimum price variation for this contract.
[ERROR] 110: The price does not conform to the minimum price variation for this contract.
[EXECUTOR] Entry filled at 155.96
[2026-02-26T15:25:24.553Z] [USDJPY] [REAL] Order filled at 155.96 (TP order: 408, SL order: 409)
[2026-02-26T15:25:24.562Z] [USDJPY] ENTERED LONG @ 155.96 | SL: 155.87925 | TP: 156.1987 | Size: 100000
   [LEVELS] Entry: 1.35150 (LIMIT)
   [LEVELS] SL: 1.35580 | TP: 1.35050 | RR: 1.50
[2026-02-26T15:25:26.797Z] [GBPUSD] SIGNAL: SHORT | Entry: 1.3515 | SL: 1.3558 | TP: 1.3505 | Risk: 0.25
[2026-02-26T15:25:26.797Z] [GBPUSD] Reasoning: Dir: Consider shorting at the current price of 1.35126, | Conf: The proposed trade is a short position in an uptre...
[2026-02-26T15:25:26.797Z] [GBPUSD] [REAL] Placing SHORT order for 100000 units...
[EXECUTOR] Entering SHORT 100000 GBP/USD TP=1.3505 SL=1.3558
[EXECUTOR STDERR] [ERROR] 201: Order rejected - reason:Your account has a minimum of 15 orders working on either the buy or sell side for this particular contract. <br>An additional order on the same side for this contract will not be allowed until an existing order has been <br>cancelled or has executed. Please call the Trade Desk for further details.
[EXECUTOR] Entry filled at 1.3509
[2026-02-26T15:25:28.201Z] [GBPUSD] [REAL] Order filled at 1.3509 (TP order: 411, SL order: 412)
[2026-02-26T15:25:28.202Z] [GBPUSD] ENTERED SHORT @ 1.3509 | SL: 1.3558 | TP: 1.3505 | Size: 100000
   [LEVELS] Entry: 1.18155 (LIMIT)
   [LEVELS] SL: 1.18198 (TIGHT)
   [LEVELS] TP: 1.17955 | Path: SOME_OBSTACLES | RR: 4.65
[2026-02-26T15:25:29.567Z] [EURUSD_GPT5] SIGNAL: SHORT | Entry: 1.18155 | SL: 1.18198 | TP: 1.17955 | Risk: 0.46
[2026-02-26T15:25:29.569Z] [EURUSD_GPT5] Reasoning: Dir: If price is accepted below 1.17953 and cannot recl | Conf: The market is not telling one clean story. Price b...
[2026-02-26T15:25:29.570Z] [EURUSD_GPT5] [REAL] Placing SHORT order for 100000 units...
[EXECUTOR] Entering SHORT 100000 EUR/USD TP=1.17955 SL=1.18198
[EXECUTOR STDERR] [ERROR] 201: Order rejected - reason:Your account has a minimum of 15 orders working on either the buy or sell side for this particular contract. <br>An additional order on the same side for this contract will not be allowed until an existing order has been <br>cancelled or has executed. Please call the Trade Desk for further details.
[EXECUTOR] Entry filled at 1.17896
[2026-02-26T15:25:30.985Z] [EURUSD_GPT5] [REAL] Order filled at 1.17896 (TP order: 414, SL order: 415)
[2026-02-26T15:25:30.985Z] [EURUSD_GPT5] ENTERED SHORT @ 1.17896 | SL: 1.18198 | TP: 1.17955 | Size: 100000
[2026-02-26T15:30:05.399Z] [EURUSD] New bar: 20260226 15:25:00 | O:1.17929 H:1.17935 L:1.17816 C:1.17860
[2026-02-26T15:30:05.557Z] [EURUSD] Calling AI agents for trade decision...
   [DIRECTION] Analyzing market structure...
[2026-02-26T15:30:05.557Z] [EURUSD_GPT5] New bar: 20260226 15:25:00 | O:1.17929 H:1.17935 L:1.17816 C:1.17860
[2026-02-26T15:30:05.639Z] [GBPUSD] New bar: 20260226 15:25:00 | O:1.35126 H:1.35139 L:1.35000 C:1.35072
[2026-02-26T15:30:05.662Z] [USDJPY] New bar: 20260226 15:25:00 | O:155.95800 H:156.10050 L:155.92800 C:156.05200
[2026-02-26T15:30:07.052Z] [EURUSD_GPT5] [REAL] Closing position...
[EXECUTOR] Closing position for EUR/USD
   [DIRECTION] BEARISH (MEDIUM)
   [DIRECTION] Consider shorting near the resistance level at 1.18164, with a target towards th...
   [CONFIDENCE] Assessing setup quality...
[EXECUTOR STDERR] [ERROR] 326: Unable to connect as the client id is already in use. Retry with a unique client id.
[2026-02-26T15:30:16.126Z] [GBPUSD] [REAL] Position closed by bracket order - TP
[2026-02-26T15:30:16.127Z] [GBPUSD] [REAL] Closing position...
[EXECUTOR] Closing position for GBP/USD
[EXECUTOR STDERR] [ERROR] 326: Unable to connect as the client id is already in use. Retry with a unique client id.
[2026-02-26T15:30:16.145Z] [USDJPY] [REAL] Position closed by bracket order - TP
[2026-02-26T15:30:16.146Z] [USDJPY] [REAL] Closing position...
[EXECUTOR] Closing position for USD/JPY
   [CONFIDENCE] Probability: 55%
   [CONFIDENCE] MARGINAL: Consider proceeding with reduced size due to proximity to su...
   [LEVELS] Determining entry, SL, TP...
[EXECUTOR STDERR] [ERROR] 201: Order rejected - reason:Your account has a minimum of 15 orders working on either the buy or sell side for this particular contract. <br>An additional order on the same side for this contract will not be allowed until an existing order has been <br>cancelled or has executed. Please call the Trade Desk for further details.
[EXECUTOR] Close failed: Timeout waiting for fill
[2026-02-26T15:30:18.627Z] [EURUSD_GPT5] [REAL] Close result: {"success":false,"orderId":416,"status":"Inactive","error":"Timeout waiting for fill"}
[2026-02-26T15:30:18.627Z] [EURUSD_GPT5] CLOSED SHORT | TP @ 1.17955 | R: -0.20 | Weighted: -0.09
[2026-02-26T15:30:18.627Z] [EURUSD_GPT5] Bars in trade: 1 | Max favorable: 0.00080 | Max adverse: 0.00039
[2026-02-26T15:30:18.627Z] [EURUSD_GPT5] [REAL P&L] Gross: $-59.00 | Commission: $4.00 | Net: $-63.00
[2026-02-26T15:30:21.070Z] [EURUSD_GPT5] Analysis: NEUTRAL - The trade was a short position on EURUSD, which successfully hit the take profit level. The market s...
[2026-02-26T15:30:21.072Z] Results saved (102 total trades)
[2026-02-26T15:30:21.075Z] Global trades saved (200 total trades)
   [LEVELS] Entry: 1.17880 (LIMIT)
   [LEVELS] SL: 1.18180 | TP: 1.17760 | RR: 1.50
[2026-02-26T15:30:26.500Z] [EURUSD] SIGNAL: SHORT | Entry: 1.1788 | SL: 1.1818 | TP: 1.1776 | Risk: 0.55
[2026-02-26T15:30:26.501Z] [EURUSD] Reasoning: Dir: Consider shorting near the resistance level at 1.1 | Conf: The setup shows a bearish bias with the price belo...
[2026-02-26T15:30:26.501Z] [EURUSD] [REAL] Placing SHORT order for 100000 units...
[EXECUTOR] Entering SHORT 100000 EUR/USD TP=1.1776 SL=1.1818
[EXECUTOR STDERR] [ERROR] 326: Unable to connect as the client id is already in use. Retry with a unique client id.
[EXECUTOR] Close failed: Failed to connect to TWS/IB Gateway
[2026-02-26T15:30:26.525Z] [GBPUSD] [REAL] Close result: {"error":"Failed to connect to TWS/IB Gateway"}
[2026-02-26T15:30:26.525Z] [GBPUSD] CLOSED SHORT | TP @ 1.3505 | R: 0.08 | Weighted: 0.02
[2026-02-26T15:30:26.526Z] [GBPUSD] Bars in trade: 1 | Max favorable: 0.00090 | Max adverse: 0.00049
[2026-02-26T15:30:26.526Z] [GBPUSD] [REAL P&L] Gross: $40.00 | Commission: $4.00 | Net: $36.00
[EXECUTOR STDERR] [ERROR] 326: Unable to connect as the client id is already in use. Retry with a unique client id.
[EXECUTOR] Close failed: Failed to connect to TWS/IB Gateway
[2026-02-26T15:30:27.070Z] [USDJPY] [REAL] Close result: {"error":"Failed to connect to TWS/IB Gateway"}
[2026-02-26T15:30:27.071Z] [USDJPY] CLOSED LONG | TP @ 156.052 | R: 1.14 | Weighted: 0.58
[2026-02-26T15:30:27.071Z] [USDJPY] Bars in trade: 1 | Max favorable: 0.14050 | Max adverse: 0.03200
[2026-02-26T15:30:27.071Z] [USDJPY] [REAL P&L] Gross: $9200.00 | Commission: $4.00 | Net: $9196.00
[EXECUTOR STDERR] [ERROR] 201: Order rejected - reason:Your account has a minimum of 15 orders working on either the buy or sell side for this particular contract. <br>An additional order on the same side for this contract will not be allowed until an existing order has been <br>cancelled or has executed. Please call the Trade Desk for further details.
[EXECUTOR] Entry filled at 1.17851
[2026-02-26T15:30:27.864Z] [EURUSD] [REAL] Order filled at 1.17851 (TP order: 418, SL order: 419)
[2026-02-26T15:30:27.864Z] [EURUSD] ENTERED SHORT @ 1.17851 | SL: 1.1818 | TP: 1.1776 | Size: 100000
[2026-02-26T15:30:28.612Z] [GBPUSD] Analysis: GOOD - The trade was successful as the market moved in favor of the short position, reaching the take profi...
[2026-02-26T15:30:28.617Z] Results saved (103 total trades)
[2026-02-26T15:30:28.620Z] Global trades saved (201 total trades)
[2026-02-26T15:30:28.976Z] [USDJPY] Analysis: GOOD - The trade won because the market moved favorably towards the take profit level shortly after entry. ...
[2026-02-26T15:30:28.984Z] Results saved (104 total trades)
[2026-02-26T15:30:28.992Z] Global trades saved (202 total trades)
[2026-02-26T15:35:05.715Z] [EURUSD] New bar: 20260226 15:30:00 | O:1.17860 H:1.17868 L:1.17809 C:1.17859
[2026-02-26T15:35:05.783Z] [EURUSD_GPT5] New bar: 20260226 15:30:00 | O:1.17860 H:1.17868 L:1.17809 C:1.17859
[2026-02-26T15:35:05.935Z] [EURUSD_GPT5] Calling AI agents for trade decision...
   [DIRECTION] Analyzing market structure...
[2026-02-26T15:35:05.936Z] [USDJPY] New bar: 20260226 15:30:00 | O:156.05200 H:156.12800 L:156.05150 C:156.07650
[2026-02-26T15:35:06.086Z] [USDJPY] Calling AI agents for trade decision...
   [DIRECTION] Analyzing market structure...
[2026-02-26T15:35:06.139Z] [GBPUSD] New bar: 20260226 15:30:00 | O:1.35072 H:1.35075 L:1.34973 C:1.35031
[2026-02-26T15:35:06.277Z] [GBPUSD] Calling AI agents for trade decision...
   [DIRECTION] Analyzing market structure...
   [DIRECTION] NEUTRAL (HIGH)
   [DIRECTION] No clear trade; wait for breakout above resistance or below support....
   [DIRECTION] No clear direction - will assess both sides
   [CONFIDENCE] Assessing setup quality...
   [DIRECTION] BEARISH (MEDIUM clarity)
   [DIRECTION] Readability: MODERATE
   [DIRECTION] If price retests 1.17934–1.17951 from below and rejects (fails to reclaim), look...
   [CONFIDENCE] Assessing setup quality...
   [DIRECTION] BEARISH (MEDIUM)
   [DIRECTION] Consider shorting the market with a target towards the support level at 1.35207....
   [CONFIDENCE] Assessing setup quality...
   [CONFIDENCE] Probability: 45%
   [CONFIDENCE] MARGINAL: LOW conviction - size accordingly...
   [LEVELS] Determining entry, SL, TP...
   [CONFIDENCE] Probability: 25%
   [CONFIDENCE] UNFAVORABLE: Reassess the trade idea and consider waiting for a clearer s...
   [CONFIDENCE] BAD PATTERNS: RANGE: Trading in range-bound market without clear edge, SHALLOW PULLBACK: 0% retracement - no proper entry
   [LEVELS] Determining entry, SL, TP...
   [LEVELS] Entry: 156.05200 (LIMIT)
   [LEVELS] SL: 155.94500 | TP: 156.19800 | RR: 1.30
[2026-02-26T15:35:20.727Z] [USDJPY] SIGNAL: LONG | Entry: 156.052 | SL: 155.945 | TP: 156.198 | Risk: 0.505
[2026-02-26T15:35:20.728Z] [USDJPY] Reasoning: Dir: No clear trade; wait for breakout above resistance | Conf: This probability reflects the mixed signals presen...
[2026-02-26T15:35:20.728Z] [USDJPY] [REAL] Placing LONG order for 100000 units...
[EXECUTOR] Entering LONG 100000 USD/JPY TP=156.198 SL=155.945
[EXECUTOR] Entry filled at 156.087
[2026-02-26T15:35:22.143Z] [USDJPY] [REAL] Order filled at 156.087 (TP order: 421, SL order: 422)
[2026-02-26T15:35:22.143Z] [USDJPY] ENTERED LONG @ 156.087 | SL: 155.945 | TP: 156.198 | Size: 100000
   [CONFIDENCE] Probability: 46%
   [CONFIDENCE] Coherence: INCOHERENT | Sizing: N/A
   [CONFIDENCE] This does not read like a clean, high-conviction short. Price being below the EM...
   [LEVELS] Determining entry, SL, TP...
   [LEVELS] Entry: 1.35050 (LIMIT)
   [LEVELS] SL: 1.35656 | TP: 1.34962 | RR: 1.50
[2026-02-26T15:35:25.958Z] [GBPUSD] SIGNAL: SHORT | Entry: 1.3505 | SL: 1.35656 | TP: 1.34962 | Risk: 0.25
[2026-02-26T15:35:25.959Z] [GBPUSD] Reasoning: Dir: Consider shorting the market with a target towards | Conf: The proposed trade has been assessed with two sign...
[2026-02-26T15:35:25.959Z] [GBPUSD] [REAL] Placing SHORT order for 100000 units...
[EXECUTOR] Entering SHORT 100000 GBP/USD TP=1.34962 SL=1.35656
[EXECUTOR STDERR] [ERROR] 201: Order rejected - reason:Your account has a minimum of 15 orders working on either the buy or sell side for this particular contract. <br>An additional order on the same side for this contract will not be allowed until an existing order has been <br>cancelled or has executed. Please call the Trade Desk for further details.
[EXECUTOR] Entry filled at 1.35035
[2026-02-26T15:35:27.364Z] [GBPUSD] [REAL] Order filled at 1.35035 (TP order: 424, SL order: 425)
[2026-02-26T15:35:27.365Z] [GBPUSD] ENTERED SHORT @ 1.35035 | SL: 1.35656 | TP: 1.34962 | Size: 100000
   [LEVELS] Entry: 1.18155 (LIMIT)
   [LEVELS] SL: 1.18195 (TIGHT)
   [LEVELS] TP: 1.18075 | Path: SOME_OBSTACLES | RR: 2.00
[2026-02-26T15:35:30.995Z] [EURUSD_GPT5] SIGNAL: SHORT | Entry: 1.18155 | SL: 1.18195 | TP: 1.18075 | Risk: 0.46
[2026-02-26T15:35:30.995Z] [EURUSD_GPT5] Reasoning: Dir: If price retests 1.17934–1.17951 from below and re | Conf: This does not read like a clean, high-conviction s...
[2026-02-26T15:35:30.995Z] [EURUSD_GPT5] [REAL] Placing SHORT order for 100000 units...
[EXECUTOR] Entering SHORT 100000 EUR/USD TP=1.18075 SL=1.18195
[EXECUTOR STDERR] [ERROR] 201: Order rejected - reason:Your account has a minimum of 15 orders working on either the buy or sell side for this particular contract. <br>An additional order on the same side for this contract will not be allowed until an existing order has been <br>cancelled or has executed. Please call the Trade Desk for further details.
[EXECUTOR] Entry filled at 1.17863
[2026-02-26T15:35:32.420Z] [EURUSD_GPT5] [REAL] Order filled at 1.17863 (TP order: 427, SL order: 428)
[2026-02-26T15:35:32.420Z] [EURUSD_GPT5] ENTERED SHORT @ 1.17863 | SL: 1.18195 | TP: 1.18075 | Size: 100000
[2026-02-26T15:40:05.587Z] [USDJPY] New bar: 20260226 15:35:00 | O:156.07650 H:156.11750 L:156.06200 C:156.08800
[2026-02-26T15:40:05.655Z] [EURUSD] New bar: 20260226 15:35:00 | O:1.17859 H:1.17931 L:1.17852 C:1.17925
[2026-02-26T15:40:05.675Z] [EURUSD_GPT5] New bar: 20260226 15:35:00 | O:1.17859 H:1.17931 L:1.17852 C:1.17925
[2026-02-26T15:40:05.697Z] [GBPUSD] New bar: 20260226 15:35:00 | O:1.35031 H:1.35140 L:1.35027 C:1.35137
[EXECUTOR STDERR] [ERROR] 326: Unable to connect as the client id is already in use. Retry with a unique client id.
[2026-02-26T15:40:16.120Z] [EURUSD] [REAL] Position closed by bracket order - TP
[2026-02-26T15:40:16.120Z] [EURUSD] [REAL] Closing position...
[EXECUTOR] Closing position for EUR/USD
[EXECUTOR STDERR] [ERROR] 326: Unable to connect as the client id is already in use. Retry with a unique client id.
[2026-02-26T15:40:16.561Z] [GBPUSD] [REAL] Position closed by bracket order - TP
[2026-02-26T15:40:16.562Z] [GBPUSD] [REAL] Closing position...
[EXECUTOR] Closing position for GBP/USD
[EXECUTOR STDERR] [ERROR] 326: Unable to connect as the client id is already in use. Retry with a unique client id.
[2026-02-26T15:40:16.580Z] [EURUSD_GPT5] [REAL] Position closed by bracket order - TP
[2026-02-26T15:40:16.581Z] [EURUSD_GPT5] [REAL] Closing position...
[EXECUTOR] Closing position for EUR/USD
[EXECUTOR STDERR] [ERROR] 326: Unable to connect as the client id is already in use. Retry with a unique client id.
[EXECUTOR] Close failed: Failed to connect to TWS/IB Gateway
[2026-02-26T15:40:26.983Z] [GBPUSD] [REAL] Close result: {"error":"Failed to connect to TWS/IB Gateway"}
[2026-02-26T15:40:26.984Z] [GBPUSD] CLOSED SHORT | TP @ 1.35137 | R: -0.16 | Weighted: -0.04
[2026-02-26T15:40:26.984Z] [GBPUSD] Bars in trade: 1 | Max favorable: 0.00008 | Max adverse: 0.00106
[2026-02-26T15:40:26.984Z] [GBPUSD] [REAL P&L] Gross: $-102.00 | Commission: $4.00 | Net: $-106.00
[EXECUTOR STDERR] [ERROR] 326: Unable to connect as the client id is already in use. Retry with a unique client id.
[EXECUTOR] Close failed: Failed to connect to TWS/IB Gateway
[2026-02-26T15:40:27.424Z] [EURUSD_GPT5] [REAL] Close result: {"error":"Failed to connect to TWS/IB Gateway"}
[2026-02-26T15:40:27.424Z] [EURUSD_GPT5] CLOSED SHORT | TP @ 1.18075 | R: -0.64 | Weighted: -0.29
[2026-02-26T15:40:27.425Z] [EURUSD_GPT5] Bars in trade: 1 | Max favorable: 0.00011 | Max adverse: 0.00068
[2026-02-26T15:40:27.425Z] [EURUSD_GPT5] [REAL P&L] Gross: $-212.00 | Commission: $4.00 | Net: $-216.00
[EXECUTOR STDERR] [ERROR] 201: Order rejected - reason:Your account has a minimum of 15 orders working on either the buy or sell side for this particular contract. <br>An additional order on the same side for this contract will not be allowed until an existing order has been <br>cancelled or has executed. Please call the Trade Desk for further details.
[EXECUTOR] Close failed: Timeout waiting for fill
[2026-02-26T15:40:27.717Z] [EURUSD] [REAL] Close result: {"success":false,"orderId":429,"status":"Inactive","error":"Timeout waiting for fill"}
[2026-02-26T15:40:27.717Z] [EURUSD] CLOSED SHORT | TP @ 1.179255 | R: -0.23 | Weighted: -0.12
[2026-02-26T15:40:27.718Z] [EURUSD] Bars in trade: 2 | Max favorable: 0.00042 | Max adverse: 0.00080
[2026-02-26T15:40:27.718Z] [EURUSD] [REAL P&L] Gross: $-74.50 | Commission: $4.00 | Net: $-78.50
[2026-02-26T15:40:29.507Z] [EURUSD_GPT5] Analysis: BAD - The trade was a short position on EURUSD, but the market moved against the position, hitting the tak...
[2026-02-26T15:40:29.513Z] Results saved (105 total trades)
[2026-02-26T15:40:29.516Z] Global trades saved (203 total trades)
[2026-02-26T15:40:30.042Z] [EURUSD] Analysis: NEUTRAL - The trade was successful in reaching the take profit level, indicating that the market moved in the ...
[2026-02-26T15:40:30.048Z] Results saved (106 total trades)
[2026-02-26T15:40:30.053Z] Global trades saved (204 total trades)
[2026-02-26T15:40:30.487Z] [GBPUSD] Analysis: BAD - The trade was a short position on GBPUSD, entered at 1.35035 with a take profit set at 1.34962. Howe...
[2026-02-26T15:40:30.491Z] Results saved (107 total trades)
[2026-02-26T15:40:30.497Z] Global trades saved (205 total trades)
[2026-02-26T15:45:05.933Z] [GBPUSD] New bar: 20260226 15:40:00 | O:1.35137 H:1.35218 L:1.35127 C:1.35210
[2026-02-26T15:45:06.070Z] [GBPUSD] Calling AI agents for trade decision...
   [DIRECTION] Analyzing market structure...
[2026-02-26T15:45:06.079Z] [EURUSD] New bar: 20260226 15:40:00 | O:1.17925 H:1.17960 L:1.17907 C:1.17929
[2026-02-26T15:45:06.211Z] [EURUSD] Calling AI agents for trade decision...
   [DIRECTION] Analyzing market structure...
[2026-02-26T15:45:06.211Z] [EURUSD_GPT5] New bar: 20260226 15:40:00 | O:1.17925 H:1.17960 L:1.17907 C:1.17929
[2026-02-26T15:45:06.353Z] [EURUSD_GPT5] Calling AI agents for trade decision...
   [DIRECTION] Analyzing market structure...
[2026-02-26T15:45:06.354Z] [USDJPY] New bar: 20260226 15:40:00 | O:156.08800 H:156.10150 L:155.99900 C:156.03500
   [DIRECTION] BEARISH (MEDIUM clarity)
   [DIRECTION] Readability: MODERATE
   [DIRECTION] If price cannot reclaim 1.18020/1.18022 (prior swing low / breakdown point), loo...
   [CONFIDENCE] Assessing setup quality...
   [DIRECTION] BEARISH (MEDIUM)
   [DIRECTION] Consider shorting near resistance at 1.35540, targeting the support level at 1.3...
   [CONFIDENCE] Assessing setup quality...
   [DIRECTION] BEARISH (MEDIUM)
   [DIRECTION] Consider shorting near the resistance level at 1.18163 with a target towards the...
   [CONFIDENCE] Assessing setup quality...
   [CONFIDENCE] Probability: 48%
   [CONFIDENCE] Coherence: MIXED | Sizing: MINIMAL
   [CONFIDENCE] This is a range market sitting in the lower third of the session range, which ca...
   [LEVELS] Determining entry, SL, TP...
   [CONFIDENCE] Probability: 25%
   [CONFIDENCE] UNFAVORABLE: Reconsider this trade; wait for a clearer bearish signal or ...
   [CONFIDENCE] BAD PATTERNS: COUNTER-TREND: Going SHORT in UPTREND structure, RANGE: Trading in range-bound market without clear edge, DEEP PULLBACK: 207% retracement indicates trend exhaustion
   [LEVELS] Determining entry, SL, TP...
   [CONFIDENCE] Probability: 55%
   [CONFIDENCE] MARGINAL: Consider proceeding with reduced size due to proximity to su...
   [LEVELS] Determining entry, SL, TP...
   [LEVELS] Entry: 1.18155 (LIMIT)
   [LEVELS] SL: 1.18205 (NORMAL)
   [LEVELS] TP: 1.18060 | Path: SOME_OBSTACLES | RR: 1.90
[2026-02-26T15:45:27.822Z] [EURUSD_GPT5] SIGNAL: SHORT | Entry: 1.18155 | SL: 1.18205 | TP: 1.1806 | Risk: 0.35
[2026-02-26T15:45:27.822Z] [EURUSD_GPT5] Reasoning: Dir: If price cannot reclaim 1.18020/1.18022 (prior swi | Conf: This is a range market sitting in the lower third ...
[2026-02-26T15:45:27.822Z] [EURUSD_GPT5] [REAL] Placing SHORT order for 100000 units...
[EXECUTOR] Entering SHORT 100000 EUR/USD TP=1.1806 SL=1.18205
   [LEVELS] Entry: 1.35400 (LIMIT)
   [LEVELS] SL: 1.35600 | TP: 1.35100 | RR: 1.50
[2026-02-26T15:45:28.446Z] [GBPUSD] SIGNAL: SHORT | Entry: 1.354 | SL: 1.356 | TP: 1.351 | Risk: 0.25
[2026-02-26T15:45:28.446Z] [GBPUSD] Reasoning: Dir: Consider shorting near resistance at 1.35540, targ | Conf: The proposed trade is a short position in an uptre...
[2026-02-26T15:45:28.446Z] [GBPUSD] [REAL] Placing SHORT order for 100000 units...
[EXECUTOR] Entering SHORT 100000 GBP/USD TP=1.351 SL=1.356
[EXECUTOR] Entry filled at 1.17943
[2026-02-26T15:45:29.268Z] [EURUSD_GPT5] [REAL] Order filled at 1.17943 (TP order: 431, SL order: 432)
[2026-02-26T15:45:29.268Z] [EURUSD_GPT5] ENTERED SHORT @ 1.17943 | SL: 1.18205 | TP: 1.1806 | Size: 100000
   [LEVELS] Entry: 1.18100 (LIMIT)
   [LEVELS] SL: 1.18231 | TP: 1.17867 | RR: 1.67
[2026-02-26T15:45:36.607Z] [EURUSD] SIGNAL: SHORT | Entry: 1.181 | SL: 1.18231 | TP: 1.17867 | Risk: 0.55
[2026-02-26T15:45:36.608Z] [EURUSD] Reasoning: Dir: Consider shorting near the resistance level at 1.1 | Conf: The setup shows a bearish bias with the price belo...
[2026-02-26T15:45:36.608Z] [EURUSD] [REAL] Placing SHORT order for 100000 units...
[EXECUTOR] Entering SHORT 100000 EUR/USD TP=1.17867 SL=1.18231
[EXECUTOR STDERR] [ERROR] 201: Order rejected - reason:Your account has a minimum of 15 orders working on either the buy or sell side for this particular contract. <br>An additional order on the same side for this contract will not be allowed until an existing order has been <br>cancelled or has executed. Please call the Trade Desk for further details.
[EXECUTOR] Entry filled at 1.17937
[2026-02-26T15:45:37.956Z] [EURUSD] [REAL] Order filled at 1.17937 (TP order: 434, SL order: 435)
[2026-02-26T15:45:37.957Z] [EURUSD] ENTERED SHORT @ 1.17937 | SL: 1.18231 | TP: 1.17867 | Size: 100000
[EXECUTOR STDERR] [ERROR] 326: Unable to connect as the client id is already in use. Retry with a unique client id.
[EXECUTOR] Entry failed: Failed to connect to TWS/IB Gateway
[2026-02-26T15:45:38.807Z] [GBPUSD] [REAL] Order FAILED: Failed to connect to TWS/IB Gateway
[2026-02-26T15:50:05.473Z] [USDJPY] New bar: 20260226 15:45:00 | O:156.03500 H:156.04650 L:155.97000 C:155.99800
[2026-02-26T15:50:05.548Z] [EURUSD] New bar: 20260226 15:45:00 | O:1.17929 H:1.17963 L:1.17922 C:1.17931
[2026-02-26T15:50:05.569Z] [EURUSD_GPT5] New bar: 20260226 15:45:00 | O:1.17929 H:1.17963 L:1.17922 C:1.17931
[2026-02-26T15:50:05.782Z] [GBPUSD] New bar: 20260226 15:45:00 | O:1.35210 H:1.35247 L:1.35174 C:1.35181
[2026-02-26T15:50:05.933Z] [GBPUSD] Calling AI agents for trade decision...
   [DIRECTION] Analyzing market structure...
   [DIRECTION] BEARISH (MEDIUM)
   [DIRECTION] Consider shorting near resistance at 1.35540, targeting the support level at 1.3...
   [CONFIDENCE] Assessing setup quality...
[EXECUTOR STDERR] [ERROR] 326: Unable to connect as the client id is already in use. Retry with a unique client id.
[2026-02-26T15:50:15.922Z] [EURUSD] [REAL] Position closed by bracket order - TP
[2026-02-26T15:50:15.922Z] [EURUSD] [REAL] Closing position...
[EXECUTOR] Closing position for EUR/USD
[EXECUTOR STDERR] [ERROR] 326: Unable to connect as the client id is already in use. Retry with a unique client id.
[2026-02-26T15:50:16.460Z] [EURUSD_GPT5] [REAL] Position closed by bracket order - TP
[2026-02-26T15:50:16.461Z] [EURUSD_GPT5] [REAL] Closing position...
[EXECUTOR] Closing position for EUR/USD
   [CONFIDENCE] Probability: 25%
   [CONFIDENCE] UNFAVORABLE: Consider waiting for a clearer bearish signal or a break bel...
   [CONFIDENCE] BAD PATTERNS: COUNTER-TREND: Going SHORT in UPTREND structure, RANGE: Trading in range-bound market without clear edge, DEEP PULLBACK: 207% retracement indicates trend exhaustion
   [LEVELS] Determining entry, SL, TP...
   [LEVELS] Entry: 1.35190 (LIMIT)
   [LEVELS] SL: 1.35576 | TP: 1.35000 | RR: 1.50
[2026-02-26T15:50:25.901Z] [GBPUSD] SIGNAL: SHORT | Entry: 1.3519 | SL: 1.35576 | TP: 1.35 | Risk: 0.25
[2026-02-26T15:50:25.902Z] [GBPUSD] Reasoning: Dir: Consider shorting near resistance at 1.35540, targ | Conf: The proposed trade is a short position in an uptre...
[2026-02-26T15:50:25.902Z] [GBPUSD] [REAL] Placing SHORT order for 100000 units...
[EXECUTOR] Entering SHORT 100000 GBP/USD TP=1.35 SL=1.35576
[EXECUTOR STDERR] [ERROR] 326: Unable to connect as the client id is already in use. Retry with a unique client id.
[EXECUTOR] Close failed: Failed to connect to TWS/IB Gateway
[2026-02-26T15:50:26.805Z] [EURUSD_GPT5] [REAL] Close result: {"error":"Failed to connect to TWS/IB Gateway"}
[2026-02-26T15:50:26.805Z] [EURUSD_GPT5] CLOSED SHORT | TP @ 1.1806 | R: -0.45 | Weighted: -0.16
[2026-02-26T15:50:26.805Z] [EURUSD_GPT5] Bars in trade: 1 | Max favorable: 0.00021 | Max adverse: 0.00021
[2026-02-26T15:50:26.805Z] [EURUSD_GPT5] [REAL P&L] Gross: $-117.00 | Commission: $4.00 | Net: $-121.00
[EXECUTOR STDERR] [ERROR] 201: Order rejected - reason:Your account has a minimum of 15 orders working on either the buy or sell side for this particular contract. <br>An additional order on the same side for this contract will not be allowed until an existing order has been <br>cancelled or has executed. Please call the Trade Desk for further details.
[EXECUTOR] Close failed: Timeout waiting for fill
[2026-02-26T15:50:27.468Z] [EURUSD] [REAL] Close result: {"success":false,"orderId":436,"status":"Inactive","error":"Timeout waiting for fill"}
[2026-02-26T15:50:27.468Z] [EURUSD] CLOSED SHORT | TP @ 1.179305 | R: 0.02 | Weighted: 0.01
[2026-02-26T15:50:27.468Z] [EURUSD] Bars in trade: 1 | Max favorable: 0.00015 | Max adverse: 0.00026
[2026-02-26T15:50:27.468Z] [EURUSD] [REAL P&L] Gross: $6.50 | Commission: $4.00 | Net: $2.50
[2026-02-26T15:50:29.319Z] [EURUSD_GPT5] Analysis: NEUTRAL - The trade was a short position on EURUSD, but the market moved against the position, hitting the tak...
[2026-02-26T15:50:29.324Z] Results saved (108 total trades)
[2026-02-26T15:50:29.329Z] Global trades saved (206 total trades)
[2026-02-26T15:50:29.774Z] [EURUSD] Analysis: GOOD - The trade was successful as the price moved in favor of the short position, reaching the take profit...
[2026-02-26T15:50:29.776Z] Results saved (109 total trades)
[2026-02-26T15:50:29.779Z] Global trades saved (207 total trades)
[EXECUTOR STDERR] [ERROR] 326: Unable to connect as the client id is already in use. Retry with a unique client id.
[EXECUTOR] Entry failed: Failed to connect to TWS/IB Gateway
[2026-02-26T15:50:36.264Z] [GBPUSD] [REAL] Order FAILED: Failed to connect to TWS/IB Gateway
[2026-02-26T15:55:05.724Z] [USDJPY] New bar: 20260226 15:50:00 | O:155.99800 H:156.04650 L:155.96950 C:156.03550
[2026-02-26T15:55:05.790Z] [GBPUSD] New bar: 20260226 15:50:00 | O:1.35181 H:1.35187 L:1.35109 C:1.35128
[2026-02-26T15:55:05.939Z] [GBPUSD] Calling AI agents for trade decision...
   [DIRECTION] Analyzing market structure...
[2026-02-26T15:55:05.941Z] [EURUSD] New bar: 20260226 15:50:00 | O:1.17931 H:1.17955 L:1.17904 C:1.17928
[2026-02-26T15:55:06.097Z] [EURUSD] Calling AI agents for trade decision...
   [DIRECTION] Analyzing market structure...
[2026-02-26T15:55:06.098Z] [EURUSD_GPT5] New bar: 20260226 15:50:00 | O:1.17931 H:1.17955 L:1.17904 C:1.17928
[2026-02-26T15:55:06.245Z] [EURUSD_GPT5] Calling AI agents for trade decision...
   [DIRECTION] Analyzing market structure...
   [DIRECTION] BEARISH (MEDIUM)
   [DIRECTION] Consider shorting near the resistance level of 1.18163, targeting the support le...
   [CONFIDENCE] Assessing setup quality...
   [DIRECTION] BEARISH (MEDIUM clarity)
   [DIRECTION] Readability: MODERATE
   [DIRECTION] If price fails to hold above ~1.17930 and acceptance builds below it, look for c...
   [CONFIDENCE] Assessing setup quality...
   [DIRECTION] BEARISH (MEDIUM)
   [DIRECTION] Consider shorting near the resistance level at 1.35539, targeting the support le...
   [CONFIDENCE] Assessing setup quality...
   [CONFIDENCE] Probability: 55%
   [CONFIDENCE] MARGINAL: Consider proceeding with reduced size due to mixed signals a...
   [LEVELS] Determining entry, SL, TP...
   [CONFIDENCE] Probability: 43%
   [CONFIDENCE] Coherence: INCOHERENT | Sizing: SKIP
   [CONFIDENCE] This does not read like a clean short environment. A range regime implies two-si...
   [LEVELS] Determining entry, SL, TP...
   [CONFIDENCE] Probability: 25%
   [CONFIDENCE] UNFAVORABLE: Reconsider the trade direction and wait for a clearer bearis...
   [CONFIDENCE] BAD PATTERNS: COUNTER-TREND: Going SHORT in UPTREND structure, RANGE: Trading in range-bound market without clear edge, DEEP PULLBACK: 207% retracement indicates trend exhaustion
   [LEVELS] Determining entry, SL, TP...
   [LEVELS] Entry: 1.17940 (LIMIT)
   [LEVELS] SL: 1.18180 | TP: 1.17800 | RR: 1.50
[2026-02-26T15:55:27.331Z] [EURUSD] SIGNAL: SHORT | Entry: 1.1794 | SL: 1.1818 | TP: 1.178 | Risk: 0.55
[2026-02-26T15:55:27.331Z] [EURUSD] Reasoning: Dir: Consider shorting near the resistance level of 1.1 | Conf: The proposed short trade has a mixed setup. While ...
[2026-02-26T15:55:27.331Z] [EURUSD] [REAL] Placing SHORT order for 100000 units...
[EXECUTOR] Entering SHORT 100000 EUR/USD TP=1.178 SL=1.1818
[EXECUTOR STDERR] [ERROR] 201: Order rejected - reason:Your account has a minimum of 15 orders working on either the buy or sell side for this particular contract. <br>An additional order on the same side for this contract will not be allowed until an existing order has been <br>cancelled or has executed. Please call the Trade Desk for further details.
[EXECUTOR] Entry filled at 1.17932
[2026-02-26T15:55:28.757Z] [EURUSD] [REAL] Order filled at 1.17932 (TP order: 438, SL order: 439)
[2026-02-26T15:55:28.757Z] [EURUSD] ENTERED SHORT @ 1.17932 | SL: 1.1818 | TP: 1.178 | Size: 100000
   [LEVELS] Entry: 1.18155 (LIMIT)
   [LEVELS] SL: 1.18192 (TIGHT)
   [LEVELS] TP: 1.17910 | Path: SOME_OBSTACLES | RR: 6.60
[2026-02-26T15:55:29.051Z] [EURUSD_GPT5] AI says WAIT: Confidence agent recommends SKIP: This does not read like a clean short environment. A range regime ...
   [LEVELS] Entry: 1.35178 (LIMIT)
   [LEVELS] SL: 1.35566 | TP: 1.34973 | RR: 1.30
[2026-02-26T15:55:33.718Z] [GBPUSD] SIGNAL: SHORT | Entry: 1.35178 | SL: 1.35566 | TP: 1.34973 | Risk: 0.25
[2026-02-26T15:55:33.719Z] [GBPUSD] Reasoning: Dir: Consider shorting near the resistance level at 1.3 | Conf: The proposed trade is a SHORT position in an UPTRE...
[2026-02-26T15:55:33.719Z] [GBPUSD] [REAL] Placing SHORT order for 100000 units...
[EXECUTOR] Entering SHORT 100000 GBP/USD TP=1.34973 SL=1.35566
[EXECUTOR STDERR] [ERROR] 201: Order rejected - reason:Your account has a minimum of 15 orders working on either the buy or sell side for this particular contract. <br>An additional order on the same side for this contract will not be allowed until an existing order has been <br>cancelled or has executed. Please call the Trade Desk for further details.
[EXECUTOR] Entry filled at 1.35125
[2026-02-26T15:55:35.123Z] [GBPUSD] [REAL] Order filled at 1.35125 (TP order: 441, SL order: 442)
[2026-02-26T15:55:35.124Z] [GBPUSD] ENTERED SHORT @ 1.35125 | SL: 1.35566 | TP: 1.34973 | Size: 100000
[2026-02-26T16:00:05.462Z] [USDJPY] New bar: 20260226 15:55:00 | O:156.03550 H:156.05050 L:156.00550 C:156.04100
[2026-02-26T16:00:05.527Z] [GBPUSD] New bar: 20260226 15:55:00 | O:1.35128 H:1.35181 L:1.35109 C:1.35145
[2026-02-26T16:00:05.548Z] [EURUSD] New bar: 20260226 15:55:00 | O:1.17928 H:1.17990 L:1.17921 C:1.17990
[2026-02-26T16:00:05.569Z] [EURUSD_GPT5] New bar: 20260226 15:55:00 | O:1.17928 H:1.17990 L:1.17921 C:1.17990
[2026-02-26T16:00:05.722Z] [EURUSD_GPT5] Calling AI agents for trade decision...
   [DIRECTION] Analyzing market structure...
   [DIRECTION] UNCLEAR (LOW clarity)
   [DIRECTION] Readability: MODERATE
   [DIRECTION] Wait for clarity. If price holds above 1.17924 and then reclaims/holds above 1.1...
   [DIRECTION] No clear direction - will assess both sides
   [CONFIDENCE] Assessing setup quality...
[EXECUTOR STDERR] [ERROR] 326: Unable to connect as the client id is already in use. Retry with a unique client id.
[2026-02-26T16:00:15.917Z] [GBPUSD] [REAL] Position closed by bracket order - TP
[2026-02-26T16:00:15.918Z] [GBPUSD] [REAL] Closing position...
[EXECUTOR] Closing position for GBP/USD
[EXECUTOR STDERR] [ERROR] 326: Unable to connect as the client id is already in use. Retry with a unique client id.
[2026-02-26T16:00:16.431Z] [EURUSD] [REAL] Position closed by bracket order - TP
[2026-02-26T16:00:16.431Z] [EURUSD] [REAL] Closing position...
[EXECUTOR] Closing position for EUR/USD
   [CONFIDENCE] Probability: 42%
   [CONFIDENCE] Coherence: INCOHERENT | Sizing: N/A
   [CONFIDENCE] This does not read like a clean long. Price is below the EMA50 and the EMA slope...
   [LEVELS] Determining entry, SL, TP...
[EXECUTOR STDERR] [ERROR] 326: Unable to connect as the client id is already in use. Retry with a unique client id.
[EXECUTOR] Close failed: Failed to connect to TWS/IB Gateway
[2026-02-26T16:00:26.812Z] [EURUSD] [REAL] Close result: {"error":"Failed to connect to TWS/IB Gateway"}
[2026-02-26T16:00:26.812Z] [EURUSD] CLOSED SHORT | TP @ 1.179905 | R: -0.24 | Weighted: -0.13
[2026-02-26T16:00:26.812Z] [EURUSD] Bars in trade: 1 | Max favorable: 0.00011 | Max adverse: 0.00059
[2026-02-26T16:00:26.813Z] [EURUSD] [REAL P&L] Gross: $-58.50 | Commission: $4.00 | Net: $-62.50
[EXECUTOR STDERR] [ERROR] 201: Order rejected - reason:Your account has a minimum of 15 orders working on either the buy or sell side for this particular contract. <br>An additional order on the same side for this contract will not be allowed until an existing order has been <br>cancelled or has executed. Please call the Trade Desk for further details.
[EXECUTOR] Close failed: Timeout waiting for fill
[2026-02-26T16:00:27.420Z] [GBPUSD] [REAL] Close result: {"success":false,"orderId":443,"status":"Inactive","error":"Timeout waiting for fill"}
[2026-02-26T16:00:27.421Z] [GBPUSD] CLOSED SHORT | TP @ 1.35145 | R: -0.05 | Weighted: -0.01
[2026-02-26T16:00:27.421Z] [GBPUSD] Bars in trade: 1 | Max favorable: 0.00016 | Max adverse: 0.00056
[2026-02-26T16:00:27.421Z] [GBPUSD] [REAL P&L] Gross: $-20.00 | Commission: $4.00 | Net: $-24.00
   [LEVELS] Entry: 1.17930 (LIMIT)
   [LEVELS] SL: 1.17890 (NORMAL)
   [LEVELS] TP: 1.17990 | Path: SOME_OBSTACLES | RR: 1.50
[2026-02-26T16:00:28.301Z] [EURUSD_GPT5] SIGNAL: LONG | Entry: 1.1793 | SL: 1.1789 | TP: 1.1799 | Risk: 0.42
[2026-02-26T16:00:28.303Z] [EURUSD_GPT5] Reasoning: Dir: Wait for clarity. If price holds above 1.17924 and | Conf: This does not read like a clean long. Price is bel...
[2026-02-26T16:00:28.303Z] [EURUSD_GPT5] [REAL] Placing LONG order for 100000 units...
[EXECUTOR] Entering LONG 100000 EUR/USD TP=1.1799 SL=1.1789
[2026-02-26T16:00:29.982Z] [GBPUSD] Analysis: BAD - The trade was a short position on GBPUSD, which was executed during the NY session. The entry price ...
[2026-02-26T16:00:29.988Z] Results saved (110 total trades)
[2026-02-26T16:00:29.991Z] Global trades saved (208 total trades)
[2026-02-26T16:00:30.098Z] [EURUSD] Analysis: BAD - The trade was executed during the NY session with a bearish market structure (-1), indicating a pote...
[2026-02-26T16:00:30.100Z] Results saved (111 total trades)
[2026-02-26T16:00:30.103Z] Global trades saved (209 total trades)
[EXECUTOR STDERR] [ERROR] 201: Order rejected - reason:Your account has a minimum of 15 orders working on either the buy or sell side for this particular contract. <br>An additional order on the same side for this contract will not be allowed until an existing order has been <br>cancelled or has executed. Please call the Trade Desk for further details.
[EXECUTOR] Entry failed: Entry order not filled
[2026-02-26T16:00:38.881Z] [EURUSD_GPT5] [REAL] Order FAILED: Entry order not filled
[2026-02-26T16:05:05.502Z] [EURUSD] New bar: 20260226 16:00:00 | O:1.17990 H:1.17993 L:1.17928 C:1.17931
[2026-02-26T16:05:05.641Z] [EURUSD] Calling AI agents for trade decision...
   [DIRECTION] Analyzing market structure...
[2026-02-26T16:05:05.642Z] [EURUSD_GPT5] New bar: 20260226 16:00:00 | O:1.17990 H:1.17993 L:1.17928 C:1.17931
[2026-02-26T16:05:05.785Z] [EURUSD_GPT5] Calling AI agents for trade decision...
   [DIRECTION] Analyzing market structure...
[2026-02-26T16:05:05.786Z] [USDJPY] New bar: 20260226 16:00:00 | O:156.04100 H:156.13900 L:156.04100 C:156.13700
[2026-02-26T16:05:05.862Z] [GBPUSD] New bar: 20260226 16:00:00 | O:1.35145 H:1.35155 L:1.35076 C:1.35084
[2026-02-26T16:05:06.010Z] [GBPUSD] Calling AI agents for trade decision...
   [DIRECTION] Analyzing market structure...
   [DIRECTION] UNCLEAR (LOW clarity)
   [DIRECTION] Readability: MODERATE
   [DIRECTION] Wait for clarity. If price holds below 1.17990 and then breaks/accepts below 1.1...
   [DIRECTION] No clear direction - will assess both sides
   [CONFIDENCE] Assessing setup quality...
   [DIRECTION] BEARISH (MEDIUM)
   [DIRECTION] Consider shorting near the resistance level at 1.35539, targeting the support le...
   [CONFIDENCE] Assessing setup quality...
   [DIRECTION] BEARISH (MEDIUM)
   [DIRECTION] Consider shorting the market as it approaches the resistance level at 1.18163, w...
   [CONFIDENCE] Assessing setup quality...
   [CONFIDENCE] Probability: 30%
   [CONFIDENCE] MARGINAL: Consider waiting for a clearer breakout or confirmation of m...
   [CONFIDENCE] BAD PATTERNS: RANGE: Trading in range-bound market without clear edge
   [LEVELS] Determining entry, SL, TP...
   [CONFIDENCE] Probability: 55%
   [CONFIDENCE] MARGINAL: Consider proceeding with reduced size due to proximity to su...
   [LEVELS] Determining entry, SL, TP...
   [CONFIDENCE] Probability: 42%
   [CONFIDENCE] Coherence: INCOHERENT | Sizing: MINIMAL
   [CONFIDENCE] This does not read like a clean long environment. Price is below the EMA50 and t...
   [LEVELS] Determining entry, SL, TP...
   [LEVELS] Entry: 1.17940 (LIMIT)
   [LEVELS] SL: 1.18170 | TP: 1.17800 | RR: 1.30
[2026-02-26T16:05:26.046Z] [EURUSD] SIGNAL: SHORT | Entry: 1.1794 | SL: 1.1817 | TP: 1.178 | Risk: 0.55
[2026-02-26T16:05:26.047Z] [EURUSD] Reasoning: Dir: Consider shorting the market as it approaches the  | Conf: The setup shows a bearish structure with lower hig...
[2026-02-26T16:05:26.047Z] [EURUSD] [REAL] Placing SHORT order for 100000 units...
[EXECUTOR] Entering SHORT 100000 EUR/USD TP=1.178 SL=1.1817
   [LEVELS] Entry: 1.35120 (LIMIT)
   [LEVELS] SL: 1.35590 | TP: 1.34900 | RR: 1.50
[2026-02-26T16:05:27.030Z] [GBPUSD] SIGNAL: SHORT | Entry: 1.3512 | SL: 1.3559 | TP: 1.349 | Risk: 0.3
[2026-02-26T16:05:27.031Z] [GBPUSD] Reasoning: Dir: Consider shorting near the resistance level at 1.3 | Conf: The proposed trade has a mixed setup. While it is ...
[2026-02-26T16:05:27.031Z] [GBPUSD] [REAL] Placing SHORT order for 100000 units...
[EXECUTOR] Entering SHORT 100000 GBP/USD TP=1.349 SL=1.3559
[EXECUTOR] Entry filled at 1.17911
[2026-02-26T16:05:27.650Z] [EURUSD] [REAL] Order filled at 1.17911 (TP order: 446, SL order: 447)
[2026-02-26T16:05:27.651Z] [EURUSD] ENTERED SHORT @ 1.17911 | SL: 1.1817 | TP: 1.178 | Size: 100000
   [LEVELS] Entry: 1.17880 (LIMIT)
   [LEVELS] SL: 1.17805 (NORMAL)
   [LEVELS] TP: 1.17995 | Path: SOME_OBSTACLES | RR: 1.53
[2026-02-26T16:05:31.223Z] [EURUSD_GPT5] SIGNAL: LONG | Entry: 1.1788 | SL: 1.17805 | TP: 1.17995 | Risk: 0.35
[2026-02-26T16:05:31.223Z] [EURUSD_GPT5] Reasoning: Dir: Wait for clarity. If price holds below 1.17990 and | Conf: This does not read like a clean long environment. ...
[2026-02-26T16:05:31.224Z] [EURUSD_GPT5] [REAL] Placing LONG order for 100000 units...
[EXECUTOR] Entering LONG 100000 EUR/USD TP=1.17995 SL=1.17805
[EXECUTOR STDERR] [ERROR] 326: Unable to connect as the client id is already in use. Retry with a unique client id.
[EXECUTOR] Entry failed: Failed to connect to TWS/IB Gateway
[2026-02-26T16:05:37.466Z] [GBPUSD] [REAL] Order FAILED: Failed to connect to TWS/IB Gateway
[EXECUTOR STDERR] [ERROR] 201: Order rejected - reason:Your account has a minimum of 15 orders working on either the buy or sell side for this particular contract. <br>An additional order on the same side for this contract will not be allowed until an existing order has been <br>cancelled or has executed. Please call the Trade Desk for further details.
[EXECUTOR] Entry failed: Entry order not filled
[2026-02-26T16:05:41.843Z] [EURUSD_GPT5] [REAL] Order FAILED: Entry order not filled
[2026-02-26T16:10:05.479Z] [GBPUSD] New bar: 20260226 16:05:00 | O:1.35084 H:1.35084 L:1.35016 C:1.35038
[2026-02-26T16:10:05.630Z] [GBPUSD] Calling AI agents for trade decision...
   [DIRECTION] Analyzing market structure...
[2026-02-26T16:10:05.630Z] [USDJPY] New bar: 20260226 16:05:00 | O:156.13700 H:156.19900 L:156.13700 C:156.18000
[2026-02-26T16:10:05.919Z] [EURUSD] New bar: 20260226 16:05:00 | O:1.17931 H:1.17931 L:1.17884 C:1.17905
[2026-02-26T16:10:05.937Z] [EURUSD_GPT5] New bar: 20260226 16:05:00 | O:1.17931 H:1.17931 L:1.17884 C:1.17905
[2026-02-26T16:10:06.077Z] [EURUSD_GPT5] Calling AI agents for trade decision...
   [DIRECTION] Analyzing market structure...
[2026-02-26T16:10:07.118Z] [USDJPY] [REAL] Closing position...
[EXECUTOR] Closing position for USD/JPY
[EXECUTOR] Position closed at 156.179
[2026-02-26T16:10:08.967Z] [USDJPY] [REAL] Position closed at 156.179
[2026-02-26T16:10:08.968Z] [USDJPY] CLOSED LONG | TP @ 156.179 | R: 0.65 | Weighted: 0.33
[2026-02-26T16:10:08.968Z] [USDJPY] Bars in trade: 7 | Max favorable: 0.11200 | Max adverse: 0.11750
[2026-02-26T16:10:08.968Z] [USDJPY] [REAL P&L] Gross: $9200.00 | Commission: $4.00 | Net: $9196.00
[2026-02-26T16:10:12.247Z] [USDJPY] Analysis: GOOD - The trade was successful as the price moved favorably from the entry point of 156.087 to the exit pr...
[2026-02-26T16:10:12.249Z] Results saved (112 total trades)
[2026-02-26T16:10:12.253Z] Global trades saved (210 total trades)
   [DIRECTION] BEARISH (MEDIUM)
   [DIRECTION] Consider shorting near the resistance level at 1.35539, targeting the support at...
   [CONFIDENCE] Assessing setup quality...
   [DIRECTION] BEARISH (MEDIUM clarity)
   [DIRECTION] Readability: MODERATE
   [DIRECTION] If 1.17922 fails to hold on a retest (clean 5m close below and inability to recl...
   [CONFIDENCE] Assessing setup quality...
[EXECUTOR STDERR] [ERROR] 326: Unable to connect as the client id is already in use. Retry with a unique client id.
[2026-02-26T16:10:16.256Z] [EURUSD] [REAL] Position closed by bracket order - TP
[2026-02-26T16:10:16.257Z] [EURUSD] [REAL] Closing position...
[EXECUTOR] Closing position for EUR/USD
   [CONFIDENCE] Probability: 25%
   [CONFIDENCE] UNFAVORABLE: Consider waiting for a clearer signal or a stronger pullback...
   [CONFIDENCE] BAD PATTERNS: RANGE: Trading in range-bound market without clear edge, SHALLOW PULLBACK: 0% retracement - no proper entry
   [LEVELS] Determining entry, SL, TP...
   [CONFIDENCE] Probability: 47%
   [CONFIDENCE] Coherence: MIXED | Sizing: MINIMAL
   [CONFIDENCE] This reads like a range market with mild bearish pressure rather than a clean be...
   [LEVELS] Determining entry, SL, TP...
[EXECUTOR STDERR] [ERROR] 201: Order rejected - reason:Your account has a minimum of 15 orders working on either the buy or sell side for this particular contract. <br>An additional order on the same side for this contract will not be allowed until an existing order has been <br>cancelled or has executed. Please call the Trade Desk for further details.
[EXECUTOR] Close failed: Timeout waiting for fill
[2026-02-26T16:10:27.906Z] [EURUSD] [REAL] Close result: {"success":false,"orderId":450,"status":"Inactive","error":"Timeout waiting for fill"}
[2026-02-26T16:10:27.906Z] [EURUSD] CLOSED SHORT | TP @ 1.179055 | R: 0.02 | Weighted: 0.01
[2026-02-26T16:10:27.907Z] [EURUSD] Bars in trade: 1 | Max favorable: 0.00027 | Max adverse: 0.00019
[2026-02-26T16:10:27.907Z] [EURUSD] [REAL P&L] Gross: $5.50 | Commission: $4.00 | Net: $1.50
   [LEVELS] Entry: 1.35050 (LIMIT)
   [LEVELS] SL: 1.35590 | TP: 1.34800 | RR: 2.00
[2026-02-26T16:10:28.527Z] [GBPUSD] SIGNAL: SHORT | Entry: 1.3505 | SL: 1.3559 | TP: 1.348 | Risk: 0.25
[2026-02-26T16:10:28.527Z] [GBPUSD] Reasoning: Dir: Consider shorting near the resistance level at 1.3 | Conf: The proposed trade has been assessed with signific...
[2026-02-26T16:10:28.528Z] [GBPUSD] [REAL] Placing SHORT order for 100000 units...
[EXECUTOR] Entering SHORT 100000 GBP/USD TP=1.348 SL=1.3559
   [LEVELS] Entry: 1.18065 (LIMIT)
   [LEVELS] SL: 1.18205 (NORMAL)
   [LEVELS] TP: 1.17910 | Path: SOME_OBSTACLES | RR: 1.11
[2026-02-26T16:10:29.984Z] [EURUSD_GPT5] SIGNAL: SHORT | Entry: 1.18065 | SL: 1.18205 | TP: 1.1791 | Risk: 0.35
[2026-02-26T16:10:29.984Z] [EURUSD_GPT5] Reasoning: Dir: If 1.17922 fails to hold on a retest (clean 5m clo | Conf: This reads like a range market with mild bearish p...
[2026-02-26T16:10:29.984Z] [EURUSD_GPT5] [REAL] Placing SHORT order for 100000 units...
[EXECUTOR] Entering SHORT 100000 EUR/USD TP=1.1791 SL=1.18205
[EXECUTOR STDERR] [ERROR] 201: Order rejected - reason:Your account has a minimum of 15 orders working on either the buy or sell side for this particular contract. <br>An additional order on the same side for this contract will not be allowed until an existing order has been <br>cancelled or has executed. Please call the Trade Desk for further details.
[EXECUTOR] Entry filled at 1.35019
[2026-02-26T16:10:30.006Z] [GBPUSD] [REAL] Order filled at 1.35019 (TP order: 452, SL order: 453)
[2026-02-26T16:10:30.007Z] [GBPUSD] ENTERED SHORT @ 1.35019 | SL: 1.3559 | TP: 1.348 | Size: 100000
[2026-02-26T16:10:30.674Z] [EURUSD] Analysis: GOOD - The trade was successful as the market structure was bearish (-1), indicating a downward trend. The ...
[2026-02-26T16:10:30.676Z] Results saved (113 total trades)
[2026-02-26T16:10:30.679Z] Global trades saved (211 total trades)
[EXECUTOR STDERR] [ERROR] 201: Order rejected - reason:Your account has a minimum of 15 orders working on either the buy or sell side for this particular contract. <br>An additional order on the same side for this contract will not be allowed until an existing order has been <br>cancelled or has executed. Please call the Trade Desk for further details.
[EXECUTOR] Entry filled at 1.17892
[2026-02-26T16:10:31.159Z] [EURUSD_GPT5] [REAL] Order filled at 1.17892 (TP order: 455, SL order: 456)
[2026-02-26T16:10:31.161Z] [EURUSD_GPT5] ENTERED SHORT @ 1.17892 | SL: 1.18205 | TP: 1.1791 | Size: 100000
[2026-02-26T16:15:05.513Z] [GBPUSD] New bar: 20260226 16:10:00 | O:1.35038 H:1.35059 L:1.35014 C:1.35038
[2026-02-26T16:15:05.581Z] [USDJPY] New bar: 20260226 16:10:00 | O:156.18000 H:156.24150 L:156.17250 C:156.23800
[2026-02-26T16:15:05.721Z] [USDJPY] Calling AI agents for trade decision...
   [DIRECTION] Analyzing market structure...
[2026-02-26T16:15:06.083Z] [EURUSD] New bar: 20260226 16:10:00 | O:1.17905 H:1.17915 L:1.17887 C:1.17896
[2026-02-26T16:15:06.221Z] [EURUSD] Calling AI agents for trade decision...
   [DIRECTION] Analyzing market structure...
[2026-02-26T16:15:06.222Z] [EURUSD_GPT5] New bar: 20260226 16:10:00 | O:1.17905 H:1.17915 L:1.17887 C:1.17896
   [DIRECTION] NEUTRAL (HIGH)
   [DIRECTION] No clear trade. Wait for breakout above resistance or below support for directio...
   [DIRECTION] No clear direction - will assess both sides
   [CONFIDENCE] Assessing setup quality...
   [DIRECTION] BEARISH (MEDIUM)
   [DIRECTION] Consider shorting the market as it approaches the nearest resistance level at 1....
   [CONFIDENCE] Assessing setup quality...
[EXECUTOR STDERR] [ERROR] 326: Unable to connect as the client id is already in use. Retry with a unique client id.
[2026-02-26T16:15:16.665Z] [EURUSD_GPT5] [REAL] Position closed by bracket order - TP
[2026-02-26T16:15:16.665Z] [EURUSD_GPT5] [REAL] Closing position...
[EXECUTOR] Closing position for EUR/USD
   [CONFIDENCE] Probability: 45%
   [CONFIDENCE] MARGINAL: LOW conviction - size accordingly...
   [LEVELS] Determining entry, SL, TP...
   [CONFIDENCE] Probability: 65%
   [CONFIDENCE] FAVORABLE: Good setup, full size...
   [LEVELS] Determining entry, SL, TP...
   [LEVELS] Entry: 156.17375 (LIMIT)
   [LEVELS] SL: 156.08154 | TP: 156.25200 | RR: 1.30
[2026-02-26T16:15:22.848Z] [USDJPY] SIGNAL: LONG | Entry: 156.17375 | SL: 156.08154 | TP: 156.252 | Risk: 0.505
[2026-02-26T16:15:22.849Z] [USDJPY] Reasoning: Dir: No clear trade. Wait for breakout above resistance | Conf: This probability reflects the mixed signals presen...
[2026-02-26T16:15:22.849Z] [USDJPY] [REAL] Placing LONG order for 100000 units...
[EXECUTOR] Entering LONG 100000 USD/JPY TP=156.252 SL=156.08154
   [LEVELS] Entry: 1.17910 (LIMIT)
   [LEVELS] SL: 1.18110 | TP: 1.17830 | RR: 1.30
[2026-02-26T16:15:28.044Z] [EURUSD] SIGNAL: SHORT | Entry: 1.1791 | SL: 1.1811 | TP: 1.1783 | Risk: 0.65
[2026-02-26T16:15:28.045Z] [EURUSD] Reasoning: Dir: Consider shorting the market as it approaches the  | Conf: The setup shows a bearish market structure with lo...
[2026-02-26T16:15:28.045Z] [EURUSD] [REAL] Placing SHORT order for 100000 units...
[EXECUTOR] Entering SHORT 100000 EUR/USD TP=1.1783 SL=1.1811
[EXECUTOR STDERR] [ERROR] 201: Order rejected - reason:Your account has a minimum of 15 orders working on either the buy or sell side for this particular contract. <br>An additional order on the same side for this contract will not be allowed until an existing order has been <br>cancelled or has executed. Please call the Trade Desk for further details.
[EXECUTOR] Close failed: Timeout waiting for fill
[2026-02-26T16:15:28.199Z] [EURUSD_GPT5] [REAL] Close result: {"success":false,"orderId":457,"status":"Inactive","error":"Timeout waiting for fill"}
[2026-02-26T16:15:28.200Z] [EURUSD_GPT5] CLOSED SHORT | TP @ 1.1791 | R: -0.06 | Weighted: -0.02
[2026-02-26T16:15:28.200Z] [EURUSD_GPT5] Bars in trade: 1 | Max favorable: 0.00005 | Max adverse: 0.00023
[2026-02-26T16:15:28.200Z] [EURUSD_GPT5] [REAL P&L] Gross: $-18.00 | Commission: $4.00 | Net: $-22.00
[EXECUTOR STDERR] [ERROR] 201: Order rejected - reason:Your account has a minimum of 15 orders working on either the buy or sell side for this particular contract. <br>An additional order on the same side for this contract will not be allowed until an existing order has been <br>cancelled or has executed. Please call the Trade Desk for further details.
[EXECUTOR] Entry filled at 1.17889
[2026-02-26T16:15:29.396Z] [EURUSD] [REAL] Order filled at 1.17889 (TP order: 459, SL order: 460)
[2026-02-26T16:15:29.396Z] [EURUSD] ENTERED SHORT @ 1.17889 | SL: 1.1811 | TP: 1.1783 | Size: 100000
[2026-02-26T16:15:30.594Z] [EURUSD_GPT5] Analysis: NEUTRAL - The trade was successful as the price moved in favor of the short position, reaching the take profit...
[2026-02-26T16:15:30.596Z] Results saved (114 total trades)
[2026-02-26T16:15:30.599Z] Global trades saved (212 total trades)
[EXECUTOR STDERR] [ERROR] 326: Unable to connect as the client id is already in use. Retry with a unique client id.
[EXECUTOR] Entry failed: Failed to connect to TWS/IB Gateway
[2026-02-26T16:15:33.230Z] [USDJPY] [REAL] Order FAILED: Failed to connect to TWS/IB Gateway
[2026-02-26T16:20:05.674Z] [EURUSD] New bar: 20260226 16:15:00 | O:1.17896 H:1.17907 L:1.17877 C:1.17898
[2026-02-26T16:20:05.741Z] [EURUSD_GPT5] New bar: 20260226 16:15:00 | O:1.17896 H:1.17907 L:1.17877 C:1.17898
[2026-02-26T16:20:05.887Z] [EURUSD_GPT5] Calling AI agents for trade decision...
   [DIRECTION] Analyzing market structure...
[2026-02-26T16:20:06.045Z] [GBPUSD] New bar: 20260226 16:15:00 | O:1.35038 H:1.35082 L:1.35024 C:1.35075
[2026-02-26T16:20:06.070Z] [USDJPY] New bar: 20260226 16:15:00 | O:156.23800 H:156.27600 L:156.22750 C:156.24050
[2026-02-26T16:20:06.227Z] [USDJPY] Calling AI agents for trade decision...
   [DIRECTION] Analyzing market structure...
   [DIRECTION] NEUTRAL (MEDIUM)
   [DIRECTION] No clear trade. Wait for breakout above 156.25200 for potential long or below 15...
   [DIRECTION] No clear direction - will assess both sides
   [CONFIDENCE] Assessing setup quality...
   [DIRECTION] BEARISH (MEDIUM clarity)
   [DIRECTION] Readability: MODERATE
   [DIRECTION] If price retests 1.17922–1.17934 from below and rejects (fails to reclaim/hold a...
   [CONFIDENCE] Assessing setup quality...
[EXECUTOR STDERR] [ERROR] 326: Unable to connect as the client id is already in use. Retry with a unique client id.
[2026-02-26T16:20:16.401Z] [GBPUSD] [REAL] Position closed by bracket order - TP
[2026-02-26T16:20:16.401Z] [GBPUSD] [REAL] Closing position...
[EXECUTOR] Closing position for GBP/USD
   [CONFIDENCE] Probability: 44%
   [CONFIDENCE] Coherence: INCOHERENT | Sizing: MINIMAL
   [CONFIDENCE] This does not read like a clean, high-quality short environment. Price being bel...
   [LEVELS] Determining entry, SL, TP...
   [CONFIDENCE] Probability: 45%
   [CONFIDENCE] MARGINAL: LOW conviction - size accordingly...
   [LEVELS] Determining entry, SL, TP...
   [LEVELS] Entry: 156.18544 (LIMIT)
   [LEVELS] SL: 156.09526 | TP: 156.25200 | RR: 1.30
[2026-02-26T16:20:25.416Z] [USDJPY] SIGNAL: LONG | Entry: 156.18544 | SL: 156.09526 | TP: 156.252 | Risk: 0.505
[2026-02-26T16:20:25.416Z] [USDJPY] Reasoning: Dir: No clear trade. Wait for breakout above 156.25200  | Conf: The probability is low due to the absence of a cle...
[2026-02-26T16:20:25.417Z] [USDJPY] [REAL] Placing LONG order for 100000 units...
[EXECUTOR] Entering LONG 100000 USD/JPY TP=156.252 SL=156.09526
[EXECUTOR STDERR] [ERROR] 201: Order rejected - reason:Your account has a minimum of 15 orders working on either the buy or sell side for this particular contract. <br>An additional order on the same side for this contract will not be allowed until an existing order has been <br>cancelled or has executed. Please call the Trade Desk for further details.
[EXECUTOR] Close failed: Timeout waiting for fill
[2026-02-26T16:20:27.989Z] [GBPUSD] [REAL] Close result: {"success":false,"orderId":461,"status":"Inactive","error":"Timeout waiting for fill"}
[2026-02-26T16:20:27.989Z] [GBPUSD] CLOSED SHORT | TP @ 1.350755 | R: -0.10 | Weighted: -0.02
[2026-02-26T16:20:27.989Z] [GBPUSD] Bars in trade: 2 | Max favorable: 0.00005 | Max adverse: 0.00063
[2026-02-26T16:20:27.989Z] [GBPUSD] [REAL P&L] Gross: $-56.50 | Commission: $4.00 | Net: $-60.50
   [LEVELS] Entry: 1.18155 (LIMIT)
   [LEVELS] SL: 1.18205 (NORMAL)
   [LEVELS] TP: 1.18015 | Path: SOME_OBSTACLES | RR: 2.80
[2026-02-26T16:20:29.553Z] [EURUSD_GPT5] SIGNAL: SHORT | Entry: 1.18155 | SL: 1.18205 | TP: 1.18015 | Risk: 0.35
[2026-02-26T16:20:29.553Z] [EURUSD_GPT5] Reasoning: Dir: If price retests 1.17922–1.17934 from below and re | Conf: This does not read like a clean, high-quality shor...
[2026-02-26T16:20:29.553Z] [EURUSD_GPT5] [REAL] Placing SHORT order for 100000 units...
[EXECUTOR] Entering SHORT 100000 EUR/USD TP=1.18015 SL=1.18205
[2026-02-26T16:20:30.837Z] [GBPUSD] Analysis: NEUTRAL - The trade was successful as the price moved favorably towards the take profit level of 1.348. The ma...
[2026-02-26T16:20:30.840Z] Results saved (115 total trades)
[2026-02-26T16:20:30.843Z] Global trades saved (213 total trades)
[EXECUTOR STDERR] [ERROR] 201: Order rejected - reason:Your account has a minimum of 15 orders working on either the buy or sell side for this particular contract. <br>An additional order on the same side for this contract will not be allowed until an existing order has been <br>cancelled or has executed. Please call the Trade Desk for further details.
[EXECUTOR] Entry filled at 1.1789
[2026-02-26T16:20:30.903Z] [EURUSD_GPT5] [REAL] Order filled at 1.1789 (TP order: 463, SL order: 464)
[2026-02-26T16:20:30.903Z] [EURUSD_GPT5] ENTERED SHORT @ 1.1789 | SL: 1.18205 | TP: 1.18015 | Size: 100000
[EXECUTOR STDERR] [ERROR] 326: Unable to connect as the client id is already in use. Retry with a unique client id.
[EXECUTOR] Entry failed: Failed to connect to TWS/IB Gateway
[2026-02-26T16:20:35.838Z] [USDJPY] [REAL] Order FAILED: Failed to connect to TWS/IB Gateway
[2026-02-26T16:25:05.556Z] [EURUSD] New bar: 20260226 16:20:00 | O:1.17898 H:1.17952 L:1.17890 C:1.17948
[2026-02-26T16:25:05.618Z] [EURUSD_GPT5] New bar: 20260226 16:20:00 | O:1.17898 H:1.17952 L:1.17890 C:1.17948
[2026-02-26T16:25:05.639Z] [GBPUSD] New bar: 20260226 16:20:00 | O:1.35075 H:1.35125 L:1.35059 C:1.35116
[2026-02-26T16:25:05.778Z] [GBPUSD] Calling AI agents for trade decision...
   [DIRECTION] Analyzing market structure...
[2026-02-26T16:25:05.778Z] [USDJPY] New bar: 20260226 16:20:00 | O:156.24050 H:156.24450 L:156.18200 C:156.18950
[2026-02-26T16:25:05.937Z] [USDJPY] Calling AI agents for trade decision...
   [DIRECTION] Analyzing market structure...
   [DIRECTION] NEUTRAL (HIGH)
   [DIRECTION] No clear trade; wait for breakout above resistance or below support....
   [DIRECTION] No clear direction - will assess both sides
   [CONFIDENCE] Assessing setup quality...
   [CONFIDENCE] Probability: 45%
   [CONFIDENCE] MARGINAL: LOW conviction - size accordingly...
   [LEVELS] Determining entry, SL, TP...
[EXECUTOR STDERR] [ERROR] 326: Unable to connect as the client id is already in use. Retry with a unique client id.
[2026-02-26T16:25:16.058Z] [EURUSD_GPT5] [REAL] Position closed by bracket order - TP
[2026-02-26T16:25:16.058Z] [EURUSD_GPT5] [REAL] Closing position...
[EXECUTOR] Closing position for EUR/USD
   [DIRECTION] BEARISH (MEDIUM)
   [DIRECTION] Consider shorting near the resistance level at 1.35539, targeting the support le...
   [CONFIDENCE] Assessing setup quality...
   [LEVELS] Entry: 156.16407 (LIMIT)
   [LEVELS] SL: 156.08261 | TP: 156.25200 | RR: 1.10
[2026-02-26T16:25:19.248Z] [USDJPY] SIGNAL: LONG | Entry: 156.16407 | SL: 156.08261 | TP: 156.252 | Risk: 0.505
[2026-02-26T16:25:19.249Z] [USDJPY] Reasoning: Dir: No clear trade; wait for breakout above resistance | Conf: This probability reflects the lack of a clear tren...
[2026-02-26T16:25:19.249Z] [USDJPY] [REAL] Placing LONG order for 100000 units...
[EXECUTOR] Entering LONG 100000 USD/JPY TP=156.252 SL=156.08261
   [CONFIDENCE] Probability: 25%
   [CONFIDENCE] UNFAVORABLE: Reassess the trade setup and consider waiting for a clearer ...
   [CONFIDENCE] BAD PATTERNS: RANGE: Trading in range-bound market without clear edge, SHALLOW PULLBACK: 0% retracement - no proper entry
   [LEVELS] Determining entry, SL, TP...
[EXECUTOR STDERR] [ERROR] 201: Order rejected - reason:Your account has a minimum of 15 orders working on either the buy or sell side for this particular contract. <br>An additional order on the same side for this contract will not be allowed until an existing order has been <br>cancelled or has executed. Please call the Trade Desk for further details.
[EXECUTOR] Close failed: Timeout waiting for fill
[2026-02-26T16:25:27.610Z] [EURUSD_GPT5] [REAL] Close result: {"success":false,"orderId":465,"status":"Inactive","error":"Timeout waiting for fill"}
[2026-02-26T16:25:27.611Z] [EURUSD_GPT5] CLOSED SHORT | TP @ 1.18015 | R: -0.40 | Weighted: -0.14
[2026-02-26T16:25:27.611Z] [EURUSD_GPT5] Bars in trade: 1 | Max favorable: 0.00001 | Max adverse: 0.00062
[2026-02-26T16:25:27.611Z] [EURUSD_GPT5] [REAL P&L] Gross: $-125.00 | Commission: $4.00 | Net: $-129.00
[EXECUTOR STDERR] [ERROR] 326: Unable to connect as the client id is already in use. Retry with a unique client id.
[EXECUTOR] Entry failed: Failed to connect to TWS/IB Gateway
[2026-02-26T16:25:29.619Z] [USDJPY] [REAL] Order FAILED: Failed to connect to TWS/IB Gateway
[2026-02-26T16:25:30.955Z] [EURUSD_GPT5] Analysis: BAD - The trade was a short position on EURUSD, but the market moved against the position, hitting the tak...
[2026-02-26T16:25:30.958Z] Results saved (116 total trades)
[2026-02-26T16:25:30.961Z] Global trades saved (214 total trades)
   [LEVELS] Entry: 1.35126 (LIMIT)
   [LEVELS] SL: 1.35540 | TP: 1.34973 | RR: 1.50
[2026-02-26T16:25:33.334Z] [GBPUSD] SIGNAL: SHORT | Entry: 1.35126 | SL: 1.3554 | TP: 1.34973 | Risk: 0.25
[2026-02-26T16:25:33.334Z] [GBPUSD] Reasoning: Dir: Consider shorting near the resistance level at 1.3 | Conf: The proposed trade is a short in a range-bound mar...
[2026-02-26T16:25:33.334Z] [GBPUSD] [REAL] Placing SHORT order for 100000 units...
[EXECUTOR] Entering SHORT 100000 GBP/USD TP=1.34973 SL=1.3554
[EXECUTOR STDERR] [ERROR] 201: Order rejected - reason:Your account has a minimum of 15 orders working on either the buy or sell side for this particular contract. <br>An additional order on the same side for this contract will not be allowed until an existing order has been <br>cancelled or has executed. Please call the Trade Desk for further details.
[EXECUTOR] Entry filled at 1.35115
[2026-02-26T16:25:34.720Z] [GBPUSD] [REAL] Order filled at 1.35115 (TP order: 467, SL order: 468)
[2026-02-26T16:25:34.729Z] [GBPUSD] ENTERED SHORT @ 1.35115 | SL: 1.3554 | TP: 1.34973 | Size: 100000
[2026-02-26T16:30:05.425Z] [GBPUSD] New bar: 20260226 16:25:00 | O:1.35116 H:1.35139 L:1.35105 C:1.35115
[2026-02-26T16:30:05.489Z] [USDJPY] New bar: 20260226 16:25:00 | O:156.18950 H:156.22500 L:156.17700 C:156.19600
[2026-02-26T16:30:05.677Z] [USDJPY] Calling AI agents for trade decision...
   [DIRECTION] Analyzing market structure...
[2026-02-26T16:30:05.679Z] [EURUSD] New bar: 20260226 16:25:00 | O:1.17948 H:1.17953 L:1.17921 C:1.17929
[2026-02-26T16:30:05.701Z] [EURUSD_GPT5] New bar: 20260226 16:25:00 | O:1.17948 H:1.17953 L:1.17921 C:1.17929
[2026-02-26T16:30:05.860Z] [EURUSD_GPT5] Calling AI agents for trade decision...
   [DIRECTION] Analyzing market structure...
   [DIRECTION] NEUTRAL (MEDIUM)
   [DIRECTION] No clear trade; wait for breakout above resistance or below support for directio...
   [DIRECTION] No clear direction - will assess both sides
   [CONFIDENCE] Assessing setup quality...
   [DIRECTION] UNCLEAR (LOW clarity)
   [DIRECTION] Readability: MESSY
   [DIRECTION] Wait for clarity. If price cleanly breaks and holds below 1.17922/1.17934 (accep...
   [DIRECTION] No clear direction - will assess both sides
   [CONFIDENCE] Assessing setup quality...
[EXECUTOR STDERR] [ERROR] 326: Unable to connect as the client id is already in use. Retry with a unique client id.
[2026-02-26T16:30:16.119Z] [EURUSD] [REAL] Position closed by bracket order - TP
[2026-02-26T16:30:16.119Z] [EURUSD] [REAL] Closing position...
[EXECUTOR] Closing position for EUR/USD
   [CONFIDENCE] Probability: 45%
   [CONFIDENCE] MARGINAL: LOW conviction - size accordingly...
   [LEVELS] Determining entry, SL, TP...
   [CONFIDENCE] Probability: 41%
   [CONFIDENCE] Coherence: INCOHERENT | Sizing: MINIMAL
   [CONFIDENCE] This market is not telling one clean story that supports a LONG. Structure is do...
   [LEVELS] Determining entry, SL, TP...
   [LEVELS] Entry: 156.16232 (LIMIT)
   [LEVELS] SL: 156.08800 | TP: 156.25200 | RR: 1.30
[2026-02-26T16:30:23.571Z] [USDJPY] SIGNAL: LONG | Entry: 156.16232 | SL: 156.088 | TP: 156.252 | Risk: 0.505
[2026-02-26T16:30:23.571Z] [USDJPY] Reasoning: Dir: No clear trade; wait for breakout above resistance | Conf: This specific setup has a neutral bias with no cle...
[2026-02-26T16:30:23.571Z] [USDJPY] [REAL] Placing LONG order for 100000 units...
[EXECUTOR] Entering LONG 100000 USD/JPY TP=156.252 SL=156.088
[EXECUTOR STDERR] [ERROR] 201: Order rejected - reason:Your account has a minimum of 15 orders working on either the buy or sell side for this particular contract. <br>An additional order on the same side for this contract will not be allowed until an existing order has been <br>cancelled or has executed. Please call the Trade Desk for further details.
[EXECUTOR] Close failed: Timeout waiting for fill
[2026-02-26T16:30:27.699Z] [EURUSD] [REAL] Close result: {"success":false,"orderId":469,"status":"Inactive","error":"Timeout waiting for fill"}
[2026-02-26T16:30:27.699Z] [EURUSD] CLOSED SHORT | TP @ 1.179295 | R: -0.18 | Weighted: -0.12
[2026-02-26T16:30:27.699Z] [EURUSD] Bars in trade: 3 | Max favorable: 0.00012 | Max adverse: 0.00064
[2026-02-26T16:30:27.699Z] [EURUSD] [REAL P&L] Gross: $-40.50 | Commission: $4.00 | Net: $-44.50
   [LEVELS] Entry: 1.17815 (LIMIT)
   [LEVELS] SL: 1.17745 (NORMAL)
   [LEVELS] TP: 1.17948 | Path: SOME_OBSTACLES | RR: 1.90
[2026-02-26T16:30:29.247Z] [EURUSD_GPT5] SIGNAL: LONG | Entry: 1.17815 | SL: 1.17745 | TP: 1.17948 | Risk: 0.35
[2026-02-26T16:30:29.248Z] [EURUSD_GPT5] Reasoning: Dir: Wait for clarity. If price cleanly breaks and hold | Conf: This market is not telling one clean story that su...
[2026-02-26T16:30:29.248Z] [EURUSD_GPT5] [REAL] Placing LONG order for 100000 units...
[EXECUTOR] Entering LONG 100000 EUR/USD TP=1.17948 SL=1.17745
[2026-02-26T16:30:30.797Z] [EURUSD] Analysis: BAD - The trade was a short position on EURUSD, initiated at 1.17889 with a take profit set at 1.1783. The...
[2026-02-26T16:30:30.802Z] Results saved (117 total trades)
[2026-02-26T16:30:30.806Z] Global trades saved (215 total trades)
[EXECUTOR STDERR] [ERROR] 326: Unable to connect as the client id is already in use. Retry with a unique client id.
[EXECUTOR] Entry failed: Failed to connect to TWS/IB Gateway
[2026-02-26T16:30:33.939Z] [USDJPY] [REAL] Order FAILED: Failed to connect to TWS/IB Gateway
[EXECUTOR STDERR] [ERROR] 201: Order rejected - reason:Your account has a minimum of 15 orders working on either the buy or sell side for this particular contract. <br>An additional order on the same side for this contract will not be allowed until an existing order has been <br>cancelled or has executed. Please call the Trade Desk for further details.
[EXECUTOR] Entry failed: Entry order not filled
[2026-02-26T16:30:39.741Z] [EURUSD_GPT5] [REAL] Order FAILED: Entry order not filled
[2026-02-26T16:35:05.464Z] [EURUSD] New bar: 20260226 16:30:00 | O:1.17929 H:1.17940 L:1.17920 C:1.17928
[2026-02-26T16:35:05.609Z] [EURUSD] Calling AI agents for trade decision...
   [DIRECTION] Analyzing market structure...
[2026-02-26T16:35:05.618Z] [EURUSD_GPT5] New bar: 20260226 16:30:00 | O:1.17929 H:1.17940 L:1.17920 C:1.17928
[2026-02-26T16:35:05.753Z] [EURUSD_GPT5] Calling AI agents for trade decision...
   [DIRECTION] Analyzing market structure...
[2026-02-26T16:35:05.754Z] [GBPUSD] New bar: 20260226 16:30:00 | O:1.35115 H:1.35128 L:1.35082 C:1.35109
[2026-02-26T16:35:05.825Z] [USDJPY] New bar: 20260226 16:30:00 | O:156.19600 H:156.24700 L:156.19500 C:156.19600
[2026-02-26T16:35:05.968Z] [USDJPY] Calling AI agents for trade decision...
   [DIRECTION] Analyzing market structure...
   [DIRECTION] NEUTRAL (MEDIUM)
   [DIRECTION] No clear trade. Wait for breakout above 156.25200 or below 155.83300....
   [DIRECTION] No clear direction - will assess both sides
   [CONFIDENCE] Assessing setup quality...
   [DIRECTION] UNCLEAR (LOW clarity)
   [DIRECTION] Readability: MESSY
   [DIRECTION] Wait for clarity. If you must engage, treat it strictly as a range: only conside...
   [DIRECTION] No clear direction - will assess both sides
   [CONFIDENCE] Assessing setup quality...
   [DIRECTION] BEARISH (MEDIUM)
   [DIRECTION] Consider shorting near the resistance level at 1.18163, targeting the support le...
   [CONFIDENCE] Assessing setup quality...
   [CONFIDENCE] Probability: 45%
   [CONFIDENCE] MARGINAL: LOW conviction - size accordingly...
   [LEVELS] Determining entry, SL, TP...
   [CONFIDENCE] Probability: 41%
   [CONFIDENCE] Coherence: INCOHERENT | Sizing: MINIMAL
   [CONFIDENCE] This market is not telling one clean story that supports a long. Structure is po...
   [LEVELS] Determining entry, SL, TP...
   [LEVELS] Entry: 156.15351 (LIMIT)
   [LEVELS] SL: 156.07883 | TP: 156.25200 | RR: 1.30
[2026-02-26T16:35:21.026Z] [USDJPY] SIGNAL: LONG | Entry: 156.15351 | SL: 156.07883 | TP: 156.252 | Risk: 0.505
[2026-02-26T16:35:21.026Z] [USDJPY] Reasoning: Dir: No clear trade. Wait for breakout above 156.25200  | Conf: This probability reflects the mixed signals in the...
[2026-02-26T16:35:21.027Z] [USDJPY] [REAL] Placing LONG order for 100000 units...
[EXECUTOR] Entering LONG 100000 USD/JPY TP=156.252 SL=156.07883
   [CONFIDENCE] Probability: 55%
   [CONFIDENCE] MARGINAL: Consider proceeding with reduced size due to proximity to su...
   [LEVELS] Determining entry, SL, TP...
[EXECUTOR STDERR] [ERROR] 110: The price does not conform to the minimum price variation for this contract.
[EXECUTOR] Entry filled at 156.185
[2026-02-26T16:35:22.446Z] [USDJPY] [REAL] Order filled at 156.185 (TP order: 472, SL order: 473)
[2026-02-26T16:35:22.447Z] [USDJPY] ENTERED LONG @ 156.185 | SL: 156.07883 | TP: 156.252 | Size: 100000
   [LEVELS] Entry: 1.17940 (LIMIT)
   [LEVELS] SL: 1.18110 | TP: 1.17800 | RR: 2.00
[2026-02-26T16:35:28.044Z] [EURUSD] SIGNAL: SHORT | Entry: 1.1794 | SL: 1.1811 | TP: 1.178 | Risk: 0.55
[2026-02-26T16:35:28.044Z] [EURUSD] Reasoning: Dir: Consider shorting near the resistance level at 1.1 | Conf: The proposed short trade has a mixed setup. While ...
[2026-02-26T16:35:28.045Z] [EURUSD] [REAL] Placing SHORT order for 100000 units...
[EXECUTOR] Entering SHORT 100000 EUR/USD TP=1.178 SL=1.1811
   [LEVELS] Entry: 1.17910 (LIMIT)
   [LEVELS] SL: 1.17835 (NORMAL)
   [LEVELS] TP: 1.18005 | Path: SOME_OBSTACLES | RR: 1.27
[2026-02-26T16:35:28.722Z] [EURUSD_GPT5] SIGNAL: LONG | Entry: 1.1791 | SL: 1.17835 | TP: 1.18005 | Risk: 0.35
[2026-02-26T16:35:28.722Z] [EURUSD_GPT5] Reasoning: Dir: Wait for clarity. If you must engage, treat it str | Conf: This market is not telling one clean story that su...
[2026-02-26T16:35:28.722Z] [EURUSD_GPT5] [REAL] Placing LONG order for 100000 units...
[EXECUTOR] Entering LONG 100000 EUR/USD TP=1.18005 SL=1.17835
[EXECUTOR] Entry filled at 1.17932
[2026-02-26T16:35:29.475Z] [EURUSD] [REAL] Order filled at 1.17932 (TP order: 475, SL order: 476)
[2026-02-26T16:35:29.475Z] [EURUSD] ENTERED SHORT @ 1.17932 | SL: 1.1811 | TP: 1.178 | Size: 100000
[EXECUTOR STDERR] [ERROR] 326: Unable to connect as the client id is already in use. Retry with a unique client id.
[EXECUTOR] Entry failed: Failed to connect to TWS/IB Gateway
[2026-02-26T16:35:39.149Z] [EURUSD_GPT5] [REAL] Order FAILED: Failed to connect to TWS/IB Gateway
[2026-02-26T16:40:05.540Z] [GBPUSD] New bar: 20260226 16:35:00 | O:1.35109 H:1.35121 L:1.35004 C:1.35027
[2026-02-26T16:40:06.180Z] [USDJPY] New bar: 20260226 16:35:00 | O:156.19600 H:156.23350 L:156.16950 C:156.22200
[2026-02-26T16:40:06.220Z] [EURUSD] New bar: 20260226 16:35:00 | O:1.17928 H:1.17935 L:1.17873 C:1.17884
[2026-02-26T16:40:06.241Z] [EURUSD_GPT5] New bar: 20260226 16:35:00 | O:1.17928 H:1.17935 L:1.17873 C:1.17884
[2026-02-26T16:40:06.395Z] [EURUSD_GPT5] Calling AI agents for trade decision...
   [DIRECTION] Analyzing market structure...
   [DIRECTION] UNCLEAR (LOW clarity)
   [DIRECTION] Readability: MESSY
   [DIRECTION] Wait for clarity. If price breaks and holds below 1.17809 (session/swing low), t...
   [DIRECTION] No clear direction - will assess both sides
   [CONFIDENCE] Assessing setup quality...
[EXECUTOR STDERR] [ERROR] 326: Unable to connect as the client id is already in use. Retry with a unique client id.
[2026-02-26T16:40:16.596Z] [USDJPY] [REAL] Position closed by bracket order - TP
[2026-02-26T16:40:16.597Z] [USDJPY] [REAL] Closing position...
[EXECUTOR] Closing position for USD/JPY
[EXECUTOR] Position closed at 156.217
[2026-02-26T16:40:18.490Z] [USDJPY] [REAL] Position closed at 156.217
[2026-02-26T16:40:18.491Z] [USDJPY] CLOSED LONG | TP @ 156.217 | R: 0.30 | Weighted: 0.15
[2026-02-26T16:40:18.491Z] [USDJPY] Bars in trade: 1 | Max favorable: 0.04850 | Max adverse: 0.01550
[2026-02-26T16:40:18.491Z] [USDJPY] [REAL P&L] Gross: $3200.00 | Commission: $4.00 | Net: $3196.00
   [CONFIDENCE] Probability: 41%
   [CONFIDENCE] Coherence: INCOHERENT | Sizing: MINIMAL
   [CONFIDENCE] The market’s story is bearish-to-neutral at best: price is below EMA50 with a do...
   [LEVELS] Determining entry, SL, TP...
[2026-02-26T16:40:21.381Z] [USDJPY] Analysis: GOOD - The trade was successful as the price moved favorably from the entry point of 156.185 to the exit pr...
[2026-02-26T16:40:21.386Z] Results saved (118 total trades)
[2026-02-26T16:40:21.390Z] Global trades saved (216 total trades)
   [LEVELS] Entry: 1.17860 (LIMIT)
   [LEVELS] SL: 1.17800 (NORMAL)
   [LEVELS] TP: 1.17945 | Path: SOME_OBSTACLES | RR: 1.42
[2026-02-26T16:40:28.492Z] [EURUSD_GPT5] SIGNAL: LONG | Entry: 1.1786 | SL: 1.178 | TP: 1.17945 | Risk: 0.35
[2026-02-26T16:40:28.492Z] [EURUSD_GPT5] Reasoning: Dir: Wait for clarity. If price breaks and holds below  | Conf: The market’s story is bearish-to-neutral at best: ...
[2026-02-26T16:40:28.492Z] [EURUSD_GPT5] [REAL] Placing LONG order for 100000 units...
[EXECUTOR] Entering LONG 100000 EUR/USD TP=1.17945 SL=1.178
[EXECUTOR STDERR] [ERROR] 201: Order rejected - reason:Your account has a minimum of 15 orders working on either the buy or sell side for this particular contract. <br>An additional order on the same side for this contract will not be allowed until an existing order has been <br>cancelled or has executed. Please call the Trade Desk for further details.
[EXECUTOR] Entry failed: Entry order not filled
[2026-02-26T16:40:39.129Z] [EURUSD_GPT5] [REAL] Order FAILED: Entry order not filled
[2026-02-26T16:45:06.164Z] [GBPUSD] New bar: 20260226 16:40:00 | O:1.35027 H:1.35067 L:1.35004 C:1.35007
[2026-02-26T16:45:06.240Z] [USDJPY] New bar: 20260226 16:40:00 | O:156.22200 H:156.22850 L:156.17250 C:156.19500
[2026-02-26T16:45:06.380Z] [USDJPY] Calling AI agents for trade decision...
   [DIRECTION] Analyzing market structure...
[2026-02-26T16:45:06.380Z] [EURUSD] New bar: 20260226 16:40:00 | O:1.17884 H:1.17908 L:1.17870 C:1.17873
[2026-02-26T16:45:06.400Z] [EURUSD_GPT5] New bar: 20260226 16:40:00 | O:1.17884 H:1.17908 L:1.17870 C:1.17873
[2026-02-26T16:45:06.557Z] [EURUSD_GPT5] Calling AI agents for trade decision...
   [DIRECTION] Analyzing market structure...
   [DIRECTION] NEUTRAL (MEDIUM)
   [DIRECTION] Wait for breakout or clear directional movement. No clear trade setup at this ti...
   [DIRECTION] No clear direction - will assess both sides
   [CONFIDENCE] Assessing setup quality...
   [DIRECTION] BEARISH (LOW clarity)
   [DIRECTION] Readability: MODERATE
   [DIRECTION] If price reclaims and holds back above 1.17922, avoid shorts and treat the move ...
   [CONFIDENCE] Assessing setup quality...
[EXECUTOR STDERR] [ERROR] 326: Unable to connect as the client id is already in use. Retry with a unique client id.
[2026-02-26T16:45:16.755Z] [EURUSD] [REAL] Position closed by bracket order - TP
[2026-02-26T16:45:16.755Z] [EURUSD] [REAL] Closing position...
[EXECUTOR] Closing position for EUR/USD
   [CONFIDENCE] Probability: 45%
   [CONFIDENCE] MARGINAL: LOW conviction - size accordingly...
   [LEVELS] Determining entry, SL, TP...
   [CONFIDENCE] Probability: 47%
   [CONFIDENCE] Coherence: MIXED | Sizing: N/A
   [CONFIDENCE] The market is not telling one clean story. Yes, price is below the EMA50 and rec...
   [LEVELS] Determining entry, SL, TP...
   [LEVELS] Entry: 156.16579 (LIMIT)
   [LEVELS] SL: 156.10000 | TP: 156.25200 | RR: 1.30
[2026-02-26T16:45:22.644Z] [USDJPY] SIGNAL: LONG | Entry: 156.16579 | SL: 156.1 | TP: 156.252 | Risk: 0.505
[2026-02-26T16:45:22.646Z] [USDJPY] Reasoning: Dir: Wait for breakout or clear directional movement. N | Conf: The probability is low due to the absence of a cle...
[2026-02-26T16:45:22.646Z] [USDJPY] [REAL] Placing LONG order for 100000 units...
[EXECUTOR] Entering LONG 100000 USD/JPY TP=156.252 SL=156.1
   [LEVELS] Entry: 1.18155 (LIMIT)
   [LEVELS] SL: 1.18205 (NORMAL)
   [LEVELS] TP: 1.18090 | Path: SOME_OBSTACLES | RR: 1.30
[2026-02-26T16:45:27.310Z] [EURUSD_GPT5] SIGNAL: SHORT | Entry: 1.18155 | SL: 1.18205 | TP: 1.1809 | Risk: 0.47
[2026-02-26T16:45:27.311Z] [EURUSD_GPT5] Reasoning: Dir: If price reclaims and holds back above 1.17922, av | Conf: The market is not telling one clean story. Yes, pr...
[2026-02-26T16:45:27.312Z] [EURUSD_GPT5] [REAL] Placing SHORT order for 100000 units...
[EXECUTOR] Entering SHORT 100000 EUR/USD TP=1.1809 SL=1.18205
[EXECUTOR STDERR] [ERROR] 201: Order rejected - reason:Your account has a minimum of 15 orders working on either the buy or sell side for this particular contract. <br>An additional order on the same side for this contract will not be allowed until an existing order has been <br>cancelled or has executed. Please call the Trade Desk for further details.
[EXECUTOR] Close failed: Timeout waiting for fill
[2026-02-26T16:45:28.308Z] [EURUSD] [REAL] Close result: {"success":false,"orderId":479,"status":"Inactive","error":"Timeout waiting for fill"}
[2026-02-26T16:45:28.308Z] [EURUSD] CLOSED SHORT | TP @ 1.17873 | R: 0.33 | Weighted: 0.18
[2026-02-26T16:45:28.308Z] [EURUSD] Bars in trade: 2 | Max favorable: 0.00062 | Max adverse: 0.00003
[2026-02-26T16:45:28.308Z] [EURUSD] [REAL P&L] Gross: $59.00 | Commission: $4.00 | Net: $55.00
[2026-02-26T16:45:31.531Z] [EURUSD] Analysis: GOOD - The trade was successful as the market structure indicated a bearish trend (-1), and the entry point...
[2026-02-26T16:45:31.533Z] Results saved (119 total trades)
[2026-02-26T16:45:31.537Z] Global trades saved (217 total trades)
[EXECUTOR STDERR] [ERROR] 326: Unable to connect as the client id is already in use. Retry with a unique client id.
[EXECUTOR] Entry failed: Failed to connect to TWS/IB Gateway
[2026-02-26T16:45:32.979Z] [USDJPY] [REAL] Order FAILED: Failed to connect to TWS/IB Gateway
[EXECUTOR STDERR] [ERROR] 326: Unable to connect as the client id is already in use. Retry with a unique client id.
[EXECUTOR] Entry failed: Failed to connect to TWS/IB Gateway
[2026-02-26T16:45:37.742Z] [EURUSD_GPT5] [REAL] Order FAILED: Failed to connect to TWS/IB Gateway
[2026-02-26T16:50:05.523Z] [GBPUSD] New bar: 20260226 16:45:00 | O:1.35007 H:1.35008 L:1.34964 C:1.34980
[2026-02-26T16:50:05.586Z] [EURUSD] New bar: 20260226 16:45:00 | O:1.17873 H:1.17894 L:1.17868 C:1.17878
[2026-02-26T16:50:05.722Z] [EURUSD] Calling AI agents for trade decision...
   [DIRECTION] Analyzing market structure...
[2026-02-26T16:50:05.723Z] [EURUSD_GPT5] New bar: 20260226 16:45:00 | O:1.17873 H:1.17894 L:1.17868 C:1.17878
[2026-02-26T16:50:05.878Z] [EURUSD_GPT5] Calling AI agents for trade decision...
   [DIRECTION] Analyzing market structure...
[2026-02-26T16:50:05.881Z] [USDJPY] New bar: 20260226 16:45:00 | O:156.19500 H:156.21000 L:156.16700 C:156.19750
[2026-02-26T16:50:06.020Z] [USDJPY] Calling AI agents for trade decision...
   [DIRECTION] Analyzing market structure...
[2026-02-26T16:50:07.026Z] [GBPUSD] [REAL] Closing position...
[EXECUTOR] Closing position for GBP/USD
   [DIRECTION] NEUTRAL (HIGH)
   [DIRECTION] No clear trade; wait for breakout above resistance or below support....
   [DIRECTION] No clear direction - will assess both sides
   [CONFIDENCE] Assessing setup quality...
   [DIRECTION] BEARISH (MEDIUM clarity)
   [DIRECTION] Readability: MODERATE
   [DIRECTION] If price continues to hold below 1.17922 (former support now acting as supply), ...
   [CONFIDENCE] Assessing setup quality...
   [DIRECTION] BEARISH (MEDIUM)
   [DIRECTION] Consider shorting near the resistance level at 1.18163, targeting the support at...
   [CONFIDENCE] Assessing setup quality...
   [CONFIDENCE] Probability: 45%
   [CONFIDENCE] MARGINAL: LOW conviction - size accordingly...
   [LEVELS] Determining entry, SL, TP...
[EXECUTOR STDERR] [ERROR] 201: Order rejected - reason:Your account has a minimum of 15 orders working on either the buy or sell side for this particular contract. <br>An additional order on the same side for this contract will not be allowed until an existing order has been <br>cancelled or has executed. Please call the Trade Desk for further details.
[EXECUTOR] Close failed: Timeout waiting for fill
[2026-02-26T16:50:18.563Z] [GBPUSD] [REAL] Close result: {"success":false,"orderId":480,"status":"Inactive","error":"Timeout waiting for fill"}
[2026-02-26T16:50:18.563Z] [GBPUSD] CLOSED SHORT | TP @ 1.34973 | R: 0.33 | Weighted: 0.08
[2026-02-26T16:50:18.563Z] [GBPUSD] Bars in trade: 5 | Max favorable: 0.00151 | Max adverse: 0.00024
[2026-02-26T16:50:18.564Z] [GBPUSD] [REAL P&L] Gross: $142.00 | Commission: $4.00 | Net: $138.00
   [CONFIDENCE] Probability: 47%
   [CONFIDENCE] Coherence: INCOHERENT | Sizing: MINIMAL
   [CONFIDENCE] This does not read like a clean, one-story market that supports pressing shorts....
   [LEVELS] Determining entry, SL, TP...
   [CONFIDENCE] Probability: 55%
   [CONFIDENCE] MARGINAL: Consider shorting with reduced size due to proximity to supp...
   [LEVELS] Determining entry, SL, TP...
[2026-02-26T16:50:21.926Z] [GBPUSD] Analysis: GOOD - The trade was successful as the GBPUSD pair moved in the anticipated direction, hitting the take pro...
[2026-02-26T16:50:21.928Z] Results saved (120 total trades)
[2026-02-26T16:50:21.932Z] Global trades saved (218 total trades)
   [LEVELS] Entry: 156.17878 (LIMIT)
   [LEVELS] SL: 156.11321 | TP: 156.25200 | RR: 1.30
[2026-02-26T16:50:22.213Z] [USDJPY] SIGNAL: LONG | Entry: 156.17878 | SL: 156.11321 | TP: 156.252 | Risk: 0.505
[2026-02-26T16:50:22.213Z] [USDJPY] Reasoning: Dir: No clear trade; wait for breakout above resistance | Conf: This probability reflects the lack of a clear tren...
[2026-02-26T16:50:22.214Z] [USDJPY] [REAL] Placing LONG order for 100000 units...
[EXECUTOR] Entering LONG 100000 USD/JPY TP=156.252 SL=156.11321
[EXECUTOR STDERR] [ERROR] 110: The price does not conform to the minimum price variation for this contract.
[EXECUTOR] Entry filled at 156.221
[2026-02-26T16:50:23.611Z] [USDJPY] [REAL] Order filled at 156.221 (TP order: 482, SL order: 483)
[2026-02-26T16:50:23.611Z] [USDJPY] ENTERED LONG @ 156.221 | SL: 156.11321 | TP: 156.252 | Size: 100000
   [LEVELS] Entry: 1.17910 (LIMIT)
   [LEVELS] SL: 1.18110 | TP: 1.17833 | RR: 1.50
[2026-02-26T16:50:26.666Z] [EURUSD] SIGNAL: SHORT | Entry: 1.1791 | SL: 1.1811 | TP: 1.17833 | Risk: 0.55
[2026-02-26T16:50:26.666Z] [EURUSD] Reasoning: Dir: Consider shorting near the resistance level at 1.1 | Conf: The trade setup has some positive aspects, such as...
[2026-02-26T16:50:26.666Z] [EURUSD] [REAL] Placing SHORT order for 100000 units...
[EXECUTOR] Entering SHORT 100000 EUR/USD TP=1.17833 SL=1.1811
   [LEVELS] Entry: 1.18155 (LIMIT)
   [LEVELS] SL: 1.18205 (NORMAL)
   [LEVELS] TP: 1.17900 | Path: SOME_OBSTACLES | RR: 5.10
[2026-02-26T16:50:27.987Z] [EURUSD_GPT5] SIGNAL: SHORT | Entry: 1.18155 | SL: 1.18205 | TP: 1.179 | Risk: 0.35
[2026-02-26T16:50:27.987Z] [EURUSD_GPT5] Reasoning: Dir: If price continues to hold below 1.17922 (former s | Conf: This does not read like a clean, one-story market ...
[2026-02-26T16:50:27.987Z] [EURUSD_GPT5] [REAL] Placing SHORT order for 100000 units...
[EXECUTOR] Entering SHORT 100000 EUR/USD TP=1.179 SL=1.18205
[EXECUTOR STDERR] [ERROR] 201: Order rejected - reason:Your account has a minimum of 15 orders working on either the buy or sell side for this particular contract. <br>An additional order on the same side for this contract will not be allowed until an existing order has been <br>cancelled or has executed. Please call the Trade Desk for further details.
[EXECUTOR] Entry filled at 1.17872
[2026-02-26T16:50:28.066Z] [EURUSD] [REAL] Order filled at 1.17872 (TP order: 485, SL order: 486)
[2026-02-26T16:50:28.067Z] [EURUSD] ENTERED SHORT @ 1.17872 | SL: 1.1811 | TP: 1.17833 | Size: 100000
[EXECUTOR STDERR] [ERROR] 201: Order rejected - reason:Your account has a minimum of 15 orders working on either the buy or sell side for this particular contract. <br>An additional order on the same side for this contract will not be allowed until an existing order has been <br>cancelled or has executed. Please call the Trade Desk for further details.
[EXECUTOR] Entry filled at 1.17873
[2026-02-26T16:50:29.334Z] [EURUSD_GPT5] [REAL] Order filled at 1.17873 (TP order: 488, SL order: 489)
[2026-02-26T16:50:29.334Z] [EURUSD_GPT5] ENTERED SHORT @ 1.17873 | SL: 1.18205 | TP: 1.179 | Size: 100000
[2026-02-26T16:55:05.512Z] [GBPUSD] New bar: 20260226 16:50:00 | O:1.34980 H:1.34997 L:1.34969 C:1.34997
[2026-02-26T16:55:05.635Z] [GBPUSD] Calling AI agents for trade decision...
   [DIRECTION] Analyzing market structure...
[2026-02-26T16:55:05.782Z] [EURUSD] New bar: 20260226 16:50:00 | O:1.17878 H:1.17889 L:1.17860 C:1.17888
[2026-02-26T16:55:05.858Z] [EURUSD_GPT5] New bar: 20260226 16:50:00 | O:1.17878 H:1.17889 L:1.17860 C:1.17888
[2026-02-26T16:55:05.879Z] [USDJPY] New bar: 20260226 16:50:00 | O:156.19750 H:156.22500 L:156.18300 C:156.18700
   [DIRECTION] BEARISH (MEDIUM)
   [DIRECTION] Consider shorting at current levels (1.34997) with a target towards the support ...
   [CONFIDENCE] Assessing setup quality...
[EXECUTOR STDERR] [ERROR] 326: Unable to connect as the client id is already in use. Retry with a unique client id.
[2026-02-26T16:55:16.260Z] [EURUSD_GPT5] [REAL] Position closed by bracket order - TP
[2026-02-26T16:55:16.260Z] [EURUSD_GPT5] [REAL] Closing position...
[EXECUTOR] Closing position for EUR/USD
[EXECUTOR STDERR] [ERROR] 326: Unable to connect as the client id is already in use. Retry with a unique client id.
[2026-02-26T16:55:16.767Z] [USDJPY] [REAL] Position closed by bracket order - TP
[2026-02-26T16:55:16.767Z] [USDJPY] [REAL] Closing position...
[EXECUTOR] Closing position for USD/JPY
   [CONFIDENCE] Probability: 30%
   [CONFIDENCE] UNFAVORABLE: Reassess the trade idea and consider waiting for a clearer s...
   [CONFIDENCE] BAD PATTERNS: RANGE: Trading in range-bound market without clear edge, SHALLOW PULLBACK: 0% retracement - no proper entry
   [LEVELS] Determining entry, SL, TP...
   [LEVELS] Entry: 1.35010 (LIMIT)
   [LEVELS] SL: 1.35600 | TP: 1.34850 | RR: 1.50
[2026-02-26T16:55:26.958Z] [GBPUSD] SIGNAL: SHORT | Entry: 1.3501 | SL: 1.356 | TP: 1.3485 | Risk: 0.3
[2026-02-26T16:55:26.958Z] [GBPUSD] Reasoning: Dir: Consider shorting at current levels (1.34997) with | Conf: The proposed trade is in a range-bound market, whi...
[2026-02-26T16:55:26.958Z] [GBPUSD] [REAL] Placing SHORT order for 100000 units...
[EXECUTOR] Entering SHORT 100000 GBP/USD TP=1.3485 SL=1.356
[EXECUTOR STDERR] [ERROR] 326: Unable to connect as the client id is already in use. Retry with a unique client id.
[EXECUTOR] Close failed: Failed to connect to TWS/IB Gateway
[2026-02-26T16:55:27.115Z] [USDJPY] [REAL] Close result: {"error":"Failed to connect to TWS/IB Gateway"}
[2026-02-26T16:55:27.115Z] [USDJPY] CLOSED LONG | TP @ 156.187 | R: -0.32 | Weighted: -0.16
[2026-02-26T16:55:27.115Z] [USDJPY] Bars in trade: 1 | Max favorable: 0.00400 | Max adverse: 0.03800
[2026-02-26T16:55:27.116Z] [USDJPY] [REAL P&L] Gross: $-3400.00 | Commission: $4.00 | Net: $-3404.00
[EXECUTOR STDERR] [ERROR] 201: Order rejected - reason:Your account has a minimum of 15 orders working on either the buy or sell side for this particular contract. <br>An additional order on the same side for this contract will not be allowed until an existing order has been <br>cancelled or has executed. Please call the Trade Desk for further details.
[EXECUTOR] Close failed: Timeout waiting for fill
[2026-02-26T16:55:27.815Z] [EURUSD_GPT5] [REAL] Close result: {"success":false,"orderId":490,"status":"Inactive","error":"Timeout waiting for fill"}
[2026-02-26T16:55:27.815Z] [EURUSD_GPT5] CLOSED SHORT | TP @ 1.179 | R: -0.08 | Weighted: -0.03
[2026-02-26T16:55:27.815Z] [EURUSD_GPT5] Bars in trade: 1 | Max favorable: 0.00013 | Max adverse: 0.00016
[2026-02-26T16:55:27.815Z] [EURUSD_GPT5] [REAL P&L] Gross: $-27.00 | Commission: $4.00 | Net: $-31.00
[2026-02-26T16:55:29.468Z] [USDJPY] Analysis: BAD - The trade was a long position on USDJPY with a take profit set above the entry price. However, the p...
[2026-02-26T16:55:29.471Z] Results saved (121 total trades)
[2026-02-26T16:55:29.474Z] Global trades saved (219 total trades)
[2026-02-26T16:55:30.670Z] [EURUSD_GPT5] Analysis: GOOD - The trade was successful as the price moved downwards to the take profit level of 1.179 shortly afte...
[2026-02-26T16:55:30.674Z] Results saved (122 total trades)
[2026-02-26T16:55:30.677Z] Global trades saved (220 total trades)
[EXECUTOR STDERR] [ERROR] 326: Unable to connect as the client id is already in use. Retry with a unique client id.
[EXECUTOR] Entry failed: Failed to connect to TWS/IB Gateway
[2026-02-26T16:55:37.388Z] [GBPUSD] [REAL] Order FAILED: Failed to connect to TWS/IB Gateway
[2026-02-26T17:00:03.056Z] Session end time reached (18:00) - No new trades will be opened
[2026-02-26T17:00:03.057Z] Open positions: EURUSD
[2026-02-26T17:00:03.057Z] Waiting for trades to finish (TP/SL)...
[2026-02-26T17:00:05.602Z] [USDJPY] New bar: 20260226 16:55:00 | O:156.18700 H:156.21250 L:156.12650 C:156.13200
[2026-02-26T17:00:05.603Z] [GBPUSD] New bar: 20260226 16:55:00 | O:1.34997 H:1.35027 L:1.34969 C:1.35027
[2026-02-26T17:00:05.604Z] [EURUSD] New bar: 20260226 16:55:00 | O:1.17888 H:1.17925 L:1.17876 C:1.17919
[2026-02-26T17:00:05.677Z] [EURUSD_GPT5] New bar: 20260226 16:55:00 | O:1.17888 H:1.17925 L:1.17876 C:1.17919
[2026-02-26T17:05:05.793Z] [EURUSD] New bar: 20260226 17:00:00 | O:1.17919 H:1.17934 L:1.17885 C:1.17891
[2026-02-26T17:05:05.874Z] [EURUSD_GPT5] New bar: 20260226 17:00:00 | O:1.17919 H:1.17934 L:1.17885 C:1.17891
[2026-02-26T17:05:05.875Z] [USDJPY] New bar: 20260226 17:00:00 | O:156.13200 H:156.21850 L:156.12400 C:156.21450
[2026-02-26T17:05:06.173Z] [GBPUSD] New bar: 20260226 17:00:00 | O:1.35027 H:1.35038 L:1.34996 C:1.35004
[2026-02-26T17:10:05.638Z] [GBPUSD] New bar: 20260226 17:05:00 | O:1.35004 H:1.35021 L:1.34965 C:1.34976
[2026-02-26T17:10:05.638Z] [USDJPY] New bar: 20260226 17:05:00 | O:156.21450 H:156.22750 L:156.17350 C:156.20900
[2026-02-26T17:10:05.639Z] [EURUSD] New bar: 20260226 17:05:00 | O:1.17891 H:1.17911 L:1.17883 C:1.17898
[2026-02-26T17:10:05.711Z] [EURUSD_GPT5] New bar: 20260226 17:05:00 | O:1.17891 H:1.17911 L:1.17883 C:1.17898
[2026-02-26T17:15:05.731Z] [GBPUSD] New bar: 20260226 17:10:00 | O:1.34976 H:1.34984 L:1.34933 C:1.34937
[2026-02-26T17:15:05.732Z] [USDJPY] New bar: 20260226 17:10:00 | O:156.20900 H:156.23200 L:156.19750 C:156.22400
[2026-02-26T17:15:05.732Z] [EURUSD] New bar: 20260226 17:10:00 | O:1.17898 H:1.17908 L:1.17871 C:1.17876
[2026-02-26T17:15:05.809Z] [EURUSD_GPT5] New bar: 20260226 17:10:00 | O:1.17898 H:1.17908 L:1.17871 C:1.17876
[2026-02-26T17:20:06.183Z] [GBPUSD] New bar: 20260226 17:15:00 | O:1.34937 H:1.34950 L:1.34820 C:1.34831
[2026-02-26T17:20:06.183Z] [USDJPY] New bar: 20260226 17:15:00 | O:156.22400 H:156.25750 L:156.21000 C:156.25100
[2026-02-26T17:20:06.184Z] [EURUSD] New bar: 20260226 17:15:00 | O:1.17876 H:1.17885 L:1.17819 C:1.17822
[2026-02-26T17:20:06.255Z] [EURUSD_GPT5] New bar: 20260226 17:15:00 | O:1.17876 H:1.17885 L:1.17819 C:1.17822
[2026-02-26T17:20:07.689Z] [EURUSD] [REAL] Closing position...
[EXECUTOR] Closing position for EUR/USD
[EXECUTOR STDERR] [ERROR] 201: Order rejected - reason:Your account has a minimum of 15 orders working on either the buy or sell side for this particular contract. <br>An additional order on the same side for this contract will not be allowed until an existing order has been <br>cancelled or has executed. Please call the Trade Desk for further details.
[EXECUTOR] Close failed: Timeout waiting for fill
[2026-02-26T17:20:19.248Z] [EURUSD] [REAL] Close result: {"success":false,"orderId":491,"status":"Inactive","error":"Timeout waiting for fill"}
[2026-02-26T17:20:19.248Z] [EURUSD] CLOSED SHORT | TP @ 1.17833 | R: 0.16 | Weighted: 0.09
[2026-02-26T17:20:19.249Z] [EURUSD] Bars in trade: 6 | Max favorable: 0.00053 | Max adverse: 0.00062
[2026-02-26T17:20:19.249Z] [EURUSD] [REAL P&L] Gross: $39.00 | Commission: $4.00 | Net: $35.00
[2026-02-26T17:20:22.196Z] [EURUSD] Analysis: GOOD - The trade was successful as the market structure indicated a bearish trend (-1) during the New York ...
[2026-02-26T17:20:22.200Z] Results saved (123 total trades)
[2026-02-26T17:20:22.203Z] Global trades saved (221 total trades)
[2026-02-26T17:20:24.643Z] Session ended and no open positions.
[2026-02-26T17:20:24.647Z] Results saved (123 total trades)
[2026-02-26T17:20:24.647Z] 
========================================
[2026-02-26T17:20:24.648Z]          SESSION COMPLETE
[2026-02-26T17:20:24.648Z] ========================================
[2026-02-26T17:20:24.649Z] Pairs traded: EURUSD, USDJPY, EURUSD_GPT5, GBPUSD
[2026-02-26T17:20:24.649Z] Total trades: 123
[2026-02-26T17:20:24.649Z] Wins: 114 | Losses: 9 | Timeouts: 0
[2026-02-26T17:20:24.650Z] Win Rate: 92.7%
[2026-02-26T17:20:24.650Z] Raw R: -4.11 (avg: -0.033)
[2026-02-26T17:20:24.650Z] Weighted R: -2.72 (avg: -0.022)
[2026-02-26T17:20:24.650Z]   EURUSD: 30 trades, 96.7% WR, -1.84R
[2026-02-26T17:20:24.651Z]   USDJPY: 35 trades, 94.3% WR, -0.64R
[2026-02-26T17:20:24.651Z]   EURUSD_GPT5: 23 trades, 82.6% WR, 0.11R
[2026-02-26T17:20:24.651Z]   GBPUSD: 35 trades, 94.3% WR, -0.35R
[2026-02-26T17:20:24.651Z] ========================================

[2026-02-26T17:20:24.652Z] Waiting for next trading session...

[2026-02-26T17:20:24.653Z] Outside trading hours. Current hour: 18
[2026-02-26T17:20:24.654Z] Disconnected from IBKR
Z] Waiting for next trading session...

[2026-02-26T17:20:24.653Z] Outside trading hours. Current hour: 18
[2026-02-26T17:20:24.654Z] Disconnected from IBKR
[2026-02-26T19:28:51.221Z] 
========================================
[2026-02-26T19:28:51.223Z]    LIVE PAPER TRADER - Multi-Pair Mode
[2026-02-26T19:28:51.225Z] ========================================
[2026-02-26T19:28:51.226Z] Active pairs: EURUSD, USDJPY, EURUSD_GPT5, GBPUSD
[2026-02-26T19:28:51.227Z] Trading hours: 8:00 - 18:00 Europe/Zurich
[2026-02-26T19:28:51.348Z] Current Zurich time: 26/02/2026, 20:28:51
[2026-02-26T19:28:51.370Z] Loaded 221 historical trades from global history
[2026-02-26T19:28:51.384Z] Starting ngrok...
[2026-02-26T19:28:51.434Z] Waiting for ngrok to initialize...
[2026-02-26T19:29:14.893Z] 
========================================
[2026-02-26T19:29:14.895Z]    LIVE PAPER TRADER - Multi-Pair Mode
[2026-02-26T19:29:14.896Z] ========================================
[2026-02-26T19:29:14.897Z] Active pairs: EURUSD, USDJPY, EURUSD_GPT5, GBPUSD
[2026-02-26T19:29:14.897Z] Trading hours: 8:00 - 18:00 Europe/Zurich
[2026-02-26T19:29:14.934Z] Current Zurich time: 26/02/2026, 20:29:14
[2026-02-26T19:29:14.941Z] Loaded 221 historical trades from global history
[2026-02-26T19:29:14.946Z] Starting ngrok...
[2026-02-26T19:29:14.967Z] Waiting for ngrok to initialize...
[2026-02-26T19:29:14.969Z] Dashboard running at http://localhost:3000
[2026-02-26T19:29:17.134Z] ngrok stderr: ERROR:  failed to start tunnel: The endpoint 'https://patternable-unmasterfully-stuart.ngrok-free.dev' is already online. Either
ERROR:  1. stop your existing endpoint first, or
ERROR:  2. start both endpoints with `--pooling-enabled` to load balance between them.
ERROR:  
ERROR:  ERR_NGROK_334
ERROR:  https://ngrok.com/docs/errors/err_ngrok_334
ERROR:
[2026-02-26T19:29:19.973Z] Fetching ngrok tunnel URL from API...
[2026-02-26T19:29:19.985Z] Outside trading hours. Current hour: 20
[2026-02-26T19:29:20.003Z] ========================================
[2026-02-26T19:29:20.003Z] PUBLIC URL: https://patternable-unmasterfully-stuart.ngrok-free.dev
[2026-02-26T19:29:20.004Z] ========================================
[2026-02-26T19:32:28.827Z] 
========================================
[2026-02-26T19:32:28.829Z]    LIVE PAPER TRADER - Multi-Pair Mode
[2026-02-26T19:32:28.830Z] ========================================
[2026-02-26T19:32:28.830Z] Active pairs: EURUSD, USDJPY, EURUSD_GPT5, GBPUSD
[2026-02-26T19:32:28.831Z] Trading hours: 20:00 - 23:00 Europe/Zurich
[2026-02-26T19:32:28.888Z] Current Zurich time: 26/02/2026, 20:32:28
[2026-02-26T19:32:28.895Z] Loaded 221 historical trades from global history
[2026-02-26T19:32:28.902Z] Starting ngrok...
[2026-02-26T19:32:28.928Z] Waiting for ngrok to initialize...
[2026-02-26T19:32:28.930Z] Dashboard running at http://localhost:3000
[2026-02-26T19:32:31.553Z] ngrok stderr: ERROR:  failed to start tunnel: The endpoint 'https://patternable-unmasterfully-stuart.ngrok-free.dev' is already online. Either
[2026-02-26T19:32:31.555Z] ngrok stderr: ERROR:  1. stop your existing endpoint first, or
ERROR:  2. start both endpoints with `--pooling-enabled` to load balance between them.
ERROR:  
ERROR:  ERR_NGROK_334
ERROR:  https://ngrok.com/docs/errors/err_ngrok_334
ERROR:
[2026-02-26T19:32:33.940Z] Fetching ngrok tunnel URL from API...
[2026-02-26T19:32:33.955Z] Connecting to IBKR Gateway...
[2026-02-26T19:32:33.970Z] IBKR Error [502] reqId=-1: connect ECONNREFUSED 127.0.0.1:7497
[2026-02-26T19:32:33.975Z] ========================================
[2026-02-26T19:32:33.976Z] PUBLIC URL: https://patternable-unmasterfully-stuart.ngrok-free.dev
[2026-02-26T19:32:33.977Z] ========================================
[2026-02-26T19:32:33.981Z] Disconnected from IBKR
[2026-02-26T19:32:43.955Z] Error during session: Connection timeout - is IB Gateway running?
[2026-02-26T19:37:43.979Z] Connecting to IBKR Gateway...
[2026-02-26T19:37:43.995Z] IBKR Error [502] reqId=-1: connect ECONNREFUSED 127.0.0.1:7497
[2026-02-26T19:37:43.999Z] Disconnected from IBKR
[2026-02-26T19:37:53.989Z] Error during session: Connection timeout - is IB Gateway running?
[2026-02-26T19:42:13.343Z] 
========================================
[2026-02-26T19:42:13.346Z]    LIVE PAPER TRADER - Multi-Pair Mode
[2026-02-26T19:42:13.347Z] ========================================
[2026-02-26T19:42:13.348Z] Active pairs: EURUSD, USDJPY, EURUSD_GPT5, GBPUSD
[2026-02-26T19:42:13.348Z] Trading hours: 20:00 - 23:00 Europe/Zurich
[2026-02-26T19:42:13.388Z] Current Zurich time: 26/02/2026, 20:42:13
[2026-02-26T19:42:13.394Z] Loaded 221 historical trades from global history
[2026-02-26T19:42:13.400Z] Starting ngrok...
[2026-02-26T19:42:13.421Z] Waiting for ngrok to initialize...
[2026-02-26T19:42:54.002Z] Connecting to IBKR Gateway...
[2026-02-26T19:42:54.004Z] IBKR Error [502] reqId=-1: connect ECONNREFUSED 127.0.0.1:7497
[2026-02-26T19:42:54.004Z] Disconnected from IBKR
[2026-02-26T19:43:04.004Z] Error during session: Connection timeout - is IB Gateway running?
[2026-02-26T19:43:38.871Z] 
========================================
[2026-02-26T19:43:38.873Z]    LIVE PAPER TRADER - Multi-Pair Mode
[2026-02-26T19:43:38.874Z] ========================================
[2026-02-26T19:43:38.874Z] Active pairs: EURUSD, USDJPY, EURUSD_GPT5, GBPUSD
[2026-02-26T19:43:38.875Z] Trading hours: 20:00 - 23:00 Europe/Zurich
[2026-02-26T19:43:38.911Z] Current Zurich time: 26/02/2026, 20:43:38
[2026-02-26T19:43:38.918Z] Loaded 221 historical trades from global history
[2026-02-26T19:43:38.923Z] Starting ngrok...
[2026-02-26T19:43:38.948Z] Waiting for ngrok to initialize...
[2026-02-26T19:43:38.950Z] Dashboard running at http://localhost:3000
[2026-02-26T19:43:40.633Z] ngrok stderr: ERROR:  failed to start tunnel: The endpoint 'https://patternable-unmasterfully-stuart.ngrok-free.dev' is already online. Either
ERROR:  1. stop your existing endpoint first, or
ERROR:  2. start both endpoints with `--pooling-enabled` to load balance between them.
ERROR:  
ERROR:  ERR_NGROK_334
ERROR:  https://ngrok.com/docs/errors/err_ngrok_334
ERROR:
[2026-02-26T19:43:43.958Z] Fetching ngrok tunnel URL from API...
[2026-02-26T19:43:43.966Z] Connecting to OANDA API...
[2026-02-26T19:43:44.071Z] ========================================
[2026-02-26T19:43:44.072Z] PUBLIC URL: https://patternable-unmasterfully-stuart.ngrok-free.dev
[2026-02-26T19:43:44.073Z] ========================================
[2026-02-26T19:43:44.722Z] Connected to OANDA - Account: 101-004-38639036-001
[2026-02-26T19:43:44.723Z] Balance: 100000.00 CHF
[2026-02-26T19:43:44.724Z] [EURUSD] Fetching 800 historical 5m bars from OANDA...
[2026-02-26T19:43:44.855Z] Error during session: [EURUSD] Failed to fetch historical data: OANDA API Error: Invalid value specified for 'instrument'
[2026-02-26T19:45:09.212Z] 
========================================
[2026-02-26T19:45:09.214Z]    LIVE PAPER TRADER - Multi-Pair Mode
[2026-02-26T19:45:09.215Z] ========================================
[2026-02-26T19:45:09.215Z] Active pairs: EURUSD, USDJPY, EURUSD_GPT5, GBPUSD
[2026-02-26T19:45:09.216Z] Trading hours: 20:00 - 23:00 Europe/Zurich
[2026-02-26T19:45:09.256Z] Current Zurich time: 26/02/2026, 20:45:09
[2026-02-26T19:45:09.265Z] Loaded 221 historical trades from global history
[2026-02-26T19:45:09.274Z] Starting ngrok...
[2026-02-26T19:45:09.297Z] Waiting for ngrok to initialize...
[2026-02-26T19:45:09.299Z] Dashboard running at http://localhost:3000
[2026-02-26T19:45:11.215Z] ngrok stderr: ERROR:  failed to start tunnel: The endpoint 'https://patternable-unmasterfully-stuart.ngrok-free.dev' is already online. Either
ERROR:  1. stop your existing endpoint first, or
ERROR:  2. start both endpoints with `--pooling-enabled` to load balance between them.
ERROR:  
ERROR:  ERR_NGROK_334
ERROR:  https://ngrok.com/docs/errors/err_ngrok_334
ERROR:
[2026-02-26T19:45:14.308Z] Fetching ngrok tunnel URL from API...
[2026-02-26T19:45:14.318Z] Connecting to OANDA API...
[2026-02-26T19:45:14.502Z] ========================================
[2026-02-26T19:45:14.503Z] PUBLIC URL: https://patternable-unmasterfully-stuart.ngrok-free.dev
[2026-02-26T19:45:14.504Z] ========================================
[2026-02-26T19:45:15.148Z] Connected to OANDA - Account: 101-004-38639036-001
[2026-02-26T19:45:15.148Z] Balance: 100000.00 CHF
[2026-02-26T19:45:15.149Z] [EURUSD] Fetching 800 historical 5m bars from OANDA...
[2026-02-26T19:45:15.798Z] [EURUSD] Received 799 historical bars
[2026-02-26T19:45:15.799Z] [EURUSD] Loaded 799 historical bars
[2026-02-26T19:45:16.815Z] [USDJPY] Fetching 800 historical 5m bars from OANDA...
[2026-02-26T19:45:16.996Z] [USDJPY] Received 799 historical bars
[2026-02-26T19:45:16.997Z] [USDJPY] Loaded 799 historical bars
[2026-02-26T19:45:18.002Z] [EURUSD_GPT5] Sharing data from EURUSD (799 bars)
[2026-02-26T19:45:18.003Z] [GBPUSD] Fetching 800 historical 5m bars from OANDA...
[2026-02-26T19:45:18.227Z] [GBPUSD] Received 799 historical bars
[2026-02-26T19:45:18.228Z] [GBPUSD] Loaded 799 historical bars
[2026-02-26T19:45:19.235Z] Starting OANDA price stream for: EUR_USD, USD_JPY, GBP_USD
[2026-02-26T19:45:19.241Z] Trading session active. Press Ctrl+C to stop.

[2026-02-26T19:50:00.502Z] [USDJPY] New bar: 20260226 19:45:00 | O:156.23050 H:156.23100 L:156.21550 C:156.21900
[2026-02-26T19:50:01.135Z] [USDJPY] Calling AI agents for trade decision...
[2026-02-26T19:50:01.152Z] [GBPUSD] New bar: 20260226 19:45:00 | O:1.34838 H:1.34864 L:1.34838 C:1.34858
[2026-02-26T19:50:01.765Z] [GBPUSD] Calling AI agents for trade decision...
[2026-02-26T19:50:02.000Z] [EURUSD] New bar: 20260226 19:45:00 | O:1.17944 H:1.17954 L:1.17943 C:1.17948
[2026-02-26T19:50:03.011Z] [EURUSD] Calling AI agents for trade decision...
[2026-02-26T19:50:03.014Z] [EURUSD_GPT5] New bar: 20260226 19:45:00 | O:1.17944 H:1.17954 L:1.17943 C:1.17948
[2026-02-26T19:50:03.791Z] [EURUSD_GPT5] Calling AI agents for trade decision...
[2026-02-26T19:50:20.018Z] [USDJPY] SIGNAL: LONG | Entry: 156.17 | SL: 156.126 | TP: 156.433 | Risk: 0.4600000000000001
[2026-02-26T19:50:20.018Z] [USDJPY] Reasoning: Dir: No clear trade; wait for breakout above resistance | Conf: This probability reflects the lack of a clear tren...
[2026-02-26T19:50:20.019Z] [USDJPY] [REAL] Placing LIMIT LONG @ 156.17 for 100000 units...
[2026-02-26T19:50:20.187Z] [USDJPY] [REAL] LIMIT order placed - waiting for fill at 156.17
[2026-02-26T19:50:20.188Z] [USDJPY] PENDING LONG @ 156.17 | SL: 156.126 | TP: 156.433 | Size: 100000
[2026-02-26T19:50:22.510Z] [GBPUSD] SIGNAL: SHORT | Entry: 1.3488 | SL: 1.35592 | TP: 1.346 | Risk: 0.3
[2026-02-26T19:50:22.511Z] [GBPUSD] Reasoning: Dir: Consider shorting near the resistance level at 1.3 | Conf: The trade setup has a mixed signal due to the pres...
[2026-02-26T19:50:22.512Z] [GBPUSD] [REAL] Placing LIMIT SHORT @ 1.3488 for 100000 units...
[2026-02-26T19:50:22.641Z] [GBPUSD] [REAL] LIMIT order placed - waiting for fill at 1.3488
[2026-02-26T19:50:22.641Z] [GBPUSD] PENDING SHORT @ 1.3488 | SL: 1.35592 | TP: 1.346 | Size: 100000
[2026-02-26T19:50:24.030Z] [EURUSD] SIGNAL: SHORT | Entry: 1.17968 | SL: 1.18188 | TP: 1.17821 | Risk: 0.55
[2026-02-26T19:50:24.031Z] [EURUSD] Reasoning: Dir: Consider shorting near the resistance level at 1.1 | Conf: The setup has a mixed signal due to the recent bul...
[2026-02-26T19:50:24.032Z] [EURUSD] [REAL] Placing LIMIT SHORT @ 1.17968 for 100000 units...
[2026-02-26T19:50:24.166Z] [EURUSD] [REAL] LIMIT order placed - waiting for fill at 1.17968
[2026-02-26T19:50:24.166Z] [EURUSD] PENDING SHORT @ 1.17968 | SL: 1.18188 | TP: 1.17821 | Size: 100000
[2026-02-26T19:50:25.374Z] [EURUSD_GPT5] SIGNAL: LONG | Entry: 1.1792 | SL: 1.17875 | TP: 1.17988 | Risk: 0.46
[2026-02-26T19:50:25.375Z] [EURUSD_GPT5] Reasoning: Dir: Wait for clarity. If price holds above 1.17921 and | Conf: This does not read as a clear long environment. St...
[2026-02-26T19:50:25.376Z] [EURUSD_GPT5] [REAL] Placing LIMIT LONG @ 1.1792 for 100000 units...
[2026-02-26T19:50:25.511Z] [EURUSD_GPT5] [REAL] LIMIT order placed - waiting for fill at 1.1792
[2026-02-26T19:50:25.512Z] [EURUSD_GPT5] PENDING LONG @ 1.1792 | SL: 1.17875 | TP: 1.17988 | Size: 100000
[2026-02-26T19:55:00.028Z] [USDJPY] New bar: 20260226 19:50:00 | O:156.21900 H:156.21900 L:156.16200 C:156.17950
[2026-02-26T19:55:00.029Z] [USDJPY] [REAL] LIMIT order FILLED at 156.17 (price touched level)
[2026-02-26T19:55:00.030Z] [USDJPY] ENTERED LONG @ 156.17 | SL: 156.126 | TP: 156.433 | Size: 100000
[2026-02-26T19:55:00.173Z] [USDJPY] [REAL] Position closed by bracket order - TP
[2026-02-26T19:55:00.175Z] [USDJPY] [REAL] Closing position...
[2026-02-26T19:55:00.280Z] [EURUSD] New bar: 20260226 19:50:00 | O:1.17948 H:1.17974 L:1.17947 C:1.17964
[2026-02-26T19:55:00.280Z] [EURUSD] [REAL] LIMIT order FILLED at 1.17968 (price touched level)
[2026-02-26T19:55:00.281Z] [EURUSD] ENTERED SHORT @ 1.17968 | SL: 1.18188 | TP: 1.17821 | Size: 100000
[2026-02-26T19:55:00.282Z] [EURUSD_GPT5] New bar: 20260226 19:50:00 | O:1.17948 H:1.17974 L:1.17947 C:1.17964
[2026-02-26T19:55:00.282Z] [EURUSD_GPT5] [PENDING] Waiting for fill at 1.1792 (1/12 bars)
[2026-02-26T19:55:00.297Z] [GBPUSD] New bar: 20260226 19:50:00 | O:1.34858 H:1.34879 L:1.34855 C:1.34863
[2026-02-26T19:55:00.297Z] [GBPUSD] [PENDING] Waiting for fill at 1.3488 (1/12 bars)
[2026-02-26T19:55:00.345Z] [USDJPY] [REAL] Position already closed (likely by TP/SL order)
[2026-02-26T19:55:00.346Z] [USDJPY] CLOSED LONG | TP @ 156.1795 | R: 0.22 | Weighted: 0.10
[2026-02-26T19:55:00.347Z] [USDJPY] Bars in trade: 1 | Max favorable: 0.04900 | Max adverse: 0.00800
[2026-02-26T19:55:00.347Z] [USDJPY] [REAL P&L] Gross: $950.00 | Commission: $4.00 | Net: $946.00
[2026-02-26T19:55:02.346Z] [USDJPY] Analysis: GOOD - The trade was successful as the price moved slightly above the entry point, reaching the take profit...
[2026-02-26T19:55:02.349Z] Results saved (1 total trades)
[2026-02-26T19:55:02.357Z] Global trades saved (222 total trades)
[2026-02-26T20:00:00.404Z] [EURUSD] New bar: 20260226 19:55:00 | O:1.17965 H:1.17979 L:1.17965 C:1.17968
[2026-02-26T20:00:00.408Z] [EURUSD_GPT5] New bar: 20260226 19:55:00 | O:1.17965 H:1.17979 L:1.17965 C:1.17968
[2026-02-26T20:00:00.409Z] [EURUSD_GPT5] [PENDING] Waiting for fill at 1.1792 (2/12 bars)
[2026-02-26T20:00:00.410Z] [USDJPY] New bar: 20260226 19:55:00 | O:156.17800 H:156.17900 L:156.11400 C:156.13250
[2026-02-26T20:00:00.821Z] [USDJPY] Calling AI agents for trade decision...
[2026-02-26T20:00:00.826Z] [GBPUSD] New bar: 20260226 19:55:00 | O:1.34865 H:1.34898 L:1.34865 C:1.34874
[2026-02-26T20:00:00.826Z] [GBPUSD] [REAL] LIMIT order FILLED at 1.3488 (price touched level)
[2026-02-26T20:00:00.827Z] [GBPUSD] ENTERED SHORT @ 1.3488 | SL: 1.35592 | TP: 1.346 | Size: 100000
[2026-02-26T20:00:16.735Z] [USDJPY] SIGNAL: LONG | Entry: 156.12 | SL: 156.08 | TP: 156.433 | Risk: 0.4600000000000001
[2026-02-26T20:00:16.736Z] [USDJPY] Reasoning: Dir: No clear trade; wait for breakout above resistance | Conf: This probability reflects the lack of a clear tren...
[2026-02-26T20:00:16.736Z] [USDJPY] [REAL] Placing LIMIT LONG @ 156.12 for 100000 units...
[2026-02-26T20:00:16.889Z] [USDJPY] [REAL] LIMIT order placed - waiting for fill at 156.12
[2026-02-26T20:00:16.890Z] [USDJPY] PENDING LONG @ 156.12 | SL: 156.08 | TP: 156.433 | Size: 100000
[2026-02-26T20:05:00.405Z] [EURUSD] New bar: 20260226 20:00:00 | O:1.17968 H:1.17979 L:1.17958 C:1.17967
[2026-02-26T20:05:00.407Z] [EURUSD_GPT5] New bar: 20260226 20:00:00 | O:1.17968 H:1.17979 L:1.17958 C:1.17967
[2026-02-26T20:05:00.408Z] [EURUSD_GPT5] [PENDING] Waiting for fill at 1.1792 (3/12 bars)
[2026-02-26T20:05:00.408Z] [USDJPY] New bar: 20260226 20:00:00 | O:156.13100 H:156.14850 L:156.10650 C:156.13650
[2026-02-26T20:05:00.409Z] [USDJPY] [REAL] LIMIT order FILLED at 156.12 (price touched level)
[2026-02-26T20:05:00.409Z] [USDJPY] ENTERED LONG @ 156.12 | SL: 156.08 | TP: 156.433 | Size: 100000
[2026-02-26T20:05:00.412Z] [GBPUSD] New bar: 20260226 20:00:00 | O:1.34874 H:1.34889 L:1.34862 C:1.34878
[2026-02-26T20:10:01.848Z] [USDJPY] New bar: 20260226 20:05:00 | O:156.13500 H:156.13500 L:156.09250 C:156.10850
[2026-02-26T20:10:02.864Z] [EURUSD] New bar: 20260226 20:05:00 | O:1.17969 H:1.17990 L:1.17969 C:1.17980
[2026-02-26T20:10:02.865Z] [EURUSD_GPT5] New bar: 20260226 20:05:00 | O:1.17969 H:1.17990 L:1.17969 C:1.17980
[2026-02-26T20:10:02.865Z] [EURUSD_GPT5] [PENDING] Waiting for fill at 1.1792 (4/12 bars)
[2026-02-26T20:10:02.865Z] [GBPUSD] New bar: 20260226 20:05:00 | O:1.34879 H:1.34899 L:1.34869 C:1.34879
[2026-02-26T20:15:00.408Z] [USDJPY] New bar: 20260226 20:10:00 | O:156.10800 H:156.12400 L:156.08750 C:156.11800
[2026-02-26T20:15:00.411Z] [GBPUSD] New bar: 20260226 20:10:00 | O:1.34878 H:1.34898 L:1.34863 C:1.34865
[2026-02-26T20:15:01.404Z] [EURUSD] New bar: 20260226 20:10:00 | O:1.17979 H:1.17993 L:1.17973 C:1.17975
[2026-02-26T20:15:01.405Z] [EURUSD_GPT5] New bar: 20260226 20:10:00 | O:1.17979 H:1.17993 L:1.17973 C:1.17975
[2026-02-26T20:15:01.406Z] [EURUSD_GPT5] [PENDING] Waiting for fill at 1.1792 (5/12 bars)
[2026-02-26T20:15:01.622Z] [USDJPY] [REAL] Position closed by bracket order - TP
[2026-02-26T20:15:01.623Z] [USDJPY] [REAL] Closing position...
[2026-02-26T20:15:01.762Z] [USDJPY] [REAL] Position already closed (likely by TP/SL order)
[2026-02-26T20:15:01.762Z] [USDJPY] CLOSED LONG | TP @ 156.118 | R: -0.05 | Weighted: -0.02
[2026-02-26T20:15:01.763Z] [USDJPY] Bars in trade: 3 | Max favorable: 0.02850 | Max adverse: 0.03250
[2026-02-26T20:15:01.763Z] [USDJPY] [REAL P&L] Gross: $-200.00 | Commission: $4.00 | Net: $-204.00
[2026-02-26T20:15:03.946Z] [USDJPY] Analysis: BAD - The trade was set to take profit at 156.433, but the exit price was only 156.118, which indicates th...
[2026-02-26T20:15:03.949Z] Results saved (2 total trades)
[2026-02-26T20:15:03.958Z] Global trades saved (223 total trades)
[2026-02-26T20:16:23.693Z] 
========================================
[2026-02-26T20:16:23.695Z]    LIVE PAPER TRADER - Multi-Pair Mode
[2026-02-26T20:16:23.696Z] ========================================
[2026-02-26T20:16:23.696Z] Active pairs: EURUSD, USDJPY, EURUSD_GPT5, GBPUSD
[2026-02-26T20:16:23.696Z] Trading hours: 20:00 - 23:00 Europe/Zurich
[2026-02-26T20:16:23.725Z] Current Zurich time: 26/02/2026, 21:16:23
[2026-02-26T20:16:23.730Z] Loaded 223 historical trades from global history
[2026-02-26T20:16:23.734Z] Starting ngrok...
[2026-02-26T20:16:23.751Z] Waiting for ngrok to initialize...
[2026-02-26T20:16:23.753Z] Dashboard running at http://localhost:3000
[2026-02-26T20:16:25.131Z] ngrok stderr: ERROR:  failed to start tunnel: The endpoint 'https://patternable-unmasterfully-stuart.ngrok-free.dev' is already online. Either
ERROR:  1. stop your existing endpoint first, or
ERROR:  2. start both endpoints with `--pooling-enabled` to load balance between them.
ERROR:  
ERROR:  ERR_NGROK_334
ERROR:  https://ngrok.com/docs/errors/err_ngrok_334
ERROR:
[2026-02-26T20:16:28.737Z] 
========================================
[2026-02-26T20:16:28.739Z]    LIVE PAPER TRADER - Multi-Pair Mode
[2026-02-26T20:16:28.740Z] ========================================
[2026-02-26T20:16:28.741Z] Active pairs: EURUSD, USDJPY, EURUSD_GPT5, GBPUSD
[2026-02-26T20:16:28.741Z] Trading hours: 20:00 - 23:00 Europe/Zurich
[2026-02-26T20:16:28.766Z] Fetching ngrok tunnel URL from API...
[2026-02-26T20:16:28.777Z] Connecting to OANDA API...
[2026-02-26T20:16:28.806Z] Current Zurich time: 26/02/2026, 21:16:28
[2026-02-26T20:16:28.816Z] Loaded 223 historical trades from global history
[2026-02-26T20:16:28.823Z] Starting ngrok...
[2026-02-26T20:16:28.852Z] Waiting for ngrok to initialize...
[2026-02-26T20:16:28.938Z] ========================================
[2026-02-26T20:16:28.939Z] PUBLIC URL: https://patternable-unmasterfully-stuart.ngrok-free.dev
[2026-02-26T20:16:28.940Z] ========================================
[2026-02-26T20:16:29.645Z] Connected to OANDA - Account: 101-004-38639036-001
[2026-02-26T20:16:29.646Z] Balance: 99960.64 CHF
[2026-02-26T20:16:29.647Z] [EURUSD] Fetching 800 historical 5m bars from OANDA...
[2026-02-26T20:16:29.843Z] [EURUSD] Received 799 historical bars
[2026-02-26T20:16:29.844Z] [EURUSD] Loaded 799 historical bars
[2026-02-26T20:16:30.851Z] [USDJPY] Fetching 800 historical 5m bars from OANDA...
[2026-02-26T20:16:31.009Z] [USDJPY] Received 799 historical bars
[2026-02-26T20:16:31.009Z] [USDJPY] Loaded 799 historical bars
[2026-02-26T20:16:32.021Z] [EURUSD_GPT5] Sharing data from EURUSD (799 bars)
[2026-02-26T20:16:32.022Z] [GBPUSD] Fetching 800 historical 5m bars from OANDA...
[2026-02-26T20:16:32.241Z] [GBPUSD] Received 799 historical bars
[2026-02-26T20:16:32.241Z] [GBPUSD] Loaded 799 historical bars
[2026-02-26T20:16:33.252Z] Starting OANDA price stream for: EUR_USD, USD_JPY, GBP_USD
[2026-02-26T20:16:33.257Z] Trading session active. Press Ctrl+C to stop.

[2026-02-26T20:19:10.433Z] 
========================================
[2026-02-26T20:19:10.435Z]    LIVE PAPER TRADER - Multi-Pair Mode
[2026-02-26T20:19:10.436Z] ========================================
[2026-02-26T20:19:10.437Z] Active pairs: EURUSD, USDJPY, EURUSD_GPT5, GBPUSD
[2026-02-26T20:19:10.437Z] Trading hours: 20:00 - 23:00 Europe/Zurich
[2026-02-26T20:19:10.475Z] Current Zurich time: 26/02/2026, 21:19:10
[2026-02-26T20:19:10.481Z] Loaded 223 historical trades from global history
[2026-02-26T20:19:10.486Z] Starting ngrok...
[2026-02-26T20:19:10.509Z] Waiting for ngrok to initialize...
[2026-02-26T20:19:10.510Z] Dashboard running at http://localhost:3000
[2026-02-26T20:19:12.074Z] ngrok stderr: ERROR:  failed to start tunnel: The endpoint 'https://patternable-unmasterfully-stuart.ngrok-free.dev' is already online. Either
ERROR:  1. stop your existing endpoint first, or
ERROR:  2. start both endpoints with `--pooling-enabled` to load balance between them.
ERROR:  
ERROR:  ERR_NGROK_334
ERROR:  https://ngrok.com/docs/errors/err_ngrok_334
ERROR:
[2026-02-26T20:19:15.515Z] Fetching ngrok tunnel URL from API...
[2026-02-26T20:19:15.525Z] Connecting to OANDA API...
[2026-02-26T20:19:15.623Z] ========================================
[2026-02-26T20:19:15.623Z] PUBLIC URL: https://patternable-unmasterfully-stuart.ngrok-free.dev
[2026-02-26T20:19:15.624Z] ========================================
[2026-02-26T20:19:15.811Z] Connected to OANDA - Account: 101-004-38639036-001
[2026-02-26T20:19:15.812Z] Balance: 99960.64 CHF
[2026-02-26T20:19:15.813Z] [EURUSD] Fetching 800 historical 5m bars from OANDA...
[2026-02-26T20:19:16.009Z] [EURUSD] Received 799 historical bars
[2026-02-26T20:19:16.010Z] [EURUSD] Loaded 799 historical bars
[2026-02-26T20:19:17.023Z] [USDJPY] Fetching 800 historical 5m bars from OANDA...
[2026-02-26T20:19:17.196Z] [USDJPY] Received 799 historical bars
[2026-02-26T20:19:17.197Z] [USDJPY] Loaded 799 historical bars
[2026-02-26T20:19:18.212Z] [EURUSD_GPT5] Sharing data from EURUSD (799 bars)
[2026-02-26T20:19:18.213Z] [GBPUSD] Fetching 800 historical 5m bars from OANDA...
[2026-02-26T20:19:18.549Z] [GBPUSD] Received 799 historical bars
[2026-02-26T20:19:18.550Z] [GBPUSD] Loaded 799 historical bars
[2026-02-26T20:19:19.563Z] Starting OANDA price stream for: EUR_USD, USD_JPY, GBP_USD
[2026-02-26T20:19:19.569Z] Trading session active. Press Ctrl+C to stop.

[2026-02-26T20:20:00.193Z] [EURUSD] New bar: 20260226 20:15:00 | O:1.17968 H:1.17971 L:1.17968 C:1.17970
[2026-02-26T20:20:00.427Z] [EURUSD] Calling AI agents for trade decision...
[2026-02-26T20:20:00.433Z] [EURUSD_GPT5] New bar: 20260226 20:15:00 | O:1.17968 H:1.17971 L:1.17968 C:1.17970
[2026-02-26T20:20:00.643Z] [EURUSD_GPT5] Calling AI agents for trade decision...
[2026-02-26T20:20:00.669Z] [GBPUSD] New bar: 20260226 20:15:00 | O:1.34865 H:1.34871 L:1.34865 C:1.34865
[2026-02-26T20:20:00.968Z] [GBPUSD] Calling AI agents for trade decision...
[2026-02-26T20:20:00.973Z] [USDJPY] New bar: 20260226 20:15:00 | O:156.13550 H:156.13700 L:156.13000 C:156.13150
[2026-02-26T20:20:01.246Z] [USDJPY] Calling AI agents for trade decision...
[2026-02-26T20:20:14.035Z] [USDJPY] SIGNAL: LONG | Entry: 156.131 | SL: 156.09286 | TP: 156.433 | Risk: 0.505
[2026-02-26T20:20:14.036Z] [USDJPY] Reasoning: Dir: No clear trade; wait for breakout above resistance | Conf: This probability reflects the mixed signals presen...
[2026-02-26T20:20:14.036Z] [USDJPY] [REAL] Placing LIMIT LONG @ 156.131 for 100000 units...
[2026-02-26T20:20:14.200Z] [USDJPY] [REAL] LIMIT order immediately FILLED at 156.129 - Trade ID: 28
[2026-02-26T20:20:14.201Z] [USDJPY] ENTERED LONG @ 156.129 | SL: 156.09286 | TP: 156.433 | Size: 100000
[2026-02-26T20:20:19.200Z] [GBPUSD] SIGNAL: SHORT | Entry: 1.349 | SL: 1.3558 | TP: 1.347 | Risk: 0.3
[2026-02-26T20:20:19.201Z] [GBPUSD] Reasoning: Dir: Consider shorting near the resistance level at 1.3 | Conf: The proposed trade is a short position in a downtr...
[2026-02-26T20:20:19.201Z] [GBPUSD] [REAL] Placing LIMIT SHORT @ 1.349 for 100000 units...
[2026-02-26T20:20:19.380Z] [GBPUSD] [REAL] LIMIT order placed - waiting for fill at 1.349
[2026-02-26T20:20:19.380Z] [GBPUSD] PENDING SHORT @ 1.349 | SL: 1.3558 | TP: 1.347 | Size: 100000
[2026-02-26T20:20:21.811Z] [EURUSD_GPT5] AI says WAIT: Confidence agent recommends SKIP: This market is not telling a clean long story. Structure and momen...
[2026-02-26T20:20:22.742Z] [EURUSD] SIGNAL: SHORT | Entry: 1.18 | SL: 1.1818 | TP: 1.1785 | Risk: 0.55
[2026-02-26T20:20:22.742Z] [EURUSD] Reasoning: Dir: Consider shorting near the current price of 1.1797 | Conf: The setup has a mixed quality due to several facto...
[2026-02-26T20:20:22.743Z] [EURUSD] [REAL] Placing LIMIT SHORT @ 1.18 for 100000 units...
[2026-02-26T20:20:22.879Z] [EURUSD] [REAL] LIMIT order placed - waiting for fill at 1.18
[2026-02-26T20:20:22.880Z] [EURUSD] PENDING SHORT @ 1.18 | SL: 1.1818 | TP: 1.1785 | Size: 100000
[2026-02-26T20:25:00.441Z] [EURUSD] New bar: 20260226 20:20:00 | O:1.17972 H:1.17997 L:1.17971 C:1.17995
[2026-02-26T20:25:00.444Z] [EURUSD_GPT5] New bar: 20260226 20:20:00 | O:1.17972 H:1.17997 L:1.17971 C:1.17995
[2026-02-26T20:25:00.655Z] [EURUSD_GPT5] Calling AI agents for trade decision...
[2026-02-26T20:25:00.656Z] [USDJPY] New bar: 20260226 20:20:00 | O:156.13200 H:156.13350 L:156.09350 C:156.09900
[2026-02-26T20:25:00.820Z] [EURUSD] [REAL] LIMIT order FILLED - Trade ID: 10 @ 1.17968
[2026-02-26T20:25:00.820Z] [EURUSD] ENTERED SHORT @ 1.17968 | SL: 1.1818 | TP: 1.1785 | Size: 100000
[2026-02-26T20:25:00.939Z] [GBPUSD] New bar: 20260226 20:20:00 | O:1.34867 H:1.34889 L:1.34867 C:1.34884
[2026-02-26T20:25:01.093Z] [USDJPY] [REAL] Trade closed by OANDA - Reason: SL | Exit: 156.093 | P&L: -17.94
[2026-02-26T20:25:01.096Z] [GBPUSD] [REAL] LIMIT order FILLED - Trade ID: 18 @ 1.3488
[2026-02-26T20:25:01.097Z] [GBPUSD] ENTERED SHORT @ 1.3488 | SL: 1.3558 | TP: 1.347 | Size: 100000
[2026-02-26T20:25:01.227Z] [USDJPY] [REAL] Position already closed (by TP/SL order)
[2026-02-26T20:25:01.228Z] [USDJPY] [REAL P&L from OANDA] -17.94 (account currency)
[2026-02-26T20:25:01.229Z] [USDJPY] CLOSED LONG | SL @ 156.093 | R: -1.00 | Weighted: -0.50
[2026-02-26T20:25:01.229Z] [USDJPY] Bars in trade: 1 | Max favorable: 0.00450 | Max adverse: 0.03550
[2026-02-26T20:25:03.303Z] [USDJPY] Analysis: BAD - The trade was stopped out due to the price moving against the long position, hitting the stop loss j...
[2026-02-26T20:25:03.306Z] Results saved (1 total trades)
[2026-02-26T20:25:03.312Z] Global trades saved (224 total trades)
[2026-02-26T20:25:23.881Z] [EURUSD_GPT5] SIGNAL: LONG | Entry: 1.17925 | SL: 1.17875 | TP: 1.17992 | Risk: 0.35
[2026-02-26T20:25:23.882Z] [EURUSD_GPT5] Reasoning: Dir: Wait for clarity. If price reclaims and holds abov | Conf: This does not read like a clean long environment. ...
[2026-02-26T20:25:23.882Z] [EURUSD_GPT5] [REAL] Placing LIMIT LONG @ 1.17925 for 100000 units...
[2026-02-26T20:25:24.468Z] [EURUSD_GPT5] [REAL] LIMIT order placed - waiting for fill at 1.17925
[2026-02-26T20:25:24.469Z] [EURUSD_GPT5] PENDING LONG @ 1.17925 | SL: 1.17875 | TP: 1.17992 | Size: 100000
[2026-02-26T20:30:00.620Z] [GBPUSD] New bar: 20260226 20:25:00 | O:1.34884 H:1.34886 L:1.34874 C:1.34885
[2026-02-26T20:30:00.869Z] [USDJPY] New bar: 20260226 20:25:00 | O:156.09900 H:156.10350 L:156.09450 C:156.09700
[2026-02-26T20:30:01.064Z] [USDJPY] Calling AI agents for trade decision...
[2026-02-26T20:30:01.378Z] [EURUSD] New bar: 20260226 20:25:00 | O:1.17995 H:1.17999 L:1.17991 C:1.17994
[2026-02-26T20:30:01.379Z] [EURUSD_GPT5] New bar: 20260226 20:25:00 | O:1.17995 H:1.17999 L:1.17991 C:1.17994
[2026-02-26T20:30:01.558Z] [EURUSD_GPT5] [REAL] LIMIT order FILLED - Trade ID: 10 @ 1.17968
[2026-02-26T20:30:01.558Z] [EURUSD_GPT5] ENTERED LONG @ 1.17968 | SL: 1.17875 | TP: 1.17992 | Size: 100000
[2026-02-26T20:30:01.833Z] [EURUSD_GPT5] [REAL] Closing position...
[2026-02-26T20:30:02.113Z] [EURUSD_GPT5] [REAL] Position closed at 1.18002
[2026-02-26T20:30:02.113Z] [EURUSD_GPT5] [REAL P&L from OANDA] -26.45 (account currency)
[2026-02-26T20:30:02.114Z] [EURUSD_GPT5] CLOSED LONG | TP @ 1.18002 | R: 0.37 | Weighted: 0.13
[2026-02-26T20:30:02.114Z] [EURUSD_GPT5] Bars in trade: 1 | Max favorable: 0.00030 | Max adverse: 0.00000
[2026-02-26T20:30:03.994Z] [EURUSD_GPT5] Analysis: GOOD - The trade was successful as the price moved favorably from the entry point of 1.17968 to the exit pr...
[2026-02-26T20:30:03.995Z] Results saved (2 total trades)
[2026-02-26T20:30:04.001Z] Global trades saved (225 total trades)
[2026-02-26T20:30:16.314Z] [USDJPY] SIGNAL: LONG | Entry: 156.097 | SL: 155.79379 | TP: 156.433 | Risk: 0.505
[2026-02-26T20:30:16.315Z] [USDJPY] Reasoning: Dir: No clear trade; wait for breakout above resistance | Conf: This probability reflects the lack of a clear tren...
[2026-02-26T20:30:16.315Z] [USDJPY] [REAL] Placing LIMIT LONG @ 156.097 for 100000 units...
[2026-02-26T20:30:16.923Z] [USDJPY] [REAL] LIMIT order placed - waiting for fill at 156.097
[2026-02-26T20:30:16.924Z] [USDJPY] PENDING LONG @ 156.097 | SL: 155.79379 | TP: 156.433 | Size: 100000
[2026-02-26T20:35:02.120Z] [GBPUSD] New bar: 20260226 20:30:00 | O:1.34885 H:1.34905 L:1.34885 C:1.34895
[2026-02-26T20:35:02.371Z] [EURUSD] New bar: 20260226 20:30:00 | O:1.17997 H:1.17999 L:1.17988 C:1.17993
[2026-02-26T20:35:02.373Z] [EURUSD_GPT5] New bar: 20260226 20:30:00 | O:1.17997 H:1.17999 L:1.17988 C:1.17993
[2026-02-26T20:35:02.688Z] [EURUSD_GPT5] Calling AI agents for trade decision...
[2026-02-26T20:35:02.690Z] [USDJPY] New bar: 20260226 20:30:00 | O:156.09600 H:156.11600 L:156.09050 C:156.11300
[2026-02-26T20:35:02.846Z] [USDJPY] [REAL] LIMIT order FILLED at 156.097 (price touched level)
[2026-02-26T20:35:02.847Z] [USDJPY] ENTERED LONG @ 156.097 | SL: 155.79379 | TP: 156.433 | Size: 100000
[2026-02-26T20:35:03.126Z] [USDJPY] [REAL] Position closed (no trade ID to query details)
[2026-02-26T20:35:03.262Z] [USDJPY] [REAL] Position already closed (by TP/SL order)
[2026-02-26T20:35:03.262Z] [USDJPY] CLOSED LONG | CLOSED @ 156.113 | R: 0.05 | Weighted: 0.03
[2026-02-26T20:35:03.262Z] [USDJPY] Bars in trade: 1 | Max favorable: 0.01900 | Max adverse: 0.00650
[2026-02-26T20:35:03.263Z] [USDJPY] [ESTIMATED P&L] Gross: $1600.00 | Commission: $4.00 | Net: $1596.00
[2026-02-26T20:35:03.625Z] [EURUSD] [REAL] Trade closed by OANDA - Reason: MARKET_ORDER_POSITION_CLOSEOUT | Exit: 1.18002 | P&L: -26.45
[2026-02-26T20:35:03.772Z] [EURUSD] [REAL] Position already closed (by TP/SL order)
[2026-02-26T20:35:03.773Z] [EURUSD] [REAL P&L from OANDA] -26.45 (account currency)
[2026-02-26T20:35:03.773Z] [EURUSD] CLOSED SHORT | MARKET_ORDER_POSITION_CLOSEOUT @ 1.18002 | R: -0.16 | Weighted: -0.09
[2026-02-26T20:35:03.774Z] [EURUSD] Bars in trade: 3 | Max favorable: 0.00000 | Max adverse: 0.00031
[2026-02-26T20:35:04.997Z] [USDJPY] Analysis: NEUTRAL - The trade was closed with a small profit due to a slight upward movement in the USDJPY pair after en...
[2026-02-26T20:35:04.999Z] Results saved (3 total trades)
[2026-02-26T20:35:05.009Z] Global trades saved (226 total trades)
[2026-02-26T20:35:06.344Z] [EURUSD] Analysis: BAD - The trade lost because the price moved against the short position, hitting the stop loss before reac...
[2026-02-26T20:35:06.346Z] Results saved (4 total trades)
[2026-02-26T20:35:06.353Z] Global trades saved (227 total trades)
[2026-02-26T20:35:25.502Z] [EURUSD_GPT5] SIGNAL: LONG | Entry: 1.17922 | SL: 1.17874 | TP: 1.17995 | Risk: 0.35
[2026-02-26T20:35:25.502Z] [EURUSD_GPT5] Reasoning: Dir: Wait for clarity. If price holds above 1.17921 and | Conf: This does not read like a clean long. The market’s...
[2026-02-26T20:35:25.502Z] [EURUSD_GPT5] [REAL] Placing LIMIT LONG @ 1.17922 for 100000 units...
[2026-02-26T20:35:25.652Z] [EURUSD_GPT5] [REAL] LIMIT order placed - waiting for fill at 1.17922
[2026-02-26T20:35:25.652Z] [EURUSD_GPT5] PENDING LONG @ 1.17922 | SL: 1.17874 | TP: 1.17995 | Size: 100000
[2026-02-26T20:40:00.690Z] [EURUSD] New bar: 20260226 20:35:00 | O:1.17996 H:1.18009 L:1.17990 C:1.18006
[2026-02-26T20:40:00.891Z] [EURUSD] Calling AI agents for trade decision...
[2026-02-26T20:40:00.892Z] [EURUSD_GPT5] New bar: 20260226 20:35:00 | O:1.17996 H:1.18009 L:1.17990 C:1.18006
[2026-02-26T20:40:01.045Z] [EURUSD_GPT5] [REAL] LIMIT order FILLED - Trade ID: 45 @ 1.18001
[2026-02-26T20:40:01.046Z] [EURUSD_GPT5] ENTERED LONG @ 1.18001 | SL: 1.17874 | TP: 1.17995 | Size: 100000
[2026-02-26T20:40:01.302Z] [EURUSD_GPT5] [REAL] Closing position...
[2026-02-26T20:40:01.568Z] [EURUSD_GPT5] [REAL] Position closed at 1.18011
[2026-02-26T20:40:01.568Z] [EURUSD_GPT5] [REAL P&L from OANDA] -7.78 (account currency)
[2026-02-26T20:40:01.569Z] [EURUSD_GPT5] CLOSED LONG | TP @ 1.18011 | R: 0.08 | Weighted: 0.03
[2026-02-26T20:40:01.569Z] [EURUSD_GPT5] Bars in trade: 1 | Max favorable: 0.00008 | Max adverse: 0.00011
[2026-02-26T20:40:03.386Z] [EURUSD_GPT5] Analysis: GOOD - The trade won because the price moved slightly above the entry point of 1.18001, reaching the take p...
[2026-02-26T20:40:03.387Z] Results saved (5 total trades)
[2026-02-26T20:40:03.396Z] Global trades saved (228 total trades)
[2026-02-26T20:40:03.448Z] [USDJPY] New bar: 20260226 20:35:00 | O:156.11200 H:156.11800 L:156.09900 C:156.10200
[2026-02-26T20:40:03.872Z] [USDJPY] Calling AI agents for trade decision...
[2026-02-26T20:40:07.714Z] [GBPUSD] New bar: 20260226 20:35:00 | O:1.34899 H:1.34905 L:1.34887 C:1.34898
[2026-02-26T20:40:18.852Z] [EURUSD] SIGNAL: SHORT | Entry: 1.181 | SL: 1.182 | TP: 1.1785 | Risk: 0.55
[2026-02-26T20:40:18.853Z] [EURUSD] Reasoning: Dir: Consider shorting near the resistance level at 1.1 | Conf: The proposed short trade has some favorable aspect...
[2026-02-26T20:40:18.853Z] [EURUSD] [REAL] Placing LIMIT SHORT @ 1.181 for 100000 units...
[2026-02-26T20:40:19.026Z] [EURUSD] [REAL] LIMIT order placed - waiting for fill at 1.181
[2026-02-26T20:40:19.027Z] [EURUSD] PENDING SHORT @ 1.181 | SL: 1.182 | TP: 1.1785 | Size: 100000
[2026-02-26T20:40:19.644Z] [USDJPY] SIGNAL: LONG | Entry: 156.102 | SL: 156.06789 | TP: 156.191 | Risk: 0.505
[2026-02-26T20:40:19.645Z] [USDJPY] Reasoning: Dir: No clear trade. Wait for breakout above resistance | Conf: This probability reflects the lack of a clear tren...
[2026-02-26T20:40:19.645Z] [USDJPY] [REAL] Placing LIMIT LONG @ 156.102 for 100000 units...
[2026-02-26T20:40:19.792Z] [USDJPY] [REAL] LIMIT order placed - waiting for fill at 156.102
[2026-02-26T20:40:19.793Z] [USDJPY] PENDING LONG @ 156.102 | SL: 156.06789 | TP: 156.191 | Size: 100000
[2026-02-26T20:45:00.690Z] [GBPUSD] New bar: 20260226 20:40:00 | O:1.34897 H:1.34930 L:1.34896 C:1.34918
[2026-02-26T20:45:01.187Z] [USDJPY] New bar: 20260226 20:40:00 | O:156.10350 H:156.10400 L:156.06250 C:156.07550
[2026-02-26T20:45:01.329Z] [USDJPY] [REAL] LIMIT order FILLED - Trade ID: 57 @ 156.093
[2026-02-26T20:45:01.330Z] [USDJPY] ENTERED LONG @ 156.093 | SL: 156.06789 | TP: 156.191 | Size: 100000
[2026-02-26T20:45:01.613Z] [USDJPY] [REAL] Closing position...
[2026-02-26T20:45:02.329Z] [USDJPY] [REAL] Position closed at 156.065
[2026-02-26T20:45:02.330Z] [USDJPY] [REAL P&L from OANDA] -13.95 (account currency)
[2026-02-26T20:45:02.330Z] [USDJPY] CLOSED LONG | SL @ 156.065 | R: -1.12 | Weighted: -0.56
[2026-02-26T20:45:02.330Z] [USDJPY] Bars in trade: 1 | Max favorable: 0.01100 | Max adverse: 0.03050
[2026-02-26T20:45:04.120Z] [USDJPY] Analysis: BAD - The trade was a loss due to the market moving against the position shortly after entry. The stop los...
[2026-02-26T20:45:04.121Z] Results saved (6 total trades)
[2026-02-26T20:45:04.128Z] Global trades saved (229 total trades)
[2026-02-26T20:45:05.697Z] [EURUSD] New bar: 20260226 20:40:00 | O:1.18007 H:1.18030 L:1.18003 C:1.18021
[2026-02-26T20:45:05.699Z] [EURUSD_GPT5] New bar: 20260226 20:40:00 | O:1.18007 H:1.18030 L:1.18003 C:1.18021
[2026-02-26T20:45:06.046Z] [EURUSD_GPT5] Calling AI agents for trade decision...
[2026-02-26T20:45:06.076Z] [EURUSD] [PENDING] Waiting for fill at 1.181 (1/12 bars)
[2026-02-26T20:45:30.180Z] [EURUSD_GPT5] SIGNAL: LONG | Entry: 1.17928 | SL: 1.17902 | TP: 1.18164 | Risk: 0.35
[2026-02-26T20:45:30.180Z] [EURUSD_GPT5] Reasoning: Dir: Wait for clarity. If price reclaims and holds abov | Conf: This does not read like a market confidently setti...
[2026-02-26T20:45:30.181Z] [EURUSD_GPT5] [REAL] Placing LIMIT LONG @ 1.17928 for 100000 units...
[2026-02-26T20:45:30.328Z] [EURUSD_GPT5] [REAL] LIMIT order placed - waiting for fill at 1.17928
[2026-02-26T20:45:30.329Z] [EURUSD_GPT5] PENDING LONG @ 1.17928 | SL: 1.17902 | TP: 1.18164 | Size: 100000
[2026-02-26T20:48:32.161Z] 
========================================
[2026-02-26T20:48:32.164Z]    LIVE PAPER TRADER - Multi-Pair Mode
[2026-02-26T20:48:32.164Z] ========================================
[2026-02-26T20:48:32.165Z] Active pairs: EURUSD, USDJPY, EURUSD_GPT5, GBPUSD
[2026-02-26T20:48:32.165Z] Trading hours: 20:00 - 23:00 Europe/Zurich
[2026-02-26T20:48:32.211Z] Current Zurich time: 26/02/2026, 21:48:32
[2026-02-26T20:48:32.219Z] Loaded 229 historical trades from global history
[2026-02-26T20:48:32.225Z] Starting ngrok...
[2026-02-26T20:48:32.249Z] Waiting for ngrok to initialize...
[2026-02-26T20:48:32.251Z] Dashboard running at http://localhost:3000
[2026-02-26T20:48:34.245Z] ngrok stderr: ERROR:  failed to start tunnel: The endpoint 'https://patternable-unmasterfully-stuart.ngrok-free.dev' is already online. Either
[2026-02-26T20:48:34.246Z] ngrok stderr: ERROR:  1. stop your existing endpoint first, or
ERROR:  2. start both endpoints with `--pooling-enabled` to load balance between them.
ERROR:  
ERROR:  ERR_NGROK_334
ERROR:  https://ngrok.com/docs/errors/err_ngrok_334
ERROR:
[2026-02-26T20:48:37.259Z] Fetching ngrok tunnel URL from API...
[2026-02-26T20:48:37.271Z] Connecting to OANDA API...
[2026-02-26T20:48:37.454Z] ========================================
[2026-02-26T20:48:37.455Z] PUBLIC URL: https://patternable-unmasterfully-stuart.ngrok-free.dev
[2026-02-26T20:48:37.456Z] ========================================
[2026-02-26T20:48:37.651Z] Connected to OANDA - Account: 101-004-38639036-001
[2026-02-26T20:48:37.652Z] Balance: 99878.59 CHF
[2026-02-26T20:48:37.653Z] [EURUSD] Fetching 800 historical 5m bars from OANDA...
[2026-02-26T20:48:37.808Z] [EURUSD] Received 799 historical bars
[2026-02-26T20:48:37.809Z] [EURUSD] Loaded 799 historical bars
[2026-02-26T20:48:38.824Z] [USDJPY] Fetching 800 historical 5m bars from OANDA...
[2026-02-26T20:48:38.967Z] [USDJPY] Received 799 historical bars
[2026-02-26T20:48:38.968Z] [USDJPY] Loaded 799 historical bars
[2026-02-26T20:48:39.981Z] [EURUSD_GPT5] Sharing data from EURUSD (799 bars)
[2026-02-26T20:48:39.982Z] [GBPUSD] Fetching 800 historical 5m bars from OANDA...
[2026-02-26T20:48:40.129Z] [GBPUSD] Received 799 historical bars
[2026-02-26T20:48:40.129Z] [GBPUSD] Loaded 799 historical bars
[2026-02-26T20:48:41.136Z] Starting OANDA price stream for: EUR_USD, USD_JPY, GBP_USD
[2026-02-26T20:48:41.141Z] Trading session active. Press Ctrl+C to stop.

[2026-02-26T20:50:00.314Z] [USDJPY] New bar: 20260226 20:45:00 | O:156.10000 H:156.10050 L:156.07900 C:156.08050
[2026-02-26T20:50:00.502Z] [USDJPY] Calling AI agents for trade decision...
[2026-02-26T20:50:01.097Z] [EURUSD] New bar: 20260226 20:45:00 | O:1.18009 H:1.18024 L:1.18007 C:1.18024
[2026-02-26T20:50:01.284Z] [EURUSD] Calling AI agents for trade decision...
[2026-02-26T20:50:01.286Z] [EURUSD_GPT5] New bar: 20260226 20:45:00 | O:1.18009 H:1.18024 L:1.18007 C:1.18024
[2026-02-26T20:50:01.484Z] [EURUSD_GPT5] Calling AI agents for trade decision...
[2026-02-26T20:50:01.490Z] [GBPUSD] New bar: 20260226 20:45:00 | O:1.34895 H:1.34916 L:1.34895 C:1.34916
[2026-02-26T20:50:01.665Z] [GBPUSD] Calling AI agents for trade decision...
[2026-02-26T20:50:17.357Z] [USDJPY] SIGNAL: LONG | Entry: 156.131 | SL: 156.096 | TP: 156.433 | Risk: 0.505
[2026-02-26T20:50:17.358Z] [USDJPY] Reasoning: Dir: No clear trade. Wait for breakout above resistance | Conf: The trade is a long position, but the lack of a cl...
[2026-02-26T20:50:17.358Z] [USDJPY] [REAL] Placing LIMIT LONG @ 156.131 for 100000 units...
[2026-02-26T20:50:17.515Z] [USDJPY] [REAL] LIMIT order placed - waiting for fill at 156.131
[2026-02-26T20:50:17.516Z] [USDJPY] PENDING LONG @ 156.131 | SL: 156.096 | TP: 156.433 | Size: 100000
[2026-02-26T20:50:18.766Z] [EURUSD] SIGNAL: SHORT | Entry: 1.1804 | SL: 1.18178 | TP: 1.179 | Risk: 0.55
[2026-02-26T20:50:18.766Z] [EURUSD] Reasoning: Dir: Consider shorting near resistance at 1.18164, targ | Conf: The setup has mixed signals. While the price is be...
[2026-02-26T20:50:18.767Z] [EURUSD] [REAL] Placing LIMIT SHORT @ 1.1804 for 100000 units...
[2026-02-26T20:50:18.909Z] [EURUSD] [REAL] LIMIT order placed - waiting for fill at 1.1804
[2026-02-26T20:50:18.910Z] [EURUSD] PENDING SHORT @ 1.1804 | SL: 1.18178 | TP: 1.179 | Size: 100000
[2026-02-26T20:50:19.708Z] [GBPUSD] SIGNAL: SHORT | Entry: 1.34945 | SL: 1.35592 | TP: 1.34792 | Risk: 0.3
[2026-02-26T20:50:19.709Z] [GBPUSD] Reasoning: Dir: Consider shorting near resistance at 1.35545, targ | Conf: The proposed trade has a bearish bias and aligns w...
[2026-02-26T20:50:19.709Z] [GBPUSD] [REAL] Placing LIMIT SHORT @ 1.34945 for 100000 units...
[2026-02-26T20:50:19.837Z] [GBPUSD] [REAL] LIMIT order placed - waiting for fill at 1.34945
[2026-02-26T20:50:19.838Z] [GBPUSD] PENDING SHORT @ 1.34945 | SL: 1.35592 | TP: 1.34792 | Size: 100000
[2026-02-26T20:50:21.222Z] [EURUSD_GPT5] SIGNAL: LONG | Entry: 1.17932 | SL: 1.17904 | TP: 1.17974 | Risk: 0.35
[2026-02-26T20:50:21.222Z] [EURUSD_GPT5] Reasoning: Dir: Wait for clarity. If price accepts above 1.18164/1 | Conf: The market is not in agreement with itself. Struct...
[2026-02-26T20:50:21.222Z] [EURUSD_GPT5] [REAL] Placing LIMIT LONG @ 1.17932 for 100000 units...
[2026-02-26T20:50:21.857Z] [EURUSD_GPT5] [REAL] LIMIT order placed - waiting for fill at 1.17932
[2026-02-26T20:50:21.863Z] [EURUSD_GPT5] PENDING LONG @ 1.17932 | SL: 1.17904 | TP: 1.17974 | Size: 100000
[2026-02-26T20:55:00.318Z] [EURUSD] New bar: 20260226 20:50:00 | O:1.18024 H:1.18024 L:1.18009 C:1.18014
[2026-02-26T20:55:00.321Z] [EURUSD_GPT5] New bar: 20260226 20:50:00 | O:1.18024 H:1.18024 L:1.18009 C:1.18014
[2026-02-26T20:55:00.323Z] [USDJPY] New bar: 20260226 20:50:00 | O:156.07900 H:156.09400 L:156.06600 C:156.07900
[2026-02-26T20:55:00.330Z] [GBPUSD] New bar: 20260226 20:50:00 | O:1.34916 H:1.34916 L:1.34896 C:1.34906
[2026-02-26T20:55:00.497Z] [EURUSD_GPT5] [PENDING] Waiting for fill at 1.17932 (1/12 bars)
[2026-02-26T20:55:00.935Z] [EURUSD] [PENDING] Waiting for fill at 1.1804 (1/12 bars)
[2026-02-26T20:55:01.149Z] [GBPUSD] [REAL] LIMIT order FILLED - Trade ID: 41 @ 1.349
[2026-02-26T20:55:01.150Z] [GBPUSD] ENTERED SHORT @ 1.349 | SL: 1.35592 | TP: 1.34792 | Size: 100000
[2026-02-26T20:55:01.183Z] [USDJPY] [REAL] LIMIT order FILLED at 156.131 (price touched level)
[2026-02-26T20:55:01.183Z] [USDJPY] ENTERED LONG @ 156.131 | SL: 156.096 | TP: 156.433 | Size: 100000
[2026-02-26T20:55:01.443Z] [USDJPY] [REAL] Position closed (no trade ID to query details)
[2026-02-26T20:55:01.587Z] [USDJPY] [REAL] Position already closed (by TP/SL order)
[2026-02-26T20:55:01.587Z] [USDJPY] CLOSED LONG | CLOSED @ 156.079 | R: -1.49 | Weighted: -0.75
[2026-02-26T20:55:01.587Z] [USDJPY] Bars in trade: 1 | Max favorable: 0.00000 | Max adverse: 0.06500
[2026-02-26T20:55:01.588Z] [USDJPY] [ESTIMATED P&L] Gross: $-5200.00 | Commission: $4.00 | Net: $-5204.00
[2026-02-26T20:55:04.459Z] [USDJPY] Analysis: BAD - The trade was a loss due to the price moving against the long position. The entry price of 156.131 w...
[2026-02-26T20:55:04.460Z] Results saved (1 total trades)
[2026-02-26T20:55:04.467Z] Global trades saved (230 total trades)
[2026-02-26T21:00:00.052Z] [EURUSD] New bar: 20260226 20:55:00 | O:1.18019 H:1.18033 L:1.18012 C:1.18012
[2026-02-26T21:00:00.056Z] [EURUSD_GPT5] New bar: 20260226 20:55:00 | O:1.18019 H:1.18033 L:1.18012 C:1.18012
[2026-02-26T21:00:00.059Z] [USDJPY] New bar: 20260226 20:55:00 | O:156.07800 H:156.13400 L:156.07250 C:156.13250
[2026-02-26T21:00:00.332Z] [USDJPY] Calling AI agents for trade decision...
[2026-02-26T21:00:00.350Z] [GBPUSD] New bar: 20260226 20:55:00 | O:1.34909 H:1.34927 L:1.34895 C:1.34917
[2026-02-26T21:00:00.541Z] [EURUSD_GPT5] [PENDING] Waiting for fill at 1.17932 (2/12 bars)
[2026-02-26T21:00:00.544Z] [EURUSD] [PENDING] Waiting for fill at 1.1804 (2/12 bars)
[2026-02-26T21:00:13.828Z] [USDJPY] SIGNAL: LONG | Entry: 156.108 | SL: 156.069 | TP: 156.254 | Risk: 0.505
[2026-02-26T21:00:13.829Z] [USDJPY] Reasoning: Dir: No clear trade; wait for breakout above resistance | Conf: This probability reflects the lack of a clear tren...
[2026-02-26T21:00:13.829Z] [USDJPY] [REAL] Placing LIMIT LONG @ 156.108 for 100000 units...
[2026-02-26T21:00:13.987Z] [USDJPY] [REAL] LIMIT order placed - waiting for fill at 156.108
[2026-02-26T21:00:13.988Z] [USDJPY] PENDING LONG @ 156.108 | SL: 156.069 | TP: 156.254 | Size: 100000
[2026-02-26T21:04:39.137Z] 
========================================
[2026-02-26T21:04:39.139Z]    LIVE PAPER TRADER - Multi-Pair Mode
[2026-02-26T21:04:39.140Z] ========================================
[2026-02-26T21:04:39.141Z] Active pairs: EURUSD, USDJPY, EURUSD_GPT5, GBPUSD
[2026-02-26T21:04:39.142Z] Trading hours: 20:00 - 23:00 Europe/Zurich
[2026-02-26T21:04:39.206Z] Current Zurich time: 26/02/2026, 22:04:39
[2026-02-26T21:04:39.215Z] Loaded 230 historical trades from global history
[2026-02-26T21:04:39.224Z] Starting ngrok...
[2026-02-26T21:04:39.253Z] Waiting for ngrok to initialize...
[2026-02-26T21:04:39.255Z] Dashboard running at http://localhost:3000
[2026-02-26T21:04:41.360Z] ngrok stderr: ERROR:  failed to start tunnel: The endpoint 'https://patternable-unmasterfully-stuart.ngrok-free.dev' is already online. Either
ERROR:  1. stop your existing endpoint first, or
ERROR:  2. start both endpoints with `--pooling-enabled` to load balance between them.
ERROR:  
ERROR:  ERR_NGROK_334
ERROR:  https://ngrok.com/docs/errors/err_ngrok_334
ERROR:
[2026-02-26T21:04:44.258Z] Fetching ngrok tunnel URL from API...
[2026-02-26T21:04:44.267Z] Connecting to OANDA API...
[2026-02-26T21:04:44.359Z] ========================================
[2026-02-26T21:04:44.360Z] PUBLIC URL: https://patternable-unmasterfully-stuart.ngrok-free.dev
[2026-02-26T21:04:44.360Z] ========================================
[2026-02-26T21:04:44.565Z] Connected to OANDA - Account: 101-004-38639036-001
[2026-02-26T21:04:44.566Z] Balance: 99873.09 CHF
[2026-02-26T21:04:44.567Z] [EURUSD] Fetching 800 historical 5m bars from OANDA...
[2026-02-26T21:04:44.733Z] [EURUSD] Received 799 historical bars
[2026-02-26T21:04:44.734Z] [EURUSD] Loaded 799 historical bars
[2026-02-26T21:04:45.738Z] [USDJPY] Fetching 800 historical 5m bars from OANDA...
[2026-02-26T21:04:45.910Z] [USDJPY] Received 799 historical bars
[2026-02-26T21:04:45.911Z] [USDJPY] Loaded 799 historical bars
[2026-02-26T21:04:46.913Z] [EURUSD_GPT5] Sharing data from EURUSD (799 bars)
[2026-02-26T21:04:46.914Z] [GBPUSD] Fetching 800 historical 5m bars from OANDA...
[2026-02-26T21:04:47.087Z] [GBPUSD] Received 799 historical bars
[2026-02-26T21:04:47.088Z] [GBPUSD] Loaded 799 historical bars
[2026-02-26T21:04:48.104Z] Starting OANDA price stream for: EUR_USD, USD_JPY, GBP_USD
[2026-02-26T21:04:48.108Z] Trading session active. Press Ctrl+C to stop.

[2026-02-26T21:05:00.612Z] [USDJPY] New bar: 20260226 21:00:00 | O:156.13000 H:156.13000 L:156.13000 C:156.13000
[2026-02-26T21:05:00.617Z] [USDJPY] Calling AI agents for trade decision...
[2026-02-26T21:05:00.618Z] [USDJPY] Error processing bar: Cannot read properties of null (reading 'toFixed')
[2026-02-26T21:05:00.858Z] [EURUSD] New bar: 20260226 21:00:00 | O:1.18021 H:1.18021 L:1.18019 C:1.18020
[2026-02-26T21:05:00.860Z] [EURUSD] Calling AI agents for trade decision...
[2026-02-26T21:05:00.862Z] [EURUSD_GPT5] New bar: 20260226 21:00:00 | O:1.18021 H:1.18021 L:1.18019 C:1.18020
[2026-02-26T21:05:00.865Z] [EURUSD_GPT5] Calling AI agents for trade decision...
[2026-02-26T21:05:00.867Z] [EURUSD] Error processing bar: Cannot read properties of null (reading 'toFixed')
[2026-02-26T21:05:00.867Z] [EURUSD_GPT5] Error processing bar: Cannot read properties of null (reading 'toFixed')
[2026-02-26T21:05:26.655Z] [GBPUSD] New bar: 20260226 21:00:00 | O:1.34914 H:1.34914 L:1.34912 C:1.34912
[2026-02-26T21:05:26.658Z] [GBPUSD] Calling AI agents for trade decision...
[2026-02-26T21:05:26.662Z] [GBPUSD] Error processing bar: Cannot read properties of null (reading 'toFixed')
[2026-02-26T21:10:00.808Z] [EURUSD] New bar: 20260226 21:05:00 | O:1.18019 H:1.18023 L:1.18012 C:1.18014
[2026-02-26T21:10:00.835Z] [EURUSD] Calling AI agents for trade decision...
[2026-02-26T21:10:00.856Z] [EURUSD_GPT5] New bar: 20260226 21:05:00 | O:1.18019 H:1.18023 L:1.18012 C:1.18014
[2026-02-26T21:10:00.869Z] [EURUSD_GPT5] Calling AI agents for trade decision...
[2026-02-26T21:10:00.874Z] [EURUSD] Error processing bar: Cannot read properties of null (reading 'toFixed')
[2026-02-26T21:10:00.876Z] [EURUSD_GPT5] Error processing bar: Cannot read properties of null (reading 'toFixed')
[2026-02-26T21:10:00.884Z] [USDJPY] New bar: 20260226 21:05:00 | O:156.12950 H:156.15350 L:156.11100 C:156.12900
[2026-02-26T21:10:00.908Z] [USDJPY] Calling AI agents for trade decision...
[2026-02-26T21:10:00.912Z] [USDJPY] Error processing bar: Cannot read properties of null (reading 'toFixed')
[2026-02-26T21:10:00.914Z] [GBPUSD] New bar: 20260226 21:05:00 | O:1.34915 H:1.34924 L:1.34912 C:1.34915
[2026-02-26T21:10:00.922Z] [GBPUSD] Calling AI agents for trade decision...
[2026-02-26T21:10:00.946Z] [GBPUSD] Error processing bar: Cannot read properties of null (reading 'toFixed')
[2026-02-26T21:15:00.314Z] [EURUSD] New bar: 20260226 21:10:00 | O:1.18010 H:1.18016 L:1.17993 C:1.18012
[2026-02-26T21:15:00.318Z] [EURUSD] Calling AI agents for trade decision...
[2026-02-26T21:15:00.323Z] [EURUSD_GPT5] New bar: 20260226 21:10:00 | O:1.18010 H:1.18016 L:1.17993 C:1.18012
[2026-02-26T21:15:00.335Z] [EURUSD_GPT5] Calling AI agents for trade decision...
[2026-02-26T21:15:00.338Z] [USDJPY] New bar: 20260226 21:10:00 | O:156.13800 H:156.14650 L:156.13250 C:156.14050
[2026-02-26T21:15:00.341Z] [USDJPY] Calling AI agents for trade decision...
[2026-02-26T21:15:00.342Z] [EURUSD] Error processing bar: Cannot read properties of null (reading 'toFixed')
[2026-02-26T21:15:00.343Z] [EURUSD_GPT5] Error processing bar: Cannot read properties of null (reading 'toFixed')
[2026-02-26T21:15:00.344Z] [USDJPY] Error processing bar: Cannot read properties of null (reading 'toFixed')
[2026-02-26T21:15:00.572Z] [GBPUSD] New bar: 20260226 21:10:00 | O:1.34913 H:1.34915 L:1.34896 C:1.34905
[2026-02-26T21:15:00.575Z] [GBPUSD] Calling AI agents for trade decision...
[2026-02-26T21:15:00.576Z] [GBPUSD] Error processing bar: Cannot read properties of null (reading 'toFixed')
[2026-02-27T06:44:26.555Z] 
========================================
[2026-02-27T06:44:26.566Z]    LIVE PAPER TRADER - Multi-Pair Mode
[2026-02-27T06:44:26.567Z] ========================================
[2026-02-27T06:44:26.568Z] Active pairs: EURUSD, USDJPY, EURUSD_GPT5, GBPUSD
[2026-02-27T06:44:26.569Z] Trading hours: 8:00 - 18:00 Europe/Zurich
[2026-02-27T06:44:26.664Z] Current Zurich time: 27/02/2026, 07:44:26
[2026-02-27T06:44:26.677Z] Loaded 230 historical trades from global history
[2026-02-27T06:44:26.684Z] Starting ngrok...
[2026-02-27T06:44:26.701Z] Waiting for ngrok to initialize...
[2026-02-27T06:44:26.702Z] Dashboard running at http://localhost:3000
[2026-02-27T06:44:31.713Z] Fetching ngrok tunnel URL from API...
[2026-02-27T06:44:31.722Z] Outside trading hours. Current hour: 7
[2026-02-27T06:44:31.728Z] ngrok API error: connect ECONNREFUSED 127.0.0.1:4040
[2026-02-27T06:44:31.728Z] Dashboard available locally only at http://localhost:3000
[2026-02-27T07:02:51.025Z] 
========================================
[2026-02-27T07:02:51.027Z]    LIVE PAPER TRADER - Multi-Pair Mode
[2026-02-27T07:02:51.028Z] ========================================
[2026-02-27T07:02:51.028Z] Active pairs: EURUSD, USDJPY, EURUSD_GPT5, GBPUSD
[2026-02-27T07:02:51.028Z] Trading hours: 8:00 - 18:00 Europe/Zurich
[2026-02-27T07:02:51.075Z] Current Zurich time: 27/02/2026, 08:02:51
[2026-02-27T07:02:51.083Z] Loaded 230 historical trades from global history
[2026-02-27T07:02:51.090Z] Starting ngrok...
[2026-02-27T07:02:51.113Z] Waiting for ngrok to initialize...
[2026-02-27T07:02:51.115Z] Dashboard running at http://localhost:3000
[2026-02-27T07:02:56.119Z] Fetching ngrok tunnel URL from API...
[2026-02-27T07:02:56.130Z] Connecting to OANDA API...
[2026-02-27T07:02:56.260Z] ========================================
[2026-02-27T07:02:56.261Z] PUBLIC URL: https://patternable-unmasterfully-stuart.ngrok-free.dev
[2026-02-27T07:02:56.261Z] ========================================
[2026-02-27T07:02:56.904Z] Connected to OANDA - Account: 101-004-38639036-001
[2026-02-27T07:02:56.904Z] Balance: 100346.98 CHF
[2026-02-27T07:02:56.905Z] [EURUSD] Fetching 800 historical 5m bars from OANDA...
[2026-02-27T07:02:57.191Z] [EURUSD] Received 799 historical bars
[2026-02-27T07:02:57.192Z] [EURUSD] Loaded 799 historical bars
[2026-02-27T07:02:58.207Z] [USDJPY] Fetching 800 historical 5m bars from OANDA...
[2026-02-27T07:02:59.069Z] [USDJPY] Received 799 historical bars
[2026-02-27T07:02:59.070Z] [USDJPY] Loaded 799 historical bars
[2026-02-27T07:03:00.085Z] [EURUSD_GPT5] Sharing data from EURUSD (799 bars)
[2026-02-27T07:03:00.086Z] [GBPUSD] Fetching 800 historical 5m bars from OANDA...
[2026-02-27T07:03:00.268Z] [GBPUSD] Received 799 historical bars
[2026-02-27T07:03:00.269Z] [GBPUSD] Loaded 799 historical bars
[2026-02-27T07:03:01.278Z] Starting OANDA price stream for: EUR_USD, USD_JPY, GBP_USD
[2026-02-27T07:03:01.283Z] Trading session active. Press Ctrl+C to stop.

[2026-02-27T07:05:01.288Z] [USDJPY] New bar: 20260227 07:00:00 | O:155.96500 H:155.97950 L:155.95050 C:155.95100
[2026-02-27T07:05:03.298Z] [EURUSD] New bar: 20260227 07:00:00 | O:1.18029 H:1.18031 L:1.18019 C:1.18027
[2026-02-27T07:05:03.521Z] [EURUSD] Calling AI agents for trade decision...
[2026-02-27T07:05:03.525Z] [EURUSD_GPT5] New bar: 20260227 07:00:00 | O:1.18029 H:1.18031 L:1.18019 C:1.18027
[2026-02-27T07:05:03.761Z] [EURUSD_GPT5] Calling AI agents for trade decision...
[2026-02-27T07:05:03.792Z] [GBPUSD] New bar: 20260227 07:00:00 | O:1.34666 H:1.34686 L:1.34666 C:1.34674
[2026-02-27T07:05:25.095Z] [EURUSD_GPT5] AI says WAIT: Confidence agent recommends SKIP: This looks like a range on paper, but it’s not a ‘buy the bottom’ ...
[2026-02-27T07:05:36.861Z] [EURUSD] SIGNAL: SHORT | Entry: 1.18115 | SL: 1.18157 | TP: 1.17977 | Risk: 0.55
[2026-02-27T07:05:36.861Z] [EURUSD] Reasoning: Dir: Consider shorting at current levels (1.18027) with | Conf: The setup has a bearish bias with the price below ...
[2026-02-27T07:05:36.862Z] [EURUSD] [REAL] Placing LIMIT SHORT @ 1.18115 for 1000 units...
[2026-02-27T07:05:37.024Z] [EURUSD] [REAL] LIMIT order placed - waiting for fill at 1.18115
[2026-02-27T07:05:37.025Z] [EURUSD] PENDING SHORT @ 1.18115 | SL: 1.18157 | TP: 1.17977 | Size: 1000
[2026-02-27T07:10:00.338Z] [USDJPY] New bar: 20260227 07:05:00 | O:155.95050 H:155.96650 L:155.91300 C:155.96050
[2026-02-27T07:10:00.339Z] [GBPUSD] New bar: 20260227 07:05:00 | O:1.34674 H:1.34695 L:1.34644 C:1.34661
[2026-02-27T07:10:11.122Z] [EURUSD] New bar: 20260227 07:05:00 | O:1.18028 H:1.18037 L:1.18006 C:1.18010
[2026-02-27T07:10:11.125Z] [EURUSD_GPT5] New bar: 20260227 07:05:00 | O:1.18028 H:1.18037 L:1.18006 C:1.18010
[2026-02-27T07:10:11.350Z] [EURUSD_GPT5] Calling AI agents for trade decision...
[2026-02-27T07:10:12.520Z] [EURUSD] [REAL] LIMIT order FILLED - Trade ID: 196 @ 1.181
[2026-02-27T07:10:12.520Z] [EURUSD] ENTERED SHORT @ 1.181 | SL: 1.18157 | TP: 1.17977 | Size: 1000
[2026-02-27T07:10:34.379Z] [EURUSD_GPT5] SIGNAL: SHORT | Entry: 1.18115 | SL: 1.18142 | TP: 1.18075 | Risk: 0.47
[2026-02-27T07:10:34.380Z] [EURUSD_GPT5] Reasoning: Dir: If price rallies into 1.18028 (EMA area) to 1.1811 | Conf: This reads like a balanced range, not a clean bear...
[2026-02-27T07:10:34.380Z] [EURUSD_GPT5] [REAL] Placing LIMIT SHORT @ 1.18115 for 1000 units...
[2026-02-27T07:10:34.534Z] [EURUSD_GPT5] [REAL] LIMIT order placed - waiting for fill at 1.18115
[2026-02-27T07:10:34.535Z] [EURUSD_GPT5] PENDING SHORT @ 1.18115 | SL: 1.18142 | TP: 1.18075 | Size: 1000
[2026-02-27T07:15:00.055Z] [GBPUSD] New bar: 20260227 07:10:00 | O:1.34661 H:1.34664 L:1.34618 C:1.34629
[2026-02-27T07:15:02.062Z] [USDJPY] New bar: 20260227 07:10:00 | O:155.96050 H:155.99400 L:155.94950 C:155.97250
[2026-02-27T07:15:02.566Z] [EURUSD] New bar: 20260227 07:10:00 | O:1.18010 H:1.18013 L:1.17986 C:1.17988
[2026-02-27T07:15:02.569Z] [EURUSD_GPT5] New bar: 20260227 07:10:00 | O:1.18010 H:1.18013 L:1.17986 C:1.17988
[2026-02-27T07:15:02.715Z] [EURUSD_GPT5] [REAL] LIMIT order FILLED - Trade ID: 196 @ 1.181
[2026-02-27T07:15:02.716Z] [EURUSD_GPT5] ENTERED SHORT @ 1.181 | SL: 1.18142 | TP: 1.18075 | Size: 1000
[2026-02-27T07:15:02.968Z] [EURUSD_GPT5] [REAL] Closing position...
[2026-02-27T07:15:03.231Z] [EURUSD_GPT5] [REAL] Position closed at 1.17991
[2026-02-27T07:15:03.232Z] [EURUSD_GPT5] [REAL P&L from OANDA] +83.91 (account currency)
[2026-02-27T07:15:03.232Z] [EURUSD_GPT5] CLOSED SHORT | TP @ 1.17991 | R: 2.60 | Weighted: 1.22
[2026-02-27T07:15:03.232Z] [EURUSD_GPT5] Bars in trade: 1 | Max favorable: 0.00114 | Max adverse: 0.00000
[2026-02-27T07:15:05.672Z] [EURUSD_GPT5] Analysis: GOOD - The trade was successful as the market moved in favor of the short position, reaching the take profi...
[2026-02-27T07:15:05.674Z] Results saved (1 total trades)
[2026-02-27T07:15:05.680Z] Global trades saved (231 total trades)
[2026-02-27T07:20:00.022Z] [GBPUSD] New bar: 20260227 07:15:00 | O:1.34628 H:1.34679 L:1.34617 C:1.34674
[2026-02-27T07:20:03.290Z] [EURUSD] New bar: 20260227 07:15:00 | O:1.17987 H:1.18004 L:1.17971 C:1.17997
[2026-02-27T07:20:03.292Z] [EURUSD_GPT5] New bar: 20260227 07:15:00 | O:1.17987 H:1.18004 L:1.17971 C:1.17997
[2026-02-27T07:20:03.499Z] [EURUSD_GPT5] Calling AI agents for trade decision...
[2026-02-27T07:20:03.514Z] [USDJPY] New bar: 20260227 07:15:00 | O:155.97400 H:156.06450 L:155.97400 C:156.01400
[2026-02-27T07:20:03.934Z] [EURUSD] [REAL] Trade closed by OANDA - Reason: MARKET_ORDER_POSITION_CLOSEOUT | Exit: 1.17991 | P&L: 83.91
[2026-02-27T07:20:04.063Z] [EURUSD] [REAL] Position already closed (by TP/SL order)
[2026-02-27T07:20:04.063Z] [EURUSD] [REAL P&L from OANDA] +83.91 (account currency)
[2026-02-27T07:20:04.064Z] [EURUSD] CLOSED SHORT | MARKET_ORDER_POSITION_CLOSEOUT @ 1.17991 | R: 1.91 | Weighted: 1.05
[2026-02-27T07:20:04.064Z] [EURUSD] Bars in trade: 3 | Max favorable: 0.00129 | Max adverse: 0.00000
[2026-02-27T07:20:06.687Z] [EURUSD] Analysis: GOOD - The trade was successful as the market moved in favor of the short position, allowing the trader to ...
[2026-02-27T07:20:06.688Z] Results saved (2 total trades)
[2026-02-27T07:20:06.696Z] Global trades saved (232 total trades)
[2026-02-27T07:20:27.118Z] [EURUSD_GPT5] SIGNAL: SHORT | Entry: 1.1811 | SL: 1.18145 | TP: 1.1794 | Risk: 0.48
[2026-02-27T07:20:27.119Z] [EURUSD_GPT5] Reasoning: Dir: If price breaks and holds below 1.17939 (support), | Conf: This is a range market sitting around the mid-lowe...
[2026-02-27T07:20:27.120Z] [EURUSD_GPT5] [REAL] Placing LIMIT SHORT @ 1.1811 for 1000 units...
[2026-02-27T07:20:27.255Z] [EURUSD_GPT5] [REAL] LIMIT order placed - waiting for fill at 1.1811
[2026-02-27T07:20:27.255Z] [EURUSD_GPT5] PENDING SHORT @ 1.1811 | SL: 1.18145 | TP: 1.1794 | Size: 1000
[2026-02-27T07:25:00.193Z] [USDJPY] New bar: 20260227 07:20:00 | O:156.01400 H:156.02900 L:156.00200 C:156.00800
[2026-02-27T07:25:00.944Z] [EURUSD] New bar: 20260227 07:20:00 | O:1.18002 H:1.18030 L:1.18002 C:1.18027
[2026-02-27T07:25:01.137Z] [EURUSD] Calling AI agents for trade decision...
[2026-02-27T07:25:01.138Z] [EURUSD_GPT5] New bar: 20260227 07:20:00 | O:1.18002 H:1.18030 L:1.18002 C:1.18027
[2026-02-27T07:25:01.259Z] [EURUSD_GPT5] [PENDING] Waiting for fill at 1.1811 (1/12 bars)
[2026-02-27T07:25:01.954Z] [GBPUSD] New bar: 20260227 07:20:00 | O:1.34674 H:1.34727 L:1.34674 C:1.34714
[2026-02-27T07:25:18.845Z] [EURUSD] SIGNAL: LONG | Entry: 1.1802 | SL: 1.1789 | TP: 1.1815 | Risk: 0.55
[2026-02-27T07:25:18.846Z] [EURUSD] Reasoning: Dir: Consider entering a long position if the price app | Conf: The setup has a slight bullish bias due to the pri...
[2026-02-27T07:25:18.846Z] [EURUSD] [REAL] Placing LIMIT LONG @ 1.1802 for 1000 units...
[2026-02-27T07:25:19.000Z] [EURUSD] [REAL] LIMIT order placed - waiting for fill at 1.1802
[2026-02-27T07:25:19.001Z] [EURUSD] PENDING LONG @ 1.1802 | SL: 1.1789 | TP: 1.1815 | Size: 1000
[2026-02-27T07:30:00.037Z] [USDJPY] New bar: 20260227 07:25:00 | O:156.00850 H:156.09650 L:155.95550 C:156.07850
[2026-02-27T07:30:00.292Z] [EURUSD] New bar: 20260227 07:25:00 | O:1.18027 H:1.18058 L:1.18023 C:1.18034
[2026-02-27T07:30:00.294Z] [EURUSD_GPT5] New bar: 20260227 07:25:00 | O:1.18027 H:1.18058 L:1.18023 C:1.18034
[2026-02-27T07:30:00.296Z] [GBPUSD] New bar: 20260227 07:25:00 | O:1.34715 H:1.34794 L:1.34705 C:1.34791
[2026-02-27T07:30:00.438Z] [EURUSD_GPT5] [PENDING] Waiting for fill at 1.1811 (2/12 bars)
[2026-02-27T07:30:00.442Z] [EURUSD] [PENDING] Waiting for fill at 1.1802 (1/12 bars)
[2026-02-27T07:35:00.539Z] [USDJPY] New bar: 20260227 07:30:00 | O:156.08000 H:156.08550 L:156.03750 C:156.06050
[2026-02-27T07:35:01.632Z] [GBPUSD] New bar: 20260227 07:30:00 | O:1.34789 H:1.34793 L:1.34759 C:1.34764
[2026-02-27T07:35:08.310Z] [EURUSD] New bar: 20260227 07:30:00 | O:1.18033 H:1.18061 L:1.18030 C:1.18058
[2026-02-27T07:35:08.313Z] [EURUSD_GPT5] New bar: 20260227 07:30:00 | O:1.18033 H:1.18061 L:1.18030 C:1.18058
[2026-02-27T07:35:08.463Z] [EURUSD] [PENDING] Waiting for fill at 1.1802 (2/12 bars)
[2026-02-27T07:35:08.471Z] [EURUSD_GPT5] [PENDING] Waiting for fill at 1.1811 (3/12 bars)
[2026-02-27T07:40:00.179Z] [USDJPY] New bar: 20260227 07:35:00 | O:156.06100 H:156.11250 L:156.03700 C:156.08650
[2026-02-27T07:40:00.180Z] [GBPUSD] New bar: 20260227 07:35:00 | O:1.34766 H:1.34785 L:1.34713 C:1.34778
[2026-02-27T07:40:00.935Z] [EURUSD] New bar: 20260227 07:35:00 | O:1.18057 H:1.18068 L:1.18036 C:1.18066
[2026-02-27T07:40:00.937Z] [EURUSD_GPT5] New bar: 20260227 07:35:00 | O:1.18057 H:1.18068 L:1.18036 C:1.18066
[2026-02-27T07:40:01.080Z] [EURUSD] [PENDING] Waiting for fill at 1.1802 (3/12 bars)
[2026-02-27T07:40:01.090Z] [EURUSD_GPT5] [PENDING] Waiting for fill at 1.1811 (4/12 bars)
[2026-02-27T07:45:00.275Z] [EURUSD] New bar: 20260227 07:40:00 | O:1.18065 H:1.18146 L:1.18059 C:1.18146
[2026-02-27T07:45:00.276Z] [EURUSD_GPT5] New bar: 20260227 07:40:00 | O:1.18065 H:1.18146 L:1.18059 C:1.18146
[2026-02-27T07:45:00.277Z] [USDJPY] New bar: 20260227 07:40:00 | O:156.08600 H:156.09100 L:156.04750 C:156.04950
[2026-02-27T07:45:00.278Z] [GBPUSD] New bar: 20260227 07:40:00 | O:1.34777 H:1.34830 L:1.34750 C:1.34830
[2026-02-27T07:45:00.400Z] [EURUSD] [PENDING] Waiting for fill at 1.1802 (4/12 bars)
[2026-02-27T07:45:00.424Z] [EURUSD_GPT5] [REAL] LIMIT order FILLED at 1.1811 (price touched level)
[2026-02-27T07:45:00.424Z] [EURUSD_GPT5] ENTERED SHORT @ 1.1811 | SL: 1.18145 | TP: 1.1794 | Size: 1000
[2026-02-27T07:45:00.683Z] [EURUSD_GPT5] [REAL] Position closed (no trade ID to query details)
[2026-02-27T07:45:00.808Z] [EURUSD_GPT5] [REAL] Position already closed (by TP/SL order)
[2026-02-27T07:45:00.809Z] [EURUSD_GPT5] CLOSED SHORT | CLOSED @ 1.18146 | R: -1.03 | Weighted: -0.49
[2026-02-27T07:45:00.809Z] [EURUSD_GPT5] Bars in trade: 1 | Max favorable: 0.00051 | Max adverse: 0.00036
[2026-02-27T07:45:00.809Z] [EURUSD_GPT5] [ESTIMATED P&L] Gross: $-0.36 | Commission: $0.00 | Net: $-0.36
[2026-02-27T07:45:03.206Z] [EURUSD_GPT5] Analysis: BAD - The trade was a short position on EURUSD, but the market moved against the position, hitting the sto...
[2026-02-27T07:45:03.207Z] Results saved (3 total trades)
[2026-02-27T07:45:03.213Z] Global trades saved (233 total trades)
[2026-02-27T07:45:35.110Z] 
========================================
[2026-02-27T07:45:35.112Z]    LIVE PAPER TRADER - Multi-Pair Mode
[2026-02-27T07:45:35.113Z] ========================================
[2026-02-27T07:45:35.113Z] Active pairs: EURUSD, USDJPY, EURUSD_GPT5, GBPUSD
[2026-02-27T07:45:35.113Z] Trading hours: 8:00 - 18:00 Europe/Zurich
[2026-02-27T07:45:35.141Z] Current Zurich time: 27/02/2026, 08:45:35
[2026-02-27T07:45:35.148Z] Loaded 233 historical trades from global history
[2026-02-27T07:45:35.151Z] Starting ngrok...
[2026-02-27T07:45:35.165Z] Waiting for ngrok to initialize...
[2026-02-27T07:45:35.166Z] Dashboard running at http://localhost:3000
[2026-02-27T07:45:40.172Z] Fetching ngrok tunnel URL from API...
[2026-02-27T07:45:40.177Z] Connecting to OANDA API...
[2026-02-27T07:45:40.244Z] ========================================
[2026-02-27T07:45:40.244Z] PUBLIC URL: https://patternable-unmasterfully-stuart.ngrok-free.dev
[2026-02-27T07:45:40.244Z] ========================================
[2026-02-27T07:45:40.409Z] Connected to OANDA - Account: 101-004-38639036-001
[2026-02-27T07:45:40.409Z] Balance: 100621.79 CHF
[2026-02-27T07:45:40.410Z] [EURUSD] Fetching 800 historical 5m bars from OANDA...
[2026-02-27T07:45:40.562Z] [EURUSD] Received 799 historical bars
[2026-02-27T07:45:40.562Z] [EURUSD] Loaded 799 historical bars
[2026-02-27T07:45:41.576Z] [USDJPY] Fetching 800 historical 5m bars from OANDA...
[2026-02-27T07:45:41.720Z] [USDJPY] Received 799 historical bars
[2026-02-27T07:45:41.720Z] [USDJPY] Loaded 799 historical bars
[2026-02-27T07:45:42.726Z] [EURUSD_GPT5] Sharing data from EURUSD (799 bars)
[2026-02-27T07:45:42.727Z] [GBPUSD] Fetching 800 historical 5m bars from OANDA...
[2026-02-27T07:45:42.918Z] [GBPUSD] Received 799 historical bars
[2026-02-27T07:45:42.919Z] [GBPUSD] Loaded 799 historical bars
[2026-02-27T07:45:43.923Z] Starting OANDA price stream for: EUR_USD, USD_JPY, GBP_USD
[2026-02-27T07:45:43.926Z] Trading session active. Press Ctrl+C to stop.

[2026-02-27T07:50:00.121Z] [EURUSD] New bar: 20260227 07:45:00 | O:1.18192 H:1.18193 L:1.18145 C:1.18166
[2026-02-27T07:50:00.544Z] [EURUSD] Calling AI agents for trade decision...
[2026-02-27T07:50:00.551Z] [EURUSD_GPT5] New bar: 20260227 07:45:00 | O:1.18192 H:1.18193 L:1.18145 C:1.18166
[2026-02-27T07:50:00.996Z] [EURUSD_GPT5] Calling AI agents for trade decision...
[2026-02-27T07:50:01.003Z] [USDJPY] New bar: 20260227 07:45:00 | O:156.02400 H:156.12350 L:156.01600 C:156.09850
[2026-02-27T07:50:01.049Z] [GBPUSD] New bar: 20260227 07:45:00 | O:1.34869 H:1.34878 L:1.34824 C:1.34844
[2026-02-27T07:50:18.985Z] [EURUSD] SIGNAL: LONG | Entry: 1.1815 | SL: 1.1789 | TP: 1.1822 | Risk: 0.55
[2026-02-27T07:50:18.985Z] [EURUSD] Reasoning: Dir: Consider a long position if the price breaks above | Conf: The setup shows a slight bullish bias with price a...
[2026-02-27T07:50:18.986Z] [EURUSD] [REAL] Placing MARKET LONG for 1000 units...
[2026-02-27T07:50:19.145Z] [EURUSD] [REAL] MARKET filled at 1.18178 | Adjusted TP: 1.18248 SL: 1.17918 (R:R 0.27)
[2026-02-27T07:50:19.277Z] [EURUSD] ENTERED LONG @ 1.18178 | SL: 1.17918 | TP: 1.18248 | Size: 1000
[2026-02-27T07:50:25.994Z] [EURUSD_GPT5] SIGNAL: LONG | Entry: 1.17945 | SL: 1.17878 | TP: 1.18035 | Risk: 0.47
[2026-02-27T07:50:25.995Z] [EURUSD_GPT5] Reasoning: Dir: If price can hold above the broken session high/re | Conf: The dominant story is a range, not an uptrend. In ...
[2026-02-27T07:50:25.995Z] [EURUSD_GPT5] [REAL] Placing MARKET LONG for 1000 units...
[2026-02-27T07:50:26.595Z] [EURUSD_GPT5] [REAL] MARKET filled at 1.18166 | Adjusted TP: 1.18256 SL: 1.18099 (R:R 1.34)
[2026-02-27T07:50:27.164Z] [EURUSD_GPT5] ENTERED LONG @ 1.18166 | SL: 1.18099 | TP: 1.18256 | Size: 1000
[2026-02-27T07:55:00.047Z] [EURUSD] New bar: 20260227 07:50:00 | O:1.18168 H:1.18180 L:1.18151 C:1.18179
[2026-02-27T07:55:00.049Z] [EURUSD_GPT5] New bar: 20260227 07:50:00 | O:1.18168 H:1.18180 L:1.18151 C:1.18179
[2026-02-27T07:55:00.051Z] [USDJPY] New bar: 20260227 07:50:00 | O:156.09800 H:156.11900 L:156.05400 C:156.05450
[2026-02-27T07:55:00.052Z] [GBPUSD] New bar: 20260227 07:50:00 | O:1.34845 H:1.34912 L:1.34836 C:1.34912
[2026-02-27T08:00:00.215Z] [USDJPY] New bar: 20260227 07:55:00 | O:156.04600 H:156.11600 L:156.02200 C:156.08500
[2026-02-27T08:00:00.216Z] [GBPUSD] New bar: 20260227 07:55:00 | O:1.34911 H:1.34960 L:1.34879 C:1.34882
[2026-02-27T08:00:00.378Z] [GBPUSD] Calling AI agents for trade decision...
[2026-02-27T08:00:00.472Z] [EURUSD] New bar: 20260227 07:55:00 | O:1.18179 H:1.18194 L:1.18149 C:1.18151
[2026-02-27T08:00:00.473Z] [EURUSD_GPT5] New bar: 20260227 07:55:00 | O:1.18179 H:1.18194 L:1.18149 C:1.18151
[2026-02-27T08:00:28.922Z] [GBPUSD] SIGNAL: SHORT | Entry: 1.349 | SL: 1.35074 | TP: 1.347 | Risk: 0.25
[2026-02-27T08:00:28.922Z] [GBPUSD] Reasoning: Dir: Consider shorting at resistance level 1.34974 with | Conf: The proposed trade setup has been identified with ...
[2026-02-27T08:00:28.923Z] [GBPUSD] [REAL] Placing MARKET SHORT for 1000 units...
[2026-02-27T08:00:29.067Z] [GBPUSD] [REAL] MARKET filled at 1.34888 | Adjusted TP: 1.34688 SL: 1.35062 (R:R 1.15)
[2026-02-27T08:00:29.190Z] [GBPUSD] ENTERED SHORT @ 1.34888 | SL: 1.35062 | TP: 1.34688 | Size: 1000
[2026-02-27T08:05:00.082Z] [GBPUSD] New bar: 20260227 08:00:00 | O:1.34882 H:1.34948 L:1.34878 C:1.34924
[2026-02-27T08:05:00.333Z] [USDJPY] New bar: 20260227 08:00:00 | O:156.08800 H:156.12300 L:156.03250 C:156.06100
[2026-02-27T08:05:00.587Z] [EURUSD] New bar: 20260227 08:00:00 | O:1.18152 H:1.18199 L:1.18151 C:1.18172
[2026-02-27T08:05:00.588Z] [EURUSD_GPT5] New bar: 20260227 08:00:00 | O:1.18152 H:1.18199 L:1.18151 C:1.18172
[2026-02-27T08:10:00.213Z] [EURUSD] New bar: 20260227 08:05:00 | O:1.18167 H:1.18217 L:1.18166 C:1.18199
[2026-02-27T08:10:00.214Z] [EURUSD_GPT5] New bar: 20260227 08:05:00 | O:1.18167 H:1.18217 L:1.18166 C:1.18199
[2026-02-27T08:10:00.216Z] [USDJPY] New bar: 20260227 08:05:00 | O:156.06150 H:156.06200 L:155.96300 C:156.00050
[2026-02-27T08:10:00.217Z] [GBPUSD] New bar: 20260227 08:05:00 | O:1.34924 H:1.35081 L:1.34919 C:1.35049
[2026-02-27T08:10:00.643Z] [GBPUSD] [REAL] Trade closed by OANDA - Reason: SL | Exit: 1.35062 | P&L: -1.35
[2026-02-27T08:10:00.771Z] [GBPUSD] [REAL] Position already closed (by TP/SL order)
[2026-02-27T08:10:00.772Z] [GBPUSD] [REAL P&L from OANDA] -1.35 (account currency)
[2026-02-27T08:10:00.773Z] [GBPUSD] CLOSED SHORT | SL @ 1.35062 | R: -1.00 | Weighted: -0.25
[2026-02-27T08:10:00.773Z] [GBPUSD] Bars in trade: 2 | Max favorable: 0.00010 | Max adverse: 0.00192
[2026-02-27T08:10:01.842Z] [GBPUSD] Analysis: BAD - The trade was a short position on GBPUSD, but the market moved against the position, hitting the sto...
[2026-02-27T08:10:01.843Z] Results saved (1 total trades)
[2026-02-27T08:10:01.847Z] Global trades saved (234 total trades)
[2026-02-27T08:15:00.162Z] [EURUSD] New bar: 20260227 08:10:00 | O:1.18197 H:1.18206 L:1.18140 C:1.18146
[2026-02-27T08:15:00.164Z] [EURUSD_GPT5] New bar: 20260227 08:10:00 | O:1.18197 H:1.18206 L:1.18140 C:1.18146
[2026-02-27T08:15:00.165Z] [USDJPY] New bar: 20260227 08:10:00 | O:156.00200 H:156.02700 L:155.96800 C:156.00750
[2026-02-27T08:15:00.172Z] [GBPUSD] New bar: 20260227 08:10:00 | O:1.35047 H:1.35054 L:1.34952 C:1.34958
[2026-02-27T08:15:00.359Z] [GBPUSD] Calling AI agents for trade decision...
[2026-02-27T08:15:23.099Z] [GBPUSD] SIGNAL: SHORT | Entry: 1.34984 | SL: 1.35088 | TP: 1.34784 | Risk: 0.3
[2026-02-27T08:15:23.099Z] [GBPUSD] Reasoning: Dir: Consider shorting at resistance near 1.34984, targ | Conf: The proposed trade has been assessed with signific...
[2026-02-27T08:15:23.100Z] [GBPUSD] [REAL] Placing MARKET SHORT for 1000 units...
[2026-02-27T08:15:23.231Z] [GBPUSD] [REAL] MARKET filled at 1.34934 | Adjusted TP: 1.34734 SL: 1.35038 (R:R 1.92)
[2026-02-27T08:15:23.361Z] [GBPUSD] ENTERED SHORT @ 1.34934 | SL: 1.35038 | TP: 1.34734 | Size: 1000
[2026-02-27T08:20:00.159Z] [EURUSD] New bar: 20260227 08:15:00 | O:1.18146 H:1.18170 L:1.18141 C:1.18161
[2026-02-27T08:20:00.161Z] [EURUSD_GPT5] New bar: 20260227 08:15:00 | O:1.18146 H:1.18170 L:1.18141 C:1.18161
[2026-02-27T08:20:00.162Z] [USDJPY] New bar: 20260227 08:15:00 | O:156.01000 H:156.06250 L:156.00000 C:156.02700
[2026-02-27T08:20:00.663Z] [GBPUSD] New bar: 20260227 08:15:00 | O:1.34956 H:1.34987 L:1.34940 C:1.34965
[2026-02-27T08:25:00.088Z] [EURUSD] New bar: 20260227 08:20:00 | O:1.18162 H:1.18173 L:1.18161 C:1.18169
[2026-02-27T08:25:00.091Z] [EURUSD_GPT5] New bar: 20260227 08:20:00 | O:1.18162 H:1.18173 L:1.18161 C:1.18169
[2026-02-27T08:25:00.093Z] [USDJPY] New bar: 20260227 08:20:00 | O:156.02650 H:156.04150 L:156.00000 C:156.00000
[2026-02-27T08:25:00.094Z] [GBPUSD] New bar: 20260227 08:20:00 | O:1.34976 H:1.34994 L:1.34936 C:1.34950
[2026-02-27T08:30:00.222Z] [EURUSD] New bar: 20260227 08:25:00 | O:1.18171 H:1.18188 L:1.18149 C:1.18149
[2026-02-27T08:30:00.223Z] [EURUSD_GPT5] New bar: 20260227 08:25:00 | O:1.18171 H:1.18188 L:1.18149 C:1.18149
[2026-02-27T08:30:00.225Z] [USDJPY] New bar: 20260227 08:25:00 | O:155.99600 H:156.05300 L:155.97700 C:156.05300
[2026-02-27T08:30:01.762Z] [GBPUSD] New bar: 20260227 08:25:00 | O:1.34957 H:1.34976 L:1.34924 C:1.34926
[2026-02-27T08:35:00.106Z] [USDJPY] New bar: 20260227 08:30:00 | O:156.05200 H:156.08550 L:156.01250 C:156.01450
[2026-02-27T08:35:01.363Z] [EURUSD] New bar: 20260227 08:30:00 | O:1.18148 H:1.18151 L:1.18127 C:1.18136
[2026-02-27T08:35:01.366Z] [EURUSD_GPT5] New bar: 20260227 08:30:00 | O:1.18148 H:1.18151 L:1.18127 C:1.18136
[2026-02-27T08:35:01.369Z] [GBPUSD] New bar: 20260227 08:30:00 | O:1.34925 H:1.34947 L:1.34913 C:1.34938
[2026-02-27T08:40:00.147Z] [EURUSD] New bar: 20260227 08:35:00 | O:1.18133 H:1.18139 L:1.18117 C:1.18138
[2026-02-27T08:40:00.148Z] [EURUSD_GPT5] New bar: 20260227 08:35:00 | O:1.18133 H:1.18139 L:1.18117 C:1.18138
[2026-02-27T08:40:00.150Z] [USDJPY] New bar: 20260227 08:35:00 | O:156.01400 H:156.06350 L:156.00800 C:156.05800
[2026-02-27T08:40:00.652Z] [GBPUSD] New bar: 20260227 08:35:00 | O:1.34931 H:1.34933 L:1.34875 C:1.34923
[2026-02-27T08:45:00.078Z] [GBPUSD] New bar: 20260227 08:40:00 | O:1.34923 H:1.34946 L:1.34908 C:1.34936
[2026-02-27T08:45:01.086Z] [USDJPY] New bar: 20260227 08:40:00 | O:156.05750 H:156.11250 L:156.05600 C:156.09050
[2026-02-27T08:45:05.861Z] [EURUSD] New bar: 20260227 08:40:00 | O:1.18138 H:1.18138 L:1.18117 C:1.18127
[2026-02-27T08:45:05.864Z] [EURUSD_GPT5] New bar: 20260227 08:40:00 | O:1.18138 H:1.18138 L:1.18117 C:1.18127
[2026-02-27T08:50:00.641Z] [GBPUSD] New bar: 20260227 08:45:00 | O:1.34937 H:1.34992 L:1.34924 C:1.34953
[2026-02-27T08:50:00.892Z] [EURUSD] New bar: 20260227 08:45:00 | O:1.18128 H:1.18128 L:1.18100 C:1.18102
[2026-02-27T08:50:00.895Z] [EURUSD_GPT5] New bar: 20260227 08:45:00 | O:1.18128 H:1.18128 L:1.18100 C:1.18102
[2026-02-27T08:50:00.900Z] [USDJPY] New bar: 20260227 08:45:00 | O:156.09100 H:156.15350 L:156.08800 C:156.11950
[2026-02-27T08:55:00.097Z] [USDJPY] New bar: 20260227 08:50:00 | O:156.12000 H:156.14800 L:156.08350 C:156.14700
[2026-02-27T08:55:00.098Z] [GBPUSD] New bar: 20260227 08:50:00 | O:1.34953 H:1.35014 L:1.34946 C:1.34997
[2026-02-27T08:55:03.623Z] [EURUSD] New bar: 20260227 08:50:00 | O:1.18101 H:1.18125 L:1.18101 C:1.18108
[2026-02-27T08:55:03.624Z] [EURUSD_GPT5] New bar: 20260227 08:50:00 | O:1.18101 H:1.18125 L:1.18101 C:1.18108
[2026-02-27T09:00:00.005Z] [EURUSD] New bar: 20260227 08:55:00 | O:1.18109 H:1.18115 L:1.18064 C:1.18064
[2026-02-27T09:00:00.008Z] [EURUSD_GPT5] New bar: 20260227 08:55:00 | O:1.18109 H:1.18115 L:1.18064 C:1.18064
[2026-02-27T09:00:00.011Z] [USDJPY] New bar: 20260227 08:55:00 | O:156.14750 H:156.17600 L:156.13350 C:156.14450
[2026-02-27T09:00:00.012Z] [GBPUSD] New bar: 20260227 08:55:00 | O:1.34996 H:1.35006 L:1.34932 C:1.34932
[2026-02-27T09:00:00.277Z] [EURUSD_GPT5] [REAL] Closing position...
[2026-02-27T09:00:00.528Z] [EURUSD_GPT5] [REAL] Position closed at 1.18056
[2026-02-27T09:00:00.528Z] [EURUSD_GPT5] [REAL P&L from OANDA] -0.95 (account currency)
[2026-02-27T09:00:00.528Z] [EURUSD_GPT5] CLOSED LONG | SL @ 1.18056 | R: -1.64 | Weighted: -0.77
[2026-02-27T09:00:00.528Z] [EURUSD_GPT5] Bars in trade: 14 | Max favorable: 0.00052 | Max adverse: 0.00102
[2026-02-27T09:00:02.869Z] [EURUSD_GPT5] Analysis: BAD - The trade resulted in a stop loss being hit due to a slight downward movement in the EUR/USD pair, w...
[2026-02-27T09:00:02.871Z] Results saved (2 total trades)
[2026-02-27T09:00:02.876Z] Global trades saved (235 total trades)
[2026-02-27T09:05:00.163Z] [EURUSD] New bar: 20260227 09:00:00 | O:1.18065 H:1.18115 L:1.18057 C:1.18081
[2026-02-27T09:05:00.165Z] [EURUSD_GPT5] New bar: 20260227 09:00:00 | O:1.18065 H:1.18115 L:1.18057 C:1.18081
[2026-02-27T09:05:00.342Z] [EURUSD_GPT5] Calling AI agents for trade decision...
[2026-02-27T09:05:00.344Z] [USDJPY] New bar: 20260227 09:00:00 | O:156.13800 H:156.14900 L:156.10350 C:156.13950
[2026-02-27T09:05:00.345Z] [GBPUSD] New bar: 20260227 09:00:00 | O:1.34929 H:1.34979 L:1.34929 C:1.34957
[2026-02-27T09:05:00.830Z] [EURUSD] [REAL] Trade closed by OANDA - Reason: MARKET_ORDER_POSITION_CLOSEOUT | Exit: 1.18056 | P&L: -0.95
[2026-02-27T09:05:00.951Z] [EURUSD] [REAL] Position already closed (by TP/SL order)
[2026-02-27T09:05:00.952Z] [EURUSD] [REAL P&L from OANDA] -0.95 (account currency)
[2026-02-27T09:05:00.952Z] [EURUSD] CLOSED LONG | MARKET_ORDER_POSITION_CLOSEOUT @ 1.18056 | R: -0.47 | Weighted: -0.26
[2026-02-27T09:05:00.953Z] [EURUSD] Bars in trade: 15 | Max favorable: 0.00039 | Max adverse: 0.00121
[2026-02-27T09:05:03.053Z] [EURUSD] Analysis: BAD - The trade was a loss due to the market moving against the long position. The entry price of 1.18178 ...
[2026-02-27T09:05:03.056Z] Results saved (3 total trades)
[2026-02-27T09:05:03.065Z] Global trades saved (236 total trades)
[2026-02-27T09:05:24.546Z] [EURUSD_GPT5] SIGNAL: LONG | Entry: 1.17975 | SL: 1.17925 | TP: 1.1805 | Risk: 0.35
[2026-02-27T09:05:24.547Z] [EURUSD_GPT5] Reasoning: Dir: Wait for clarity. If price breaks and holds below  | Conf: This does not read like a clean long. The regime/s...
[2026-02-27T09:05:24.547Z] [EURUSD_GPT5] [REAL] Placing MARKET LONG for 1000 units...
[2026-02-27T09:05:24.695Z] [EURUSD_GPT5] [REAL] MARKET filled at 1.18066 | Adjusted TP: 1.18141 SL: 1.18016 (R:R 1.50)
[2026-02-27T09:05:24.808Z] [EURUSD_GPT5] ENTERED LONG @ 1.18066 | SL: 1.18016 | TP: 1.18141 | Size: 1000
[2026-02-27T09:10:00.188Z] [GBPUSD] New bar: 20260227 09:05:00 | O:1.34957 H:1.34969 L:1.34943 C:1.34953
[2026-02-27T09:10:01.692Z] [USDJPY] New bar: 20260227 09:05:00 | O:156.14000 H:156.19400 L:156.13600 C:156.19200
[2026-02-27T09:10:04.213Z] [EURUSD] New bar: 20260227 09:05:00 | O:1.18080 H:1.18080 L:1.18043 C:1.18062
[2026-02-27T09:10:04.397Z] [EURUSD] Calling AI agents for trade decision...
[2026-02-27T09:10:04.398Z] [EURUSD_GPT5] New bar: 20260227 09:05:00 | O:1.18080 H:1.18080 L:1.18043 C:1.18062
[2026-02-27T09:10:23.519Z] [EURUSD] SIGNAL: LONG | Entry: 1.1805 | SL: 1.1793 | TP: 1.18185 | Risk: 0.55
[2026-02-27T09:10:23.520Z] [EURUSD] Reasoning: Dir: Consider a long position if price approaches the s | Conf: The setup has a slight bullish bias as the price i...
[2026-02-27T09:10:23.522Z] [EURUSD] [REAL] Placing MARKET LONG for 1000 units...
[2026-02-27T09:10:23.647Z] [EURUSD] [REAL] MARKET filled at 1.18062 | Adjusted TP: 1.18197 SL: 1.17942 (R:R 1.12)
[2026-02-27T09:10:23.764Z] [EURUSD] ENTERED LONG @ 1.18062 | SL: 1.17942 | TP: 1.18197 | Size: 1000
[2026-02-27T09:15:00.241Z] [USDJPY] New bar: 20260227 09:10:00 | O:156.19100 H:156.23150 L:156.17150 C:156.22800
[2026-02-27T09:15:00.497Z] [EURUSD] New bar: 20260227 09:10:00 | O:1.18064 H:1.18073 L:1.18041 C:1.18041
[2026-02-27T09:15:00.499Z] [EURUSD_GPT5] New bar: 20260227 09:10:00 | O:1.18064 H:1.18073 L:1.18041 C:1.18041
[2026-02-27T09:15:00.501Z] [GBPUSD] New bar: 20260227 09:10:00 | O:1.34953 H:1.34957 L:1.34915 C:1.34917
[2026-02-27T09:20:00.663Z] [GBPUSD] New bar: 20260227 09:15:00 | O:1.34906 H:1.34975 L:1.34904 C:1.34959
[2026-02-27T09:20:00.930Z] [EURUSD] New bar: 20260227 09:15:00 | O:1.18039 H:1.18080 L:1.18037 C:1.18076
[2026-02-27T09:20:00.932Z] [EURUSD_GPT5] New bar: 20260227 09:15:00 | O:1.18039 H:1.18080 L:1.18037 C:1.18076
[2026-02-27T09:20:00.935Z] [USDJPY] New bar: 20260227 09:15:00 | O:156.22850 H:156.23300 L:156.17800 C:156.20600
[2026-02-27T09:25:00.479Z] [GBPUSD] New bar: 20260227 09:20:00 | O:1.34963 H:1.34970 L:1.34908 C:1.34908
[2026-02-27T09:25:01.242Z] [USDJPY] New bar: 20260227 09:20:00 | O:156.20000 H:156.21100 L:156.17600 C:156.19500
[2026-02-27T09:25:05.758Z] [EURUSD] New bar: 20260227 09:20:00 | O:1.18081 H:1.18084 L:1.18047 C:1.18047
[2026-02-27T09:25:05.760Z] [EURUSD_GPT5] New bar: 20260227 09:20:00 | O:1.18081 H:1.18084 L:1.18047 C:1.18047
[2026-02-27T09:30:00.243Z] [EURUSD] New bar: 20260227 09:25:00 | O:1.18049 H:1.18080 L:1.18041 C:1.18074
[2026-02-27T09:30:00.249Z] [EURUSD_GPT5] New bar: 20260227 09:25:00 | O:1.18049 H:1.18080 L:1.18041 C:1.18074
[2026-02-27T09:30:00.252Z] [USDJPY] New bar: 20260227 09:25:00 | O:156.19400 H:156.20550 L:156.14250 C:156.15950
[2026-02-27T09:30:00.252Z] [GBPUSD] New bar: 20260227 09:25:00 | O:1.34909 H:1.34933 L:1.34888 C:1.34921
[2026-02-27T09:35:01.620Z] [GBPUSD] New bar: 20260227 09:30:00 | O:1.34920 H:1.34944 L:1.34898 C:1.34904
[2026-02-27T09:35:02.621Z] [USDJPY] New bar: 20260227 09:30:00 | O:156.16000 H:156.20200 L:156.14750 C:156.19000
[2026-02-27T09:35:04.627Z] [EURUSD] New bar: 20260227 09:30:00 | O:1.18073 H:1.18093 L:1.18056 C:1.18057
[2026-02-27T09:35:04.630Z] [EURUSD_GPT5] New bar: 20260227 09:30:00 | O:1.18073 H:1.18093 L:1.18056 C:1.18057
[2026-02-27T09:40:00.190Z] [EURUSD] New bar: 20260227 09:35:00 | O:1.18057 H:1.18068 L:1.18047 C:1.18051
[2026-02-27T09:40:00.196Z] [EURUSD_GPT5] New bar: 20260227 09:35:00 | O:1.18057 H:1.18068 L:1.18047 C:1.18051
[2026-02-27T09:40:00.198Z] [USDJPY] New bar: 20260227 09:35:00 | O:156.18950 H:156.20900 L:156.16000 C:156.17550
[2026-02-27T09:40:00.940Z] [GBPUSD] New bar: 20260227 09:35:00 | O:1.34903 H:1.34926 L:1.34891 C:1.34902
[2026-02-27T09:45:00.145Z] [GBPUSD] New bar: 20260227 09:40:00 | O:1.34903 H:1.34903 L:1.34835 C:1.34866
[2026-02-27T09:45:00.649Z] [USDJPY] New bar: 20260227 09:40:00 | O:156.17500 H:156.17600 L:156.11500 C:156.12150
[2026-02-27T09:45:02.670Z] [EURUSD] New bar: 20260227 09:40:00 | O:1.18050 H:1.18050 L:1.18017 C:1.18039
[2026-02-27T09:45:02.673Z] [EURUSD_GPT5] New bar: 20260227 09:40:00 | O:1.18050 H:1.18050 L:1.18017 C:1.18039
[2026-02-27T09:50:00.167Z] [EURUSD] New bar: 20260227 09:45:00 | O:1.18036 H:1.18044 L:1.18012 C:1.18013
[2026-02-27T09:50:00.173Z] [EURUSD_GPT5] New bar: 20260227 09:45:00 | O:1.18036 H:1.18044 L:1.18012 C:1.18013
[2026-02-27T09:50:00.420Z] [GBPUSD] New bar: 20260227 09:45:00 | O:1.34867 H:1.34888 L:1.34846 C:1.34847
[2026-02-27T09:50:00.998Z] [EURUSD_GPT5] [REAL] Closing position...
[2026-02-27T09:50:01.245Z] [EURUSD_GPT5] [REAL] Position closed at 1.1801
[2026-02-27T09:50:01.246Z] [EURUSD_GPT5] [REAL P&L from OANDA] -0.40 (account currency)
[2026-02-27T09:50:01.246Z] [EURUSD_GPT5] CLOSED LONG | SL @ 1.1801 | R: -1.12 | Weighted: -0.39
[2026-02-27T09:50:01.246Z] [EURUSD_GPT5] Bars in trade: 9 | Max favorable: 0.00027 | Max adverse: 0.00055
[2026-02-27T09:50:01.684Z] [USDJPY] New bar: 20260227 09:45:00 | O:156.12100 H:156.13650 L:156.10200 C:156.12200
[2026-02-27T09:50:03.487Z] [EURUSD_GPT5] Analysis: BAD - The trade was a loss as the price moved against the long position, hitting the stop loss before reac...
[2026-02-27T09:50:03.493Z] Results saved (4 total trades)
[2026-02-27T09:50:03.500Z] Global trades saved (237 total trades)
[2026-02-27T09:55:00.232Z] [USDJPY] New bar: 20260227 09:50:00 | O:156.12150 H:156.12950 L:156.05800 C:156.06850
[2026-02-27T09:55:00.487Z] [EURUSD] New bar: 20260227 09:50:00 | O:1.18014 H:1.18048 L:1.18001 C:1.18006
[2026-02-27T09:55:00.490Z] [EURUSD_GPT5] New bar: 20260227 09:50:00 | O:1.18014 H:1.18048 L:1.18001 C:1.18006
[2026-02-27T09:55:00.709Z] [EURUSD_GPT5] Calling AI agents for trade decision...
[2026-02-27T09:55:00.710Z] [GBPUSD] New bar: 20260227 09:50:00 | O:1.34847 H:1.34898 L:1.34823 C:1.34887
[2026-02-27T09:55:01.128Z] [EURUSD] [REAL] Trade closed by OANDA - Reason: MARKET_ORDER_POSITION_CLOSEOUT | Exit: 1.1801 | P&L: -0.40
[2026-02-27T09:55:01.246Z] [EURUSD] [REAL] Position already closed (by TP/SL order)
[2026-02-27T09:55:01.246Z] [EURUSD] [REAL P&L from OANDA] -0.40 (account currency)
[2026-02-27T09:55:01.246Z] [EURUSD] CLOSED LONG | MARKET_ORDER_POSITION_CLOSEOUT @ 1.1801 | R: -0.43 | Weighted: -0.24
[2026-02-27T09:55:01.247Z] [EURUSD] Bars in trade: 9 | Max favorable: 0.00031 | Max adverse: 0.00061
[2026-02-27T09:55:03.491Z] [EURUSD] Analysis: BAD - The trade was a long position on EURUSD, but it was closed at a loss due to the market not moving in...
[2026-02-27T09:55:03.492Z] Results saved (5 total trades)
[2026-02-27T09:55:03.498Z] Global trades saved (238 total trades)
[2026-02-27T09:55:29.540Z] [EURUSD_GPT5] SIGNAL: SHORT | Entry: 1.18175 | SL: 1.18232 | TP: 1.17955 | Risk: 0.43
[2026-02-27T09:55:29.541Z] [EURUSD_GPT5] Reasoning: Dir: Sell rallies into 1.18020-1.18060 (area around EMA | Conf: This does not read like a clean, supported SHORT. ...
[2026-02-27T09:55:29.541Z] [EURUSD_GPT5] [REAL] Placing MARKET SHORT for 1000 units...
[2026-02-27T09:55:29.676Z] [EURUSD_GPT5] [REAL] MARKET filled at 1.18 | Adjusted TP: 1.1778 SL: 1.18057 (R:R 3.86)
[2026-02-27T09:55:29.804Z] [EURUSD_GPT5] ENTERED SHORT @ 1.18 | SL: 1.18057 | TP: 1.1778 | Size: 1000
[2026-02-27T10:00:00.206Z] [USDJPY] New bar: 20260227 09:55:00 | O:156.06800 H:156.10200 L:156.06150 C:156.07200
[2026-02-27T10:00:00.361Z] [USDJPY] Calling AI agents for trade decision...
[2026-02-27T10:00:00.730Z] [EURUSD] New bar: 20260227 09:55:00 | O:1.18005 H:1.18008 L:1.17928 C:1.17955
[2026-02-27T10:00:00.886Z] [EURUSD] Calling AI agents for trade decision...
[2026-02-27T10:00:00.886Z] [EURUSD_GPT5] New bar: 20260227 09:55:00 | O:1.18005 H:1.18008 L:1.17928 C:1.17955
[2026-02-27T10:00:00.989Z] [GBPUSD] New bar: 20260227 09:55:00 | O:1.34886 H:1.34896 L:1.34828 C:1.34847
[2026-02-27T10:00:14.104Z] [USDJPY] SIGNAL: LONG | Entry: 156.03342 | SL: 155.981 | TP: 156.11795 | Risk: 0.505
[2026-02-27T10:00:14.104Z] [USDJPY] Reasoning: Dir: No clear trade; wait for breakout above resistance | Conf: This probability reflects the absence of a clear t...
[2026-02-27T10:00:14.105Z] [USDJPY] [REAL] Placing MARKET LONG for 1000 units...
[2026-02-27T10:00:14.696Z] [USDJPY] [REAL] MARKET filled at 156.081 | Adjusted TP: 156.16553 SL: 156.02858 (R:R 1.61)
[2026-02-27T10:00:14.822Z] [USDJPY] ENTERED LONG @ 156.081 | SL: 156.02858 | TP: 156.16553 | Size: 1000
[2026-02-27T10:00:23.196Z] [EURUSD] SIGNAL: SHORT | Entry: 1.1796 | SL: 1.18257 | TP: 1.1787 | Risk: 0.55
[2026-02-27T10:00:23.197Z] [EURUSD] Reasoning: Dir: Consider shorting near the resistance level at 1.1 | Conf: The setup has some favorable aspects, such as a be...
[2026-02-27T10:00:23.198Z] [EURUSD] [REAL] Placing MARKET SHORT for 1000 units...
[2026-02-27T10:00:23.346Z] [EURUSD] [REAL] MARKET filled at 1.17958 | Adjusted TP: 1.17868 SL: 1.18255 (R:R 0.30)
[2026-02-27T10:00:23.467Z] [EURUSD] ENTERED SHORT @ 1.17958 | SL: 1.18255 | TP: 1.17868 | Size: 1000
[2026-02-27T10:05:00.460Z] [EURUSD] New bar: 20260227 10:00:00 | O:1.17955 H:1.17977 L:1.17949 C:1.17961
[2026-02-27T10:05:00.462Z] [EURUSD_GPT5] New bar: 20260227 10:00:00 | O:1.17955 H:1.17977 L:1.17949 C:1.17961
[2026-02-27T10:05:00.464Z] [USDJPY] New bar: 20260227 10:00:00 | O:156.07700 H:156.08700 L:156.02150 C:156.05000
[2026-02-27T10:05:00.466Z] [GBPUSD] New bar: 20260227 10:00:00 | O:1.34847 H:1.34866 L:1.34760 C:1.34771
[2026-02-27T10:05:00.907Z] [USDJPY] [REAL] Trade closed by OANDA - Reason: SL | Exit: 156.029 | P&L: -0.26
[2026-02-27T10:05:01.050Z] [USDJPY] [REAL] Position already closed (by TP/SL order)
[2026-02-27T10:05:01.051Z] [USDJPY] [REAL P&L from OANDA] -0.26 (account currency)
[2026-02-27T10:05:01.051Z] [USDJPY] CLOSED LONG | SL @ 156.029 | R: -0.99 | Weighted: -0.50
[2026-02-27T10:05:01.051Z] [USDJPY] Bars in trade: 1 | Max favorable: 0.00600 | Max adverse: 0.05950
[2026-02-27T10:05:02.937Z] [USDJPY] Analysis: BAD - The trade was stopped out due to the price moving against the long position quickly, hitting the sto...
[2026-02-27T10:05:02.938Z] Results saved (6 total trades)
[2026-02-27T10:05:02.942Z] Global trades saved (239 total trades)
[2026-02-27T10:10:00.172Z] [GBPUSD] New bar: 20260227 10:05:00 | O:1.34774 H:1.34817 L:1.34767 C:1.34809
[2026-02-27T10:10:01.423Z] [EURUSD] New bar: 20260227 10:05:00 | O:1.17962 H:1.17978 L:1.17951 C:1.17972
[2026-02-27T10:10:01.424Z] [EURUSD_GPT5] New bar: 20260227 10:05:00 | O:1.17962 H:1.17978 L:1.17951 C:1.17972
[2026-02-27T10:10:01.696Z] [USDJPY] New bar: 20260227 10:05:00 | O:156.04900 H:156.07400 L:156.03550 C:156.06050
[2026-02-27T10:10:01.924Z] [USDJPY] Calling AI agents for trade decision...
[2026-02-27T10:10:14.642Z] [USDJPY] SIGNAL: LONG | Entry: 156.03588 | SL: 155.98863 | TP: 156.11795 | Risk: 0.505
[2026-02-27T10:10:14.643Z] [USDJPY] Reasoning: Dir: No clear trade. Wait for breakout above resistance | Conf: This probability reflects the lack of a clear tren...
[2026-02-27T10:10:14.643Z] [USDJPY] [REAL] Placing MARKET LONG for 1000 units...
[2026-02-27T10:10:14.811Z] [USDJPY] [REAL] MARKET filled at 156.082 | Adjusted TP: 156.16407 SL: 156.03475 (R:R 1.74)
[2026-02-27T10:10:14.933Z] [USDJPY] ENTERED LONG @ 156.082 | SL: 156.03475 | TP: 156.16407 | Size: 1000
[2026-02-27T10:15:00.173Z] [USDJPY] New bar: 20260227 10:10:00 | O:156.06200 H:156.07500 L:155.98800 C:156.01900
[2026-02-27T10:15:00.686Z] [EURUSD] New bar: 20260227 10:10:00 | O:1.17971 H:1.17977 L:1.17948 C:1.17965
[2026-02-27T10:15:00.690Z] [EURUSD_GPT5] New bar: 20260227 10:10:00 | O:1.17971 H:1.17977 L:1.17948 C:1.17965
[2026-02-27T10:15:00.693Z] [GBPUSD] New bar: 20260227 10:10:00 | O:1.34810 H:1.34810 L:1.34755 C:1.34783
[2026-02-27T10:15:00.829Z] [USDJPY] [REAL] Trade closed by OANDA - Reason: SL | Exit: 156.035 | P&L: -0.23
[2026-02-27T10:15:00.961Z] [USDJPY] [REAL] Position already closed (by TP/SL order)
[2026-02-27T10:15:00.962Z] [USDJPY] [REAL P&L from OANDA] -0.23 (account currency)
[2026-02-27T10:15:00.962Z] [USDJPY] CLOSED LONG | SL @ 156.035 | R: -0.99 | Weighted: -0.50
[2026-02-27T10:15:00.963Z] [USDJPY] Bars in trade: 1 | Max favorable: 0.00000 | Max adverse: 0.09400
[2026-02-27T10:15:03.973Z] [USDJPY] Analysis: BAD - The trade was a loss due to the market structure being bearish (-1) during the London session, which...
[2026-02-27T10:15:03.978Z] Results saved (7 total trades)
[2026-02-27T10:15:03.994Z] Global trades saved (240 total trades)
[2026-02-27T10:20:00.171Z] [GBPUSD] New bar: 20260227 10:15:00 | O:1.34783 H:1.34831 L:1.34783 C:1.34823
[2026-02-27T10:20:01.547Z] [EURUSD] New bar: 20260227 10:15:00 | O:1.17970 H:1.18012 L:1.17969 C:1.18006
[2026-02-27T10:20:01.551Z] [EURUSD_GPT5] New bar: 20260227 10:15:00 | O:1.17970 H:1.18012 L:1.17969 C:1.18006
[2026-02-27T10:20:01.555Z] [USDJPY] New bar: 20260227 10:15:00 | O:156.01750 H:156.02700 L:155.96350 C:155.96950
[2026-02-27T10:20:01.735Z] [USDJPY] Calling AI agents for trade decision...
[2026-02-27T10:20:18.479Z] [USDJPY] SIGNAL: LONG | Entry: 155.5934 | SL: 155.484 | TP: 156.11795 | Risk: 0.505
[2026-02-27T10:20:18.480Z] [USDJPY] Reasoning: Dir: No clear trade; wait for breakout above resistance | Conf: This probability reflects a low confidence in the ...
[2026-02-27T10:20:18.480Z] [USDJPY] [REAL] Placing MARKET LONG for 1000 units...
[2026-02-27T10:20:18.641Z] [USDJPY] [REAL] MARKET filled at 155.98 | Adjusted TP: 156.50455 SL: 155.8706 (R:R 4.79)
[2026-02-27T10:20:18.786Z] [USDJPY] ENTERED LONG @ 155.98 | SL: 155.8706 | TP: 156.50455 | Size: 1000
[2026-02-27T10:25:00.993Z] [GBPUSD] New bar: 20260227 10:20:00 | O:1.34823 H:1.34835 L:1.34756 C:1.34787
[2026-02-27T10:25:03.499Z] [USDJPY] New bar: 20260227 10:20:00 | O:155.97550 H:156.02850 L:155.96300 C:156.00200
[2026-02-27T10:25:10.397Z] [EURUSD] New bar: 20260227 10:20:00 | O:1.18005 H:1.18017 L:1.17993 C:1.18015
[2026-02-27T10:25:10.399Z] [EURUSD_GPT5] New bar: 20260227 10:20:00 | O:1.18005 H:1.18017 L:1.17993 C:1.18015
[2026-02-27T10:30:00.221Z] [USDJPY] New bar: 20260227 10:25:00 | O:156.00250 H:156.00350 L:155.96650 C:155.97450
[2026-02-27T10:30:00.224Z] [GBPUSD] New bar: 20260227 10:25:00 | O:1.34787 H:1.34808 L:1.34784 C:1.34806
[2026-02-27T10:30:00.734Z] [EURUSD] New bar: 20260227 10:25:00 | O:1.18019 H:1.18037 L:1.18018 C:1.18029
[2026-02-27T10:30:00.737Z] [EURUSD_GPT5] New bar: 20260227 10:25:00 | O:1.18019 H:1.18037 L:1.18018 C:1.18029
[2026-02-27T10:35:01.215Z] [USDJPY] New bar: 20260227 10:30:00 | O:155.97250 H:155.99050 L:155.97100 C:155.97800
[2026-02-27T10:35:04.239Z] [GBPUSD] New bar: 20260227 10:30:00 | O:1.34804 H:1.34830 L:1.34776 C:1.34797
[2026-02-27T10:35:05.254Z] [EURUSD] New bar: 20260227 10:30:00 | O:1.18030 H:1.18036 L:1.18013 C:1.18013
[2026-02-27T10:35:05.255Z] [EURUSD_GPT5] New bar: 20260227 10:30:00 | O:1.18030 H:1.18036 L:1.18013 C:1.18013
[2026-02-27T10:40:00.380Z] [EURUSD] New bar: 20260227 10:35:00 | O:1.18012 H:1.18031 L:1.17999 C:1.18027
[2026-02-27T10:40:00.384Z] [EURUSD_GPT5] New bar: 20260227 10:35:00 | O:1.18012 H:1.18031 L:1.17999 C:1.18027
[2026-02-27T10:40:00.386Z] [GBPUSD] New bar: 20260227 10:35:00 | O:1.34797 H:1.34821 L:1.34774 C:1.34817
[2026-02-27T10:40:00.636Z] [USDJPY] New bar: 20260227 10:35:00 | O:155.97850 H:155.98800 L:155.92650 C:155.92750
[2026-02-27T10:45:00.386Z] [USDJPY] New bar: 20260227 10:40:00 | O:155.92900 H:155.96750 L:155.92750 C:155.93100
[2026-02-27T10:45:02.653Z] [GBPUSD] New bar: 20260227 10:40:00 | O:1.34817 H:1.34821 L:1.34767 C:1.34795
[2026-02-27T10:45:05.687Z] [EURUSD] New bar: 20260227 10:40:00 | O:1.18027 H:1.18030 L:1.18008 C:1.18024
[2026-02-27T10:45:05.688Z] [EURUSD_GPT5] New bar: 20260227 10:40:00 | O:1.18027 H:1.18030 L:1.18008 C:1.18024
[2026-02-27T10:50:00.130Z] [GBPUSD] New bar: 20260227 10:45:00 | O:1.34794 H:1.34797 L:1.34766 C:1.34777
[2026-02-27T10:50:01.133Z] [EURUSD] New bar: 20260227 10:45:00 | O:1.18023 H:1.18027 L:1.18003 C:1.18010
[2026-02-27T10:50:01.135Z] [EURUSD_GPT5] New bar: 20260227 10:45:00 | O:1.18023 H:1.18027 L:1.18003 C:1.18010
[2026-02-27T10:50:01.137Z] [USDJPY] New bar: 20260227 10:45:00 | O:155.93200 H:155.97750 L:155.92850 C:155.96650
[2026-02-27T10:55:00.166Z] [EURUSD] New bar: 20260227 10:50:00 | O:1.18010 H:1.18014 L:1.17978 C:1.17983
[2026-02-27T10:55:00.168Z] [EURUSD_GPT5] New bar: 20260227 10:50:00 | O:1.18010 H:1.18014 L:1.17978 C:1.17983
[2026-02-27T10:55:00.170Z] [USDJPY] New bar: 20260227 10:50:00 | O:155.96750 H:156.00200 L:155.95550 C:156.00100
[2026-02-27T10:55:00.172Z] [GBPUSD] New bar: 20260227 10:50:00 | O:1.34776 H:1.34776 L:1.34735 C:1.34741
[2026-02-27T11:00:00.173Z] [EURUSD] New bar: 20260227 10:55:00 | O:1.17986 H:1.17999 L:1.17982 C:1.17989
[2026-02-27T11:00:00.180Z] [EURUSD_GPT5] New bar: 20260227 10:55:00 | O:1.17986 H:1.17999 L:1.17982 C:1.17989
[2026-02-27T11:00:00.188Z] [USDJPY] New bar: 20260227 10:55:00 | O:156.00050 H:156.00800 L:155.97100 C:155.97100
[2026-02-27T11:00:00.193Z] [GBPUSD] New bar: 20260227 10:55:00 | O:1.34743 H:1.34759 L:1.34733 C:1.34757
[2026-02-27T11:00:00.915Z] [GBPUSD] [REAL] Closing position...
[2026-02-27T11:00:01.163Z] [GBPUSD] [REAL] Position closed at 1.34764
[2026-02-27T11:00:01.163Z] [GBPUSD] [REAL P&L from OANDA] +1.31 (account currency)
[2026-02-27T11:00:01.164Z] [GBPUSD] CLOSED SHORT | TP @ 1.34764 | R: 1.63 | Weighted: 0.49
[2026-02-27T11:00:01.164Z] [GBPUSD] Bars in trade: 33 | Max favorable: 0.00201 | Max adverse: 0.00080
[2026-02-27T11:00:04.087Z] [GBPUSD] Analysis: GOOD - The trade was successful as the GBPUSD pair moved downward from the entry point of 1.34934 to the ex...
[2026-02-27T11:00:04.092Z] Results saved (8 total trades)
[2026-02-27T11:00:04.101Z] Global trades saved (241 total trades)
[2026-02-27T11:05:01.487Z] [EURUSD] New bar: 20260227 11:00:00 | O:1.17989 H:1.17990 L:1.17962 C:1.17962
[2026-02-27T11:05:01.493Z] [EURUSD_GPT5] New bar: 20260227 11:00:00 | O:1.17989 H:1.17990 L:1.17962 C:1.17962
[2026-02-27T11:05:01.496Z] [USDJPY] New bar: 20260227 11:00:00 | O:155.97000 H:156.00100 L:155.96550 C:155.99950
[2026-02-27T11:05:01.497Z] [GBPUSD] New bar: 20260227 11:00:00 | O:1.34757 H:1.34760 L:1.34692 C:1.34706
[2026-02-27T11:05:01.682Z] [GBPUSD] Calling AI agents for trade decision...
[2026-02-27T11:05:24.804Z] [GBPUSD] SIGNAL: SHORT | Entry: 1.34756 | SL: 1.35131 | TP: 1.34619 | Risk: 0.3
[2026-02-27T11:05:24.805Z] [GBPUSD] Reasoning: Dir: Consider shorting near resistance at 1.35002, targ | Conf: The proposed trade setup is significantly weakened...
[2026-02-27T11:05:24.805Z] [GBPUSD] [REAL] Placing MARKET SHORT for 1000 units...
[2026-02-27T11:05:24.962Z] [GBPUSD] [REAL] MARKET filled at 1.347 | Adjusted TP: 1.34563 SL: 1.35075 (R:R 0.37)
[2026-02-27T11:05:25.090Z] [GBPUSD] ENTERED SHORT @ 1.347 | SL: 1.35075 | TP: 1.34563 | Size: 1000
[2026-02-27T11:10:00.141Z] [EURUSD] New bar: 20260227 11:05:00 | O:1.17962 H:1.18013 L:1.17962 C:1.18008
[2026-02-27T11:10:00.143Z] [EURUSD_GPT5] New bar: 20260227 11:05:00 | O:1.17962 H:1.18013 L:1.17962 C:1.18008
[2026-02-27T11:10:00.145Z] [USDJPY] New bar: 20260227 11:05:00 | O:155.99900 H:156.00100 L:155.95750 C:155.96200
[2026-02-27T11:10:00.146Z] [GBPUSD] New bar: 20260227 11:05:00 | O:1.34708 H:1.34739 L:1.34684 C:1.34735
[2026-02-27T11:15:00.188Z] [USDJPY] New bar: 20260227 11:10:00 | O:155.96150 H:155.96150 L:155.91500 C:155.93750
[2026-02-27T11:15:01.191Z] [GBPUSD] New bar: 20260227 11:10:00 | O:1.34735 H:1.34773 L:1.34735 C:1.34747
[2026-02-27T11:15:03.960Z] [EURUSD] New bar: 20260227 11:10:00 | O:1.18008 H:1.18030 L:1.18008 C:1.18019
[2026-02-27T11:15:03.961Z] [EURUSD_GPT5] New bar: 20260227 11:10:00 | O:1.18008 H:1.18030 L:1.18008 C:1.18019
[2026-02-27T11:20:00.549Z] [EURUSD] New bar: 20260227 11:15:00 | O:1.18018 H:1.18040 L:1.18013 C:1.18020
[2026-02-27T11:20:00.551Z] [EURUSD_GPT5] New bar: 20260227 11:15:00 | O:1.18018 H:1.18040 L:1.18013 C:1.18020
[2026-02-27T11:20:00.552Z] [USDJPY] New bar: 20260227 11:15:00 | O:155.93800 H:155.94850 L:155.92550 C:155.94550
[2026-02-27T11:20:05.311Z] [GBPUSD] New bar: 20260227 11:15:00 | O:1.34745 H:1.34748 L:1.34708 C:1.34727
[2026-02-27T11:25:00.389Z] [GBPUSD] New bar: 20260227 11:20:00 | O:1.34727 H:1.34776 L:1.34717 C:1.34775
[2026-02-27T11:25:01.147Z] [USDJPY] New bar: 20260227 11:20:00 | O:155.95000 H:155.96100 L:155.91350 C:155.91550
[2026-02-27T11:25:02.905Z] [EURUSD] New bar: 20260227 11:20:00 | O:1.18019 H:1.18027 L:1.18013 C:1.18018
[2026-02-27T11:25:02.909Z] [EURUSD_GPT5] New bar: 20260227 11:20:00 | O:1.18019 H:1.18027 L:1.18013 C:1.18018
[2026-02-27T11:30:00.015Z] [EURUSD] New bar: 20260227 11:25:00 | O:1.18017 H:1.18033 L:1.18007 C:1.18033
[2026-02-27T11:30:00.017Z] [EURUSD_GPT5] New bar: 20260227 11:25:00 | O:1.18017 H:1.18033 L:1.18007 C:1.18033
[2026-02-27T11:30:00.019Z] [USDJPY] New bar: 20260227 11:25:00 | O:155.91600 H:155.92300 L:155.87800 C:155.88050
[2026-02-27T11:30:00.271Z] [GBPUSD] New bar: 20260227 11:25:00 | O:1.34775 H:1.34796 L:1.34756 C:1.34796
[2026-02-27T11:30:00.472Z] [USDJPY] [REAL] Trade closed by OANDA - Reason: SL | Exit: 155.871 | P&L: -0.54
[2026-02-27T11:30:00.613Z] [USDJPY] [REAL] Position already closed (by TP/SL order)
[2026-02-27T11:30:00.614Z] [USDJPY] [REAL P&L from OANDA] -0.54 (account currency)
[2026-02-27T11:30:00.614Z] [USDJPY] CLOSED LONG | SL @ 155.871 | R: -1.00 | Weighted: -0.50
[2026-02-27T11:30:00.615Z] [USDJPY] Bars in trade: 14 | Max favorable: 0.04850 | Max adverse: 0.10200
[2026-02-27T11:30:02.991Z] [USDJPY] Analysis: BAD - The trade resulted in a stop loss being hit due to a slight downward movement in the USDJPY pair aft...
[2026-02-27T11:30:02.992Z] Results saved (9 total trades)
[2026-02-27T11:30:02.996Z] Global trades saved (242 total trades)
[2026-02-27T11:35:00.445Z] [EURUSD] New bar: 20260227 11:30:00 | O:1.18029 H:1.18039 L:1.18022 C:1.18025
[2026-02-27T11:35:00.451Z] [EURUSD_GPT5] New bar: 20260227 11:30:00 | O:1.18029 H:1.18039 L:1.18022 C:1.18025
[2026-02-27T11:35:03.223Z] [USDJPY] New bar: 20260227 11:30:00 | O:155.88050 H:155.88350 L:155.86600 C:155.88000
[2026-02-27T11:35:03.393Z] [USDJPY] Calling AI agents for trade decision...
[2026-02-27T11:35:06.231Z] [GBPUSD] New bar: 20260227 11:30:00 | O:1.34787 H:1.34813 L:1.34776 C:1.34804
[2026-02-27T11:35:19.428Z] [USDJPY] SIGNAL: LONG | Entry: 155.74 | SL: 155.54 | TP: 156.11795 | Risk: 0.4600000000000001
[2026-02-27T11:35:19.428Z] [USDJPY] Reasoning: Dir: No clear trade; wait for breakout above resistance | Conf: This specific setup has a neutral bias with price ...
[2026-02-27T11:35:19.429Z] [USDJPY] [REAL] Placing MARKET LONG for 1000 units...
[2026-02-27T11:35:19.618Z] [USDJPY] [REAL] MARKET filled at 155.888 | Adjusted TP: 156.26595 SL: 155.688 (R:R 1.89)
[2026-02-27T11:35:20.267Z] [USDJPY] ENTERED LONG @ 155.888 | SL: 155.688 | TP: 156.26595 | Size: 1000
[2026-02-27T11:40:00.004Z] [GBPUSD] New bar: 20260227 11:35:00 | O:1.34807 H:1.34814 L:1.34776 C:1.34784
[2026-02-27T11:40:00.510Z] [EURUSD] New bar: 20260227 11:35:00 | O:1.18026 H:1.18029 L:1.17993 C:1.18008
[2026-02-27T11:40:00.516Z] [EURUSD_GPT5] New bar: 20260227 11:35:00 | O:1.18026 H:1.18029 L:1.17993 C:1.18008
[2026-02-27T11:40:03.511Z] [USDJPY] New bar: 20260227 11:35:00 | O:155.88000 H:155.90850 L:155.86900 C:155.90550
[2026-02-27T11:45:00.201Z] [EURUSD] New bar: 20260227 11:40:00 | O:1.18009 H:1.18014 L:1.17982 C:1.17988
[2026-02-27T11:45:00.206Z] [EURUSD_GPT5] New bar: 20260227 11:40:00 | O:1.18009 H:1.18014 L:1.17982 C:1.17988
[2026-02-27T11:45:02.211Z] [GBPUSD] New bar: 20260227 11:40:00 | O:1.34784 H:1.34785 L:1.34763 C:1.34767
[2026-02-27T11:45:02.975Z] [USDJPY] New bar: 20260227 11:40:00 | O:155.90800 H:155.94900 L:155.90550 C:155.94550
[2026-02-27T11:50:00.886Z] [GBPUSD] New bar: 20260227 11:45:00 | O:1.34767 H:1.34772 L:1.34713 C:1.34714
[2026-02-27T11:50:01.390Z] [EURUSD] New bar: 20260227 11:45:00 | O:1.17988 H:1.18014 L:1.17971 C:1.18008
[2026-02-27T11:50:01.391Z] [EURUSD_GPT5] New bar: 20260227 11:45:00 | O:1.17988 H:1.18014 L:1.17971 C:1.18008
[2026-02-27T11:50:03.673Z] [USDJPY] New bar: 20260227 11:45:00 | O:155.94550 H:155.95650 L:155.93650 C:155.94200
[2026-02-27T11:55:00.230Z] [USDJPY] New bar: 20260227 11:50:00 | O:155.93350 H:155.93650 L:155.90300 C:155.93000
[2026-02-27T11:55:00.502Z] [EURUSD] New bar: 20260227 11:50:00 | O:1.18009 H:1.18031 L:1.18006 C:1.18019
[2026-02-27T11:55:00.505Z] [EURUSD_GPT5] New bar: 20260227 11:50:00 | O:1.18009 H:1.18031 L:1.18006 C:1.18019
[2026-02-27T11:55:00.506Z] [GBPUSD] New bar: 20260227 11:50:00 | O:1.34713 H:1.34770 L:1.34713 C:1.34749
[2026-02-27T12:00:00.170Z] [EURUSD] New bar: 20260227 11:55:00 | O:1.18018 H:1.18025 L:1.17998 C:1.18009
[2026-02-27T12:00:00.175Z] [EURUSD_GPT5] New bar: 20260227 11:55:00 | O:1.18018 H:1.18025 L:1.17998 C:1.18009
[2026-02-27T12:00:00.177Z] [USDJPY] New bar: 20260227 11:55:00 | O:155.93050 H:155.93150 L:155.90200 C:155.91000
[2026-02-27T12:00:00.178Z] [GBPUSD] New bar: 20260227 11:55:00 | O:1.34749 H:1.34766 L:1.34655 C:1.34670
[2026-02-27T12:05:00.404Z] [EURUSD] New bar: 20260227 12:00:00 | O:1.18005 H:1.18043 L:1.18004 C:1.18027
[2026-02-27T12:05:00.410Z] [EURUSD_GPT5] New bar: 20260227 12:00:00 | O:1.18005 H:1.18043 L:1.18004 C:1.18027
[2026-02-27T12:05:00.412Z] [USDJPY] New bar: 20260227 12:00:00 | O:155.90950 H:155.90950 L:155.86750 C:155.89450
[2026-02-27T12:05:00.414Z] [GBPUSD] New bar: 20260227 12:00:00 | O:1.34662 H:1.34783 L:1.34662 C:1.34757
[2026-02-27T12:10:00.728Z] [GBPUSD] New bar: 20260227 12:05:00 | O:1.34767 H:1.34781 L:1.34745 C:1.34775
[2026-02-27T12:10:00.982Z] [USDJPY] New bar: 20260227 12:05:00 | O:155.88000 H:155.88050 L:155.84400 C:155.85450
[2026-02-27T12:10:02.746Z] [EURUSD] New bar: 20260227 12:05:00 | O:1.18033 H:1.18050 L:1.18023 C:1.18049
[2026-02-27T12:10:02.747Z] [EURUSD_GPT5] New bar: 20260227 12:05:00 | O:1.18033 H:1.18050 L:1.18023 C:1.18049
[2026-02-27T12:15:00.563Z] [GBPUSD] New bar: 20260227 12:10:00 | O:1.34776 H:1.34779 L:1.34735 C:1.34742
[2026-02-27T12:15:01.072Z] [EURUSD] New bar: 20260227 12:10:00 | O:1.18046 H:1.18054 L:1.18038 C:1.18053
[2026-02-27T12:15:01.075Z] [EURUSD_GPT5] New bar: 20260227 12:10:00 | O:1.18046 H:1.18054 L:1.18038 C:1.18053
[2026-02-27T12:15:06.626Z] [USDJPY] New bar: 20260227 12:10:00 | O:155.85350 H:155.87100 L:155.85000 C:155.85600
[2026-02-27T12:20:00.244Z] [USDJPY] New bar: 20260227 12:15:00 | O:155.85550 H:155.85750 L:155.83850 C:155.85750
[2026-02-27T12:20:00.756Z] [EURUSD] New bar: 20260227 12:15:00 | O:1.18050 H:1.18060 L:1.18049 C:1.18058
[2026-02-27T12:20:00.763Z] [EURUSD_GPT5] New bar: 20260227 12:15:00 | O:1.18050 H:1.18060 L:1.18049 C:1.18058
[2026-02-27T12:20:00.765Z] [GBPUSD] New bar: 20260227 12:15:00 | O:1.34746 H:1.34766 L:1.34737 C:1.34756
[2026-02-27T12:20:03.785Z] [EURUSD_GPT5] [REAL] Closing position...
[2026-02-27T12:20:04.509Z] [EURUSD_GPT5] [REAL] Position closed at 1.18064
[2026-02-27T12:20:04.510Z] [EURUSD_GPT5] [REAL P&L from OANDA] -0.82 (account currency)
[2026-02-27T12:20:04.511Z] [EURUSD_GPT5] CLOSED SHORT | SL @ 1.18064 | R: -1.12 | Weighted: -0.48
[2026-02-27T12:20:04.511Z] [EURUSD_GPT5] Bars in trade: 29 | Max favorable: 0.00072 | Max adverse: 0.00060
[2026-02-27T12:20:07.276Z] [EURUSD_GPT5] Analysis: BAD - The trade was a short position on EURUSD, but the market moved against the position, hitting the sto...
[2026-02-27T12:20:07.281Z] Results saved (10 total trades)
[2026-02-27T12:20:07.289Z] Global trades saved (243 total trades)
[2026-02-27T12:25:00.269Z] [EURUSD] New bar: 20260227 12:20:00 | O:1.18060 H:1.18080 L:1.18060 C:1.18073
[2026-02-27T12:25:00.275Z] [EURUSD_GPT5] New bar: 20260227 12:20:00 | O:1.18060 H:1.18080 L:1.18060 C:1.18073
[2026-02-27T12:25:00.452Z] [EURUSD_GPT5] Calling AI agents for trade decision...
[2026-02-27T12:25:00.539Z] [GBPUSD] New bar: 20260227 12:20:00 | O:1.34757 H:1.34781 L:1.34733 C:1.34770
[2026-02-27T12:25:01.355Z] [EURUSD] [REAL] Trade closed by OANDA - Reason: MARKET_ORDER_POSITION_CLOSEOUT | Exit: 1.18064 | P&L: -0.82
[2026-02-27T12:25:01.488Z] [EURUSD] [REAL] Position already closed (by TP/SL order)
[2026-02-27T12:25:01.489Z] [EURUSD] [REAL P&L from OANDA] -0.82 (account currency)
[2026-02-27T12:25:01.489Z] [EURUSD] CLOSED SHORT | MARKET_ORDER_POSITION_CLOSEOUT @ 1.18064 | R: -0.36 | Weighted: -0.20
[2026-02-27T12:25:01.489Z] [EURUSD] Bars in trade: 29 | Max favorable: 0.00011 | Max adverse: 0.00122
[2026-02-27T12:25:01.790Z] [USDJPY] New bar: 20260227 12:20:00 | O:155.85750 H:155.87000 L:155.84300 C:155.85850
[2026-02-27T12:25:03.075Z] [EURUSD] Analysis: BAD - The trade lost because the market moved against the short position, reaching an exit price of 1.1806...
[2026-02-27T12:25:03.079Z] Results saved (11 total trades)
[2026-02-27T12:25:03.086Z] Global trades saved (244 total trades)
[2026-02-27T12:25:24.420Z] [EURUSD_GPT5] SIGNAL: LONG | Entry: 1.17955 | SL: 1.17905 | TP: 1.1803 | Risk: 0.49
[2026-02-27T12:25:24.420Z] [EURUSD_GPT5] Reasoning: Dir: Wait for clarity. If price breaks and holds above  | Conf: This market is primarily a range, so the ‘story’ s...
[2026-02-27T12:25:24.421Z] [EURUSD_GPT5] [REAL] Placing MARKET LONG for 1000 units...
[2026-02-27T12:25:24.576Z] [EURUSD_GPT5] [REAL] MARKET filled at 1.1807 | Adjusted TP: 1.18145 SL: 1.1802 (R:R 1.50)
[2026-02-27T12:25:24.707Z] [EURUSD_GPT5] ENTERED LONG @ 1.1807 | SL: 1.1802 | TP: 1.18145 | Size: 1000
[2026-02-27T12:30:00.456Z] [EURUSD] New bar: 20260227 12:25:00 | O:1.18073 H:1.18077 L:1.18034 C:1.18064
[2026-02-27T12:30:00.627Z] [EURUSD] Calling AI agents for trade decision...
[2026-02-27T12:30:00.627Z] [EURUSD_GPT5] New bar: 20260227 12:25:00 | O:1.18073 H:1.18077 L:1.18034 C:1.18064
[2026-02-27T12:30:00.628Z] [USDJPY] New bar: 20260227 12:25:00 | O:155.85900 H:155.90300 L:155.85150 C:155.86800
[2026-02-27T12:30:01.474Z] [GBPUSD] New bar: 20260227 12:25:00 | O:1.34768 H:1.34776 L:1.34714 C:1.34754
[2026-02-27T12:30:16.694Z] [EURUSD] SIGNAL: LONG | Entry: 1.1805 | SL: 1.1791 | TP: 1.1815 | Risk: 0.55
[2026-02-27T12:30:16.694Z] [EURUSD] Reasoning: Dir: Consider waiting for a clear breakout above resist | Conf: The setup presents a marginal probability of succe...
[2026-02-27T12:30:16.695Z] [EURUSD] [REAL] Placing MARKET LONG for 1000 units...
[2026-02-27T12:30:16.844Z] [EURUSD] [REAL] MARKET filled at 1.18071 | Adjusted TP: 1.18171 SL: 1.17931 (R:R 0.71)
[2026-02-27T12:30:16.961Z] [EURUSD] ENTERED LONG @ 1.18071 | SL: 1.17931 | TP: 1.18171 | Size: 1000
[2026-02-27T12:35:00.721Z] [GBPUSD] New bar: 20260227 12:30:00 | O:1.34755 H:1.34778 L:1.34737 C:1.34778
[2026-02-27T12:35:01.725Z] [USDJPY] New bar: 20260227 12:30:00 | O:155.86850 H:155.93100 L:155.86300 C:155.91550
[2026-02-27T12:35:01.974Z] [EURUSD] New bar: 20260227 12:30:00 | O:1.18064 H:1.18074 L:1.18043 C:1.18074
[2026-02-27T12:35:01.975Z] [EURUSD_GPT5] New bar: 20260227 12:30:00 | O:1.18064 H:1.18074 L:1.18043 C:1.18074
[2026-02-27T12:40:00.460Z] [EURUSD] New bar: 20260227 12:35:00 | O:1.18074 H:1.18083 L:1.18060 C:1.18066
[2026-02-27T12:40:00.463Z] [EURUSD_GPT5] New bar: 20260227 12:35:00 | O:1.18074 H:1.18083 L:1.18060 C:1.18066
[2026-02-27T12:40:00.467Z] [USDJPY] New bar: 20260227 12:35:00 | O:155.91600 H:155.91850 L:155.89500 C:155.89550
[2026-02-27T12:40:00.725Z] [GBPUSD] New bar: 20260227 12:35:00 | O:1.34777 H:1.34791 L:1.34729 C:1.34735
[2026-02-27T12:45:00.143Z] [EURUSD] New bar: 20260227 12:40:00 | O:1.18063 H:1.18077 L:1.18027 C:1.18027
[2026-02-27T12:45:00.145Z] [EURUSD_GPT5] New bar: 20260227 12:40:00 | O:1.18063 H:1.18077 L:1.18027 C:1.18027
[2026-02-27T12:45:00.147Z] [USDJPY] New bar: 20260227 12:40:00 | O:155.89550 H:155.94700 L:155.88850 C:155.94550
[2026-02-27T12:45:00.149Z] [GBPUSD] New bar: 20260227 12:40:00 | O:1.34735 H:1.34779 L:1.34696 C:1.34696
[2026-02-27T12:50:00.672Z] [EURUSD] New bar: 20260227 12:45:00 | O:1.18026 H:1.18030 L:1.17988 C:1.18009
[2026-02-27T12:50:00.675Z] [EURUSD_GPT5] New bar: 20260227 12:45:00 | O:1.18026 H:1.18030 L:1.17988 C:1.18009
[2026-02-27T12:50:00.676Z] [GBPUSD] New bar: 20260227 12:45:00 | O:1.34695 H:1.34718 L:1.34681 C:1.34686
[2026-02-27T12:50:01.427Z] [EURUSD_GPT5] [REAL] Closing position...
[2026-02-27T12:50:01.683Z] [EURUSD_GPT5] [REAL] Position closed at 1.18004
[2026-02-27T12:50:01.683Z] [EURUSD_GPT5] [REAL P&L from OANDA] -0.52 (account currency)
[2026-02-27T12:50:01.684Z] [EURUSD_GPT5] CLOSED LONG | SL @ 1.18004 | R: -1.32 | Weighted: -0.65
[2026-02-27T12:50:01.684Z] [EURUSD_GPT5] Bars in trade: 5 | Max favorable: 0.00013 | Max adverse: 0.00083
[2026-02-27T12:50:03.938Z] [USDJPY] New bar: 20260227 12:45:00 | O:155.94550 H:155.95350 L:155.91600 C:155.92100
[2026-02-27T12:50:04.337Z] [EURUSD_GPT5] Analysis: BAD - The trade resulted in a stop loss being hit due to a slight downward movement in the EUR/USD pair, w...
[2026-02-27T12:50:04.339Z] Results saved (12 total trades)
[2026-02-27T12:50:04.345Z] Global trades saved (245 total trades)
[2026-02-27T12:55:00.224Z] [USDJPY] New bar: 20260227 12:50:00 | O:155.91650 H:155.92600 L:155.89500 C:155.91250
[2026-02-27T12:55:00.231Z] [GBPUSD] New bar: 20260227 12:50:00 | O:1.34687 H:1.34706 L:1.34663 C:1.34676
[2026-02-27T12:55:00.733Z] [EURUSD] New bar: 20260227 12:50:00 | O:1.18009 H:1.18027 L:1.18002 C:1.18026
[2026-02-27T12:55:00.738Z] [EURUSD_GPT5] New bar: 20260227 12:50:00 | O:1.18009 H:1.18027 L:1.18002 C:1.18026
[2026-02-27T12:55:00.953Z] [EURUSD_GPT5] Calling AI agents for trade decision...
[2026-02-27T12:55:01.862Z] [EURUSD] [REAL] Trade closed by OANDA - Reason: MARKET_ORDER_POSITION_CLOSEOUT | Exit: 1.18004 | P&L: -0.52
[2026-02-27T12:55:01.991Z] [EURUSD] [REAL] Position already closed (by TP/SL order)
[2026-02-27T12:55:01.992Z] [EURUSD] [REAL P&L from OANDA] -0.52 (account currency)
[2026-02-27T12:55:01.992Z] [EURUSD] CLOSED LONG | MARKET_ORDER_POSITION_CLOSEOUT @ 1.18004 | R: -0.48 | Weighted: -0.26
[2026-02-27T12:55:01.992Z] [EURUSD] Bars in trade: 5 | Max favorable: 0.00012 | Max adverse: 0.00083
[2026-02-27T12:55:04.285Z] [EURUSD] Analysis: BAD - The trade was a loss due to the market price moving against the long position. The entry price of 1....
[2026-02-27T12:55:04.289Z] Results saved (13 total trades)
[2026-02-27T12:55:04.293Z] Global trades saved (246 total trades)
[2026-02-27T12:55:24.019Z] [EURUSD_GPT5] SIGNAL: LONG | Entry: 1.17945 | SL: 1.17915 | TP: 1.1818 | Risk: 0.47
[2026-02-27T12:55:24.019Z] [EURUSD_GPT5] Reasoning: Dir: Wait for clarity. If price cleanly reclaims and ho | Conf: The market’s higher-level story is range, but this...
[2026-02-27T12:55:24.020Z] [EURUSD_GPT5] [REAL] Placing MARKET LONG for 1000 units...
[2026-02-27T12:55:24.166Z] [EURUSD_GPT5] [REAL] MARKET filled at 1.18021 | Adjusted TP: 1.18256 SL: 1.17991 (R:R 7.83)
[2026-02-27T12:55:24.305Z] [EURUSD_GPT5] ENTERED LONG @ 1.18021 | SL: 1.17991 | TP: 1.18256 | Size: 1000
[2026-02-27T13:00:00.392Z] [USDJPY] New bar: 20260227 12:55:00 | O:155.91300 H:155.91700 L:155.89000 C:155.89100
[2026-02-27T13:00:00.397Z] [GBPUSD] New bar: 20260227 12:55:00 | O:1.34677 H:1.34710 L:1.34664 C:1.34710
[2026-02-27T13:00:00.910Z] [EURUSD] New bar: 20260227 12:55:00 | O:1.18023 H:1.18029 L:1.18015 C:1.18024
[2026-02-27T13:00:01.069Z] [EURUSD] Calling AI agents for trade decision...
[2026-02-27T13:00:01.070Z] [EURUSD_GPT5] New bar: 20260227 12:55:00 | O:1.18023 H:1.18029 L:1.18015 C:1.18024
[2026-02-27T13:00:19.320Z] [EURUSD] SIGNAL: LONG | Entry: 1.1801 | SL: 1.1791 | TP: 1.1815 | Risk: 0.55
[2026-02-27T13:00:19.321Z] [EURUSD] Reasoning: Dir: Consider a long position towards the resistance le | Conf: The setup shows a slight bullish bias with the pri...
[2026-02-27T13:00:19.321Z] [EURUSD] [REAL] Placing MARKET LONG for 1000 units...
[2026-02-27T13:00:19.488Z] [EURUSD] [REAL] MARKET filled at 1.18023 | Adjusted TP: 1.18163 SL: 1.17923 (R:R 1.40)
[2026-02-27T13:00:19.618Z] [EURUSD] ENTERED LONG @ 1.18023 | SL: 1.17923 | TP: 1.18163 | Size: 1000
[2026-02-27T13:05:00.482Z] [EURUSD] New bar: 20260227 13:00:00 | O:1.18025 H:1.18031 L:1.17994 C:1.18014
[2026-02-27T13:05:00.489Z] [EURUSD_GPT5] New bar: 20260227 13:00:00 | O:1.18025 H:1.18031 L:1.17994 C:1.18014
[2026-02-27T13:05:00.494Z] [USDJPY] New bar: 20260227 13:00:00 | O:155.89100 H:155.98000 L:155.89100 C:155.95700
[2026-02-27T13:05:01.753Z] [GBPUSD] New bar: 20260227 13:00:00 | O:1.34710 H:1.34719 L:1.34648 C:1.34653
[2026-02-27T13:10:00.170Z] [USDJPY] New bar: 20260227 13:05:00 | O:155.95700 H:155.99800 L:155.94750 C:155.96900
[2026-02-27T13:10:00.682Z] [EURUSD] New bar: 20260227 13:05:00 | O:1.18016 H:1.18060 L:1.17997 C:1.18053
[2026-02-27T13:10:00.685Z] [EURUSD_GPT5] New bar: 20260227 13:05:00 | O:1.18016 H:1.18060 L:1.17997 C:1.18053
[2026-02-27T13:10:01.197Z] [GBPUSD] New bar: 20260227 13:05:00 | O:1.34654 H:1.34720 L:1.34619 C:1.34716
[2026-02-27T13:15:00.161Z] [USDJPY] New bar: 20260227 13:10:00 | O:155.96750 H:156.04500 L:155.96650 C:156.03300
[2026-02-27T13:15:00.166Z] [GBPUSD] New bar: 20260227 13:10:00 | O:1.34713 H:1.34737 L:1.34694 C:1.34708
[2026-02-27T13:15:00.662Z] [EURUSD] New bar: 20260227 13:10:00 | O:1.18053 H:1.18065 L:1.18029 C:1.18036
[2026-02-27T13:15:00.665Z] [EURUSD_GPT5] New bar: 20260227 13:10:00 | O:1.18053 H:1.18065 L:1.18029 C:1.18036
[2026-02-27T13:20:00.045Z] [USDJPY] New bar: 20260227 13:15:00 | O:156.03250 H:156.05400 L:155.96350 C:155.98650
[2026-02-27T13:20:00.304Z] [GBPUSD] New bar: 20260227 13:15:00 | O:1.34708 H:1.34728 L:1.34694 C:1.34709
[2026-02-27T13:20:00.571Z] [EURUSD] New bar: 20260227 13:15:00 | O:1.18032 H:1.18051 L:1.18019 C:1.18034
[2026-02-27T13:20:00.572Z] [EURUSD_GPT5] New bar: 20260227 13:15:00 | O:1.18032 H:1.18051 L:1.18019 C:1.18034
[2026-02-27T13:25:00.238Z] [EURUSD] New bar: 20260227 13:20:00 | O:1.18036 H:1.18054 L:1.18017 C:1.18039
[2026-02-27T13:25:00.240Z] [EURUSD_GPT5] New bar: 20260227 13:20:00 | O:1.18036 H:1.18054 L:1.18017 C:1.18039
[2026-02-27T13:25:00.241Z] [GBPUSD] New bar: 20260227 13:20:00 | O:1.34708 H:1.34714 L:1.34647 C:1.34648
[2026-02-27T13:25:01.005Z] [USDJPY] New bar: 20260227 13:20:00 | O:155.98700 H:156.03200 L:155.97750 C:156.01500
[2026-02-27T13:30:00.129Z] [EURUSD] New bar: 20260227 13:25:00 | O:1.18040 H:1.18047 L:1.18012 C:1.18028
[2026-02-27T13:30:00.130Z] [EURUSD_GPT5] New bar: 20260227 13:25:00 | O:1.18040 H:1.18047 L:1.18012 C:1.18028
[2026-02-27T13:30:00.132Z] [USDJPY] New bar: 20260227 13:25:00 | O:156.01700 H:156.03350 L:155.99300 C:155.99300
[2026-02-27T13:30:00.396Z] [GBPUSD] New bar: 20260227 13:25:00 | O:1.34647 H:1.34647 L:1.34557 C:1.34601
[2026-02-27T13:30:01.621Z] [GBPUSD] [REAL] Position closed but couldn't get close details
[2026-02-27T13:30:02.032Z] [GBPUSD] [REAL] Retrieved close info from OANDA - Exit: 1.34563 | P&L: 1.05
[2026-02-27T13:30:02.032Z] [GBPUSD] [REAL] Position already closed (by TP/SL order)
[2026-02-27T13:30:02.033Z] [GBPUSD] [REAL P&L from OANDA] +1.05 (account currency)
[2026-02-27T13:30:02.033Z] [GBPUSD] CLOSED SHORT | CLOSED @ 1.34563 | R: 0.37 | Weighted: 0.11
[2026-02-27T13:30:02.034Z] [GBPUSD] Bars in trade: 29 | Max favorable: 0.00143 | Max adverse: 0.00114
[2026-02-27T13:30:04.028Z] [GBPUSD] Analysis: GOOD - The trade was successful as the price moved down from the entry point of 1.347 to the take profit le...
[2026-02-27T13:30:04.030Z] Results saved (14 total trades)
[2026-02-27T13:30:04.034Z] Global trades saved (247 total trades)
[2026-02-27T13:35:00.003Z] [EURUSD] New bar: 20260227 13:30:00 | O:1.18026 H:1.18026 L:1.17941 C:1.17991
[2026-02-27T13:35:00.009Z] [EURUSD_GPT5] New bar: 20260227 13:30:00 | O:1.18026 H:1.18026 L:1.17941 C:1.17991
[2026-02-27T13:35:00.011Z] [USDJPY] New bar: 20260227 13:30:00 | O:155.99400 H:156.11550 L:155.95900 C:155.99600
[2026-02-27T13:35:00.013Z] [GBPUSD] New bar: 20260227 13:30:00 | O:1.34569 H:1.34603 L:1.34482 C:1.34526
[2026-02-27T13:35:00.225Z] [GBPUSD] Calling AI agents for trade decision...
[2026-02-27T13:35:00.523Z] [EURUSD_GPT5] [REAL] Closing position...
[2026-02-27T13:35:00.769Z] [EURUSD_GPT5] [REAL] Position closed at 1.17986
[2026-02-27T13:35:00.770Z] [EURUSD_GPT5] [REAL P&L from OANDA] -0.29 (account currency)
[2026-02-27T13:35:00.770Z] [EURUSD_GPT5] CLOSED LONG | SL @ 1.17986 | R: -1.17 | Weighted: -0.55
[2026-02-27T13:35:00.770Z] [EURUSD_GPT5] Bars in trade: 8 | Max favorable: 0.00044 | Max adverse: 0.00080
[2026-02-27T13:35:02.981Z] [EURUSD_GPT5] Analysis: BAD - The trade resulted in a stop loss being triggered due to a slight downward movement in the EUR/USD p...
[2026-02-27T13:35:02.984Z] Results saved (15 total trades)
[2026-02-27T13:35:02.990Z] Global trades saved (248 total trades)
[2026-02-27T13:35:20.696Z] [GBPUSD] SIGNAL: SHORT | Entry: 1.3458 | SL: 1.351 | TP: 1.344 | Risk: 0.25
[2026-02-27T13:35:20.696Z] [GBPUSD] Reasoning: Dir: Consider shorting the market if it rallies towards | Conf: The proposed trade setup has been identified with ...
[2026-02-27T13:35:20.697Z] [GBPUSD] [REAL] Placing MARKET SHORT for 1000 units...
[2026-02-27T13:35:20.842Z] [GBPUSD] [REAL] MARKET filled at 1.34545 | Adjusted TP: 1.34365 SL: 1.35065 (R:R 0.35)
[2026-02-27T13:35:20.962Z] [GBPUSD] ENTERED SHORT @ 1.34545 | SL: 1.35065 | TP: 1.34365 | Size: 1000
[2026-02-27T13:40:00.122Z] [USDJPY] New bar: 20260227 13:35:00 | O:155.99700 H:156.10650 L:155.97650 C:156.10600
[2026-02-27T13:40:00.127Z] [GBPUSD] New bar: 20260227 13:35:00 | O:1.34526 H:1.34556 L:1.34438 C:1.34457
[2026-02-27T13:40:00.368Z] [EURUSD] New bar: 20260227 13:35:00 | O:1.17990 H:1.18010 L:1.17927 C:1.17949
[2026-02-27T13:40:00.369Z] [EURUSD_GPT5] New bar: 20260227 13:35:00 | O:1.17990 H:1.18010 L:1.17927 C:1.17949
[2026-02-27T13:40:00.533Z] [EURUSD_GPT5] Calling AI agents for trade decision...
[2026-02-27T13:40:00.820Z] [EURUSD] [REAL] Trade closed by OANDA - Reason: MARKET_ORDER_POSITION_CLOSEOUT | Exit: 1.17986 | P&L: -0.29
[2026-02-27T13:40:00.941Z] [EURUSD] [REAL] Position already closed (by TP/SL order)
[2026-02-27T13:40:00.942Z] [EURUSD] [REAL P&L from OANDA] -0.29 (account currency)
[2026-02-27T13:40:00.942Z] [EURUSD] CLOSED LONG | MARKET_ORDER_POSITION_CLOSEOUT @ 1.17986 | R: -0.37 | Weighted: -0.20
[2026-02-27T13:40:00.943Z] [EURUSD] Bars in trade: 8 | Max favorable: 0.00042 | Max adverse: 0.00096
[2026-02-27T13:40:03.694Z] [EURUSD] Analysis: BAD - The trade lost because the price moved against the long position, hitting the stop loss before reach...
[2026-02-27T13:40:03.696Z] Results saved (16 total trades)
[2026-02-27T13:40:03.700Z] Global trades saved (249 total trades)
[2026-02-27T13:40:23.174Z] [EURUSD_GPT5] SIGNAL: SHORT | Entry: 1.1818 | SL: 1.18245 | TP: 1.18102 | Risk: 0.35
[2026-02-27T13:40:23.175Z] [EURUSD_GPT5] Reasoning: Dir: Bearish continuation only if price breaks and hold | Conf: This does not read like a clean continuation short...
[2026-02-27T13:40:23.176Z] [EURUSD_GPT5] [REAL] Placing MARKET SHORT for 1000 units...
[2026-02-27T13:40:23.311Z] [EURUSD_GPT5] [REAL] MARKET filled at 1.17933 | Adjusted TP: 1.17855 SL: 1.17998 (R:R 1.20)
[2026-02-27T13:40:23.439Z] [EURUSD_GPT5] ENTERED SHORT @ 1.17933 | SL: 1.17998 | TP: 1.17855 | Size: 1000
[2026-02-27T13:45:00.030Z] [USDJPY] New bar: 20260227 13:40:00 | O:156.10550 H:156.16400 L:156.08700 C:156.13800
[2026-02-27T13:45:00.034Z] [GBPUSD] New bar: 20260227 13:40:00 | O:1.34456 H:1.34503 L:1.34406 C:1.34497
[2026-02-27T13:45:00.555Z] [EURUSD] New bar: 20260227 13:40:00 | O:1.17948 H:1.17958 L:1.17912 C:1.17954
[2026-02-27T13:45:00.734Z] [EURUSD] Calling AI agents for trade decision...
[2026-02-27T13:45:00.735Z] [EURUSD_GPT5] New bar: 20260227 13:40:00 | O:1.17948 H:1.17958 L:1.17912 C:1.17954
[2026-02-27T13:45:22.611Z] [EURUSD] SIGNAL: SHORT | Entry: 1.18 | SL: 1.1815 | TP: 1.179 | Risk: 0.55
[2026-02-27T13:45:22.613Z] [EURUSD] Reasoning: Dir: Consider shorting if the price breaks below the su | Conf: The setup has some bearish indicators, such as the...
[2026-02-27T13:45:22.615Z] [EURUSD] [REAL] Placing MARKET SHORT for 1000 units...
[2026-02-27T13:45:23.233Z] [EURUSD] [REAL] MARKET filled at 1.17953 | Adjusted TP: 1.17853 SL: 1.18103 (R:R 0.67)
[2026-02-27T13:45:23.359Z] [EURUSD] ENTERED SHORT @ 1.17953 | SL: 1.18103 | TP: 1.17853 | Size: 1000
[2026-02-27T13:50:00.265Z] [USDJPY] New bar: 20260227 13:45:00 | O:156.14000 H:156.18000 L:156.10650 C:156.17000
[2026-02-27T13:50:00.521Z] [EURUSD] New bar: 20260227 13:45:00 | O:1.17955 H:1.17976 L:1.17905 C:1.17928
[2026-02-27T13:50:00.523Z] [EURUSD_GPT5] New bar: 20260227 13:45:00 | O:1.17955 H:1.17976 L:1.17905 C:1.17928
[2026-02-27T13:50:00.776Z] [GBPUSD] New bar: 20260227 13:45:00 | O:1.34502 H:1.34547 L:1.34414 C:1.34434
[2026-02-27T13:55:00.361Z] [USDJPY] New bar: 20260227 13:50:00 | O:156.16900 H:156.18300 L:156.14450 C:156.14500
[2026-02-27T13:55:00.368Z] [GBPUSD] New bar: 20260227 13:50:00 | O:1.34434 H:1.34454 L:1.34396 C:1.34430
[2026-02-27T13:55:00.616Z] [EURUSD] New bar: 20260227 13:50:00 | O:1.17928 H:1.17938 L:1.17904 C:1.17919
[2026-02-27T13:55:00.617Z] [EURUSD_GPT5] New bar: 20260227 13:50:00 | O:1.17928 H:1.17938 L:1.17904 C:1.17919
[2026-02-27T14:00:00.001Z] [EURUSD] New bar: 20260227 13:55:00 | O:1.17918 H:1.17951 L:1.17906 C:1.17927
[2026-02-27T14:00:00.005Z] [EURUSD_GPT5] New bar: 20260227 13:55:00 | O:1.17918 H:1.17951 L:1.17906 C:1.17927
[2026-02-27T14:00:00.007Z] [USDJPY] New bar: 20260227 13:55:00 | O:156.14450 H:156.18250 L:156.13050 C:156.17450
[2026-02-27T14:00:00.009Z] [GBPUSD] New bar: 20260227 13:55:00 | O:1.34430 H:1.34475 L:1.34421 C:1.34451
[2026-02-27T14:05:00.190Z] [GBPUSD] New bar: 20260227 14:00:00 | O:1.34452 H:1.34498 L:1.34421 C:1.34478
[2026-02-27T14:05:00.947Z] [EURUSD] New bar: 20260227 14:00:00 | O:1.17929 H:1.17973 L:1.17908 C:1.17956
[2026-02-27T14:05:00.949Z] [EURUSD_GPT5] New bar: 20260227 14:00:00 | O:1.17929 H:1.17973 L:1.17908 C:1.17956
[2026-02-27T14:05:00.950Z] [USDJPY] New bar: 20260227 14:00:00 | O:156.17350 H:156.22550 L:156.14500 C:156.17850
[2026-02-27T14:10:00.016Z] [USDJPY] New bar: 20260227 14:05:00 | O:156.18100 H:156.22150 L:156.14700 C:156.15800
[2026-02-27T14:10:00.266Z] [EURUSD] New bar: 20260227 14:05:00 | O:1.17952 H:1.17971 L:1.17942 C:1.17965
[2026-02-27T14:10:00.269Z] [EURUSD_GPT5] New bar: 20260227 14:05:00 | O:1.17952 H:1.17971 L:1.17942 C:1.17965
[2026-02-27T14:10:04.571Z] [GBPUSD] New bar: 20260227 14:05:00 | O:1.34477 H:1.34501 L:1.34463 C:1.34496
[2026-02-27T14:15:00.211Z] [EURUSD] New bar: 20260227 14:10:00 | O:1.17965 H:1.18010 L:1.17958 C:1.17998
[2026-02-27T14:15:00.213Z] [EURUSD_GPT5] New bar: 20260227 14:10:00 | O:1.17965 H:1.18010 L:1.17958 C:1.17998
[2026-02-27T14:15:00.215Z] [USDJPY] New bar: 20260227 14:10:00 | O:156.15650 H:156.15800 L:156.06500 C:156.06500
[2026-02-27T14:15:00.217Z] [GBPUSD] New bar: 20260227 14:10:00 | O:1.34492 H:1.34588 L:1.34486 C:1.34557
[2026-02-27T14:15:01.639Z] [EURUSD_GPT5] [REAL] Closing position...
[2026-02-27T14:15:01.890Z] [EURUSD_GPT5] [REAL] Position closed at 1.17998
[2026-02-27T14:15:01.890Z] [EURUSD_GPT5] [REAL P&L from OANDA] -0.35 (account currency)
[2026-02-27T14:15:01.891Z] [EURUSD_GPT5] CLOSED SHORT | SL @ 1.17998 | R: -1.00 | Weighted: -0.35
[2026-02-27T14:15:01.891Z] [EURUSD_GPT5] Bars in trade: 7 | Max favorable: 0.00029 | Max adverse: 0.00077
[2026-02-27T14:15:04.330Z] [EURUSD_GPT5] Analysis: BAD - The trade resulted in a loss as the price moved against the short position, hitting the stop loss be...
[2026-02-27T14:15:04.336Z] Results saved (17 total trades)
[2026-02-27T14:15:04.341Z] Global trades saved (250 total trades)
[2026-02-27T14:20:00.226Z] [EURUSD] New bar: 20260227 14:15:00 | O:1.17995 H:1.18044 L:1.17990 C:1.18018
[2026-02-27T14:20:00.228Z] [EURUSD_GPT5] New bar: 20260227 14:15:00 | O:1.17995 H:1.18044 L:1.17990 C:1.18018
[2026-02-27T14:20:00.435Z] [EURUSD_GPT5] Calling AI agents for trade decision...
[2026-02-27T14:20:00.436Z] [USDJPY] New bar: 20260227 14:15:00 | O:156.07200 H:156.07400 L:156.01300 C:156.04000
[2026-02-27T14:20:00.439Z] [GBPUSD] New bar: 20260227 14:15:00 | O:1.34554 H:1.34630 L:1.34549 C:1.34605
[2026-02-27T14:20:00.849Z] [EURUSD] [REAL] Trade closed by OANDA - Reason: MARKET_ORDER_POSITION_CLOSEOUT | Exit: 1.17998 | P&L: -0.35
[2026-02-27T14:20:00.970Z] [EURUSD] [REAL] Position already closed (by TP/SL order)
[2026-02-27T14:20:00.971Z] [EURUSD] [REAL P&L from OANDA] -0.35 (account currency)
[2026-02-27T14:20:00.971Z] [EURUSD] CLOSED SHORT | MARKET_ORDER_POSITION_CLOSEOUT @ 1.17998 | R: -0.30 | Weighted: -0.17
[2026-02-27T14:20:00.971Z] [EURUSD] Bars in trade: 7 | Max favorable: 0.00049 | Max adverse: 0.00091
[2026-02-27T14:20:04.224Z] [EURUSD] Analysis: BAD - The trade was a short position on EURUSD, but the market moved against the position, resulting in a ...
[2026-02-27T14:20:04.226Z] Results saved (18 total trades)
[2026-02-27T14:20:04.231Z] Global trades saved (251 total trades)
[2026-02-27T14:20:26.516Z] [EURUSD_GPT5] SIGNAL: LONG | Entry: 1.17945 | SL: 1.17895 | TP: 1.18015 | Risk: 0.35
[2026-02-27T14:20:26.518Z] [EURUSD_GPT5] Reasoning: Dir: Wait for clarity. If price can break and hold abov | Conf: This does not read like a clean long environment. ...
[2026-02-27T14:20:26.520Z] [EURUSD_GPT5] [REAL] Placing MARKET LONG for 1000 units...
[2026-02-27T14:20:27.338Z] [EURUSD_GPT5] [REAL] MARKET filled at 1.18021 | Adjusted TP: 1.18091 SL: 1.17971 (R:R 1.40)
[2026-02-27T14:20:27.468Z] [EURUSD_GPT5] ENTERED LONG @ 1.18021 | SL: 1.17971 | TP: 1.18091 | Size: 1000
[2026-02-27T14:25:00.241Z] [EURUSD] New bar: 20260227 14:20:00 | O:1.18019 H:1.18031 L:1.18006 C:1.18014
[2026-02-27T14:25:00.395Z] [EURUSD] Calling AI agents for trade decision...
[2026-02-27T14:25:00.402Z] [EURUSD_GPT5] New bar: 20260227 14:20:00 | O:1.18019 H:1.18031 L:1.18006 C:1.18014
[2026-02-27T14:25:00.405Z] [USDJPY] New bar: 20260227 14:20:00 | O:156.04100 H:156.07700 L:156.02200 C:156.07100
[2026-02-27T14:25:00.406Z] [GBPUSD] New bar: 20260227 14:20:00 | O:1.34604 H:1.34622 L:1.34581 C:1.34599
[2026-02-27T14:25:28.473Z] [EURUSD] SIGNAL: LONG | Entry: 1.1799 | SL: 1.1789 | TP: 1.1815 | Risk: 0.55
[2026-02-27T14:25:28.475Z] [EURUSD] Reasoning: Dir: Consider entering a long position near the support | Conf: The setup shows a slight bullish bias with the pri...
[2026-02-27T14:25:28.476Z] [EURUSD] [REAL] Placing MARKET LONG for 1000 units...
[2026-02-27T14:25:28.620Z] [EURUSD] [REAL] MARKET filled at 1.18016 | Adjusted TP: 1.18176 SL: 1.17916 (R:R 1.60)
[2026-02-27T14:25:28.740Z] [EURUSD] ENTERED LONG @ 1.18016 | SL: 1.17916 | TP: 1.18176 | Size: 1000
[2026-02-27T14:30:00.234Z] [EURUSD] New bar: 20260227 14:25:00 | O:1.18015 H:1.18041 L:1.18003 C:1.18016
[2026-02-27T14:30:00.238Z] [EURUSD_GPT5] New bar: 20260227 14:25:00 | O:1.18015 H:1.18041 L:1.18003 C:1.18016
[2026-02-27T14:30:00.240Z] [USDJPY] New bar: 20260227 14:25:00 | O:156.07050 H:156.10150 L:156.01600 C:156.06250
[2026-02-27T14:30:00.241Z] [GBPUSD] New bar: 20260227 14:25:00 | O:1.34600 H:1.34668 L:1.34592 C:1.34629
[2026-02-27T14:35:00.133Z] [EURUSD] New bar: 20260227 14:30:00 | O:1.18015 H:1.18093 L:1.18006 C:1.18092
[2026-02-27T14:35:00.137Z] [EURUSD_GPT5] New bar: 20260227 14:30:00 | O:1.18015 H:1.18093 L:1.18006 C:1.18092
[2026-02-27T14:35:00.140Z] [USDJPY] New bar: 20260227 14:30:00 | O:156.06350 H:156.09050 L:156.00350 C:156.01050
[2026-02-27T14:35:00.143Z] [GBPUSD] New bar: 20260227 14:30:00 | O:1.34630 H:1.34659 L:1.34603 C:1.34657
[2026-02-27T14:35:00.958Z] [EURUSD_GPT5] [REAL] Closing position...
[2026-02-27T14:35:01.741Z] [EURUSD_GPT5] [REAL] Position closed at 1.18092
[2026-02-27T14:35:01.742Z] [EURUSD_GPT5] [REAL P&L from OANDA] +0.58 (account currency)
[2026-02-27T14:35:01.744Z] [EURUSD_GPT5] CLOSED LONG | TP @ 1.18092 | R: 1.42 | Weighted: 0.50
[2026-02-27T14:35:01.745Z] [EURUSD_GPT5] Bars in trade: 3 | Max favorable: 0.00072 | Max adverse: 0.00018
[2026-02-27T14:35:04.406Z] [EURUSD_GPT5] Analysis: GOOD - The trade was successful as the market conditions during the NY session favored a bullish movement i...
[2026-02-27T14:35:04.408Z] Results saved (19 total trades)
[2026-02-27T14:35:04.412Z] Global trades saved (252 total trades)
[2026-02-27T14:40:00.217Z] [USDJPY] New bar: 20260227 14:35:00 | O:156.00850 H:156.00900 L:155.93150 C:155.98900
[2026-02-27T14:40:00.468Z] [EURUSD] New bar: 20260227 14:35:00 | O:1.18098 H:1.18154 L:1.18095 C:1.18124
[2026-02-27T14:40:00.471Z] [EURUSD_GPT5] New bar: 20260227 14:35:00 | O:1.18098 H:1.18154 L:1.18095 C:1.18124
[2026-02-27T14:40:00.686Z] [EURUSD_GPT5] Calling AI agents for trade decision...
[2026-02-27T14:40:00.688Z] [GBPUSD] New bar: 20260227 14:35:00 | O:1.34667 H:1.34769 L:1.34660 C:1.34738
[2026-02-27T14:40:02.051Z] [EURUSD] [REAL] Trade closed by OANDA - Reason: MARKET_ORDER_POSITION_CLOSEOUT | Exit: 1.18092 | P&L: 0.58
[2026-02-27T14:40:02.167Z] [EURUSD] [REAL] Position already closed (by TP/SL order)
[2026-02-27T14:40:02.168Z] [EURUSD] [REAL P&L from OANDA] +0.58 (account currency)
[2026-02-27T14:40:02.168Z] [EURUSD] CLOSED LONG | MARKET_ORDER_POSITION_CLOSEOUT @ 1.18092 | R: 0.76 | Weighted: 0.42
[2026-02-27T14:40:02.168Z] [EURUSD] Bars in trade: 3 | Max favorable: 0.00137 | Max adverse: 0.00013
[2026-02-27T14:40:04.519Z] [EURUSD] Analysis: GOOD - The trade was successful as the price moved in the anticipated direction, reaching an exit price of ...
[2026-02-27T14:40:04.524Z] Results saved (20 total trades)
[2026-02-27T14:40:04.530Z] Global trades saved (253 total trades)
[2026-02-27T14:40:26.125Z] [EURUSD_GPT5] SIGNAL: LONG | Entry: 1.1801 | SL: 1.1789 | TP: 1.1819 | Risk: 0.35
[2026-02-27T14:40:26.126Z] [EURUSD_GPT5] Reasoning: Dir: Wait for clarity. If price accepts above 1.18190 a | Conf: This does not read like a clean long. Structure is...
[2026-02-27T14:40:26.126Z] [EURUSD_GPT5] [REAL] Placing MARKET LONG for 1000 units...
[2026-02-27T14:40:26.263Z] [EURUSD_GPT5] [REAL] MARKET filled at 1.1813 | Adjusted TP: 1.1831 SL: 1.1801 (R:R 1.50)
[2026-02-27T14:40:26.387Z] [EURUSD_GPT5] ENTERED LONG @ 1.1813 | SL: 1.1801 | TP: 1.1831 | Size: 1000
[2026-02-27T14:45:00.563Z] [EURUSD] New bar: 20260227 14:40:00 | O:1.18123 H:1.18144 L:1.18102 C:1.18134
[2026-02-27T14:45:00.752Z] [EURUSD] Calling AI agents for trade decision...
[2026-02-27T14:45:00.752Z] [EURUSD_GPT5] New bar: 20260227 14:40:00 | O:1.18123 H:1.18144 L:1.18102 C:1.18134
[2026-02-27T14:45:00.818Z] [GBPUSD] New bar: 20260227 14:40:00 | O:1.34739 H:1.34739 L:1.34682 C:1.34706
[2026-02-27T14:45:01.079Z] [USDJPY] New bar: 20260227 14:40:00 | O:155.98900 H:155.99050 L:155.93450 C:155.96850
[2026-02-27T14:45:21.235Z] [EURUSD] SIGNAL: LONG | Entry: 1.1801 | SL: 1.17878 | TP: 1.1819 | Risk: 0.55
[2026-02-27T14:45:21.236Z] [EURUSD] Reasoning: Dir: Consider a long position if the price retraces to  | Conf: The setup shows a slight bullish bias with the pri...
[2026-02-27T14:45:21.236Z] [EURUSD] [REAL] Placing MARKET LONG for 1000 units...
[2026-02-27T14:45:21.385Z] [EURUSD] [REAL] MARKET filled at 1.18129 | Adjusted TP: 1.18309 SL: 1.17997 (R:R 1.36)
[2026-02-27T14:45:21.507Z] [EURUSD] ENTERED LONG @ 1.18129 | SL: 1.17997 | TP: 1.18309 | Size: 1000
[2026-02-27T14:50:00.058Z] [EURUSD] New bar: 20260227 14:45:00 | O:1.18131 H:1.18131 L:1.18063 C:1.18073
[2026-02-27T14:50:00.060Z] [EURUSD_GPT5] New bar: 20260227 14:45:00 | O:1.18131 H:1.18131 L:1.18063 C:1.18073
[2026-02-27T14:50:00.062Z] [USDJPY] New bar: 20260227 14:45:00 | O:155.97350 H:156.09600 L:155.97200 C:156.07350
[2026-02-27T14:50:01.070Z] [GBPUSD] New bar: 20260227 14:45:00 | O:1.34706 H:1.34708 L:1.34613 C:1.34626
[2026-02-27T14:55:00.284Z] [USDJPY] New bar: 20260227 14:50:00 | O:156.07350 H:156.16750 L:156.05050 C:156.15950
[2026-02-27T14:55:00.292Z] [GBPUSD] New bar: 20260227 14:50:00 | O:1.34629 H:1.34657 L:1.34564 C:1.34565
[2026-02-27T14:55:04.037Z] [EURUSD] New bar: 20260227 14:50:00 | O:1.18074 H:1.18093 L:1.18010 C:1.18014
[2026-02-27T14:55:04.038Z] [EURUSD_GPT5] New bar: 20260227 14:50:00 | O:1.18074 H:1.18093 L:1.18010 C:1.18014
[2026-02-27T14:55:04.743Z] [EURUSD_GPT5] [REAL] Closing position...
[2026-02-27T14:55:04.982Z] [EURUSD_GPT5] [REAL] Position closed at 1.18001
[2026-02-27T14:55:04.982Z] [EURUSD_GPT5] [REAL P&L from OANDA] -0.99 (account currency)
[2026-02-27T14:55:04.982Z] [EURUSD_GPT5] CLOSED LONG | SL @ 1.18001 | R: -1.07 | Weighted: -0.38
[2026-02-27T14:55:04.983Z] [EURUSD_GPT5] Bars in trade: 3 | Max favorable: 0.00014 | Max adverse: 0.00120
[2026-02-27T14:55:07.162Z] [EURUSD_GPT5] Analysis: BAD - The trade resulted in a loss as the price moved against the long position, hitting the stop loss at ...
[2026-02-27T14:55:07.166Z] Results saved (21 total trades)
[2026-02-27T14:55:07.171Z] Global trades saved (254 total trades)
[2026-02-27T15:00:00.053Z] [EURUSD] New bar: 20260227 14:55:00 | O:1.18014 H:1.18015 L:1.17956 C:1.17972
[2026-02-27T15:00:00.055Z] [EURUSD_GPT5] New bar: 20260227 14:55:00 | O:1.18014 H:1.18015 L:1.17956 C:1.17972
[2026-02-27T15:00:00.238Z] [EURUSD_GPT5] Calling AI agents for trade decision...
[2026-02-27T15:00:00.241Z] [USDJPY] New bar: 20260227 14:55:00 | O:156.16000 H:156.20750 L:156.15900 C:156.18000
[2026-02-27T15:00:00.243Z] [GBPUSD] New bar: 20260227 14:55:00 | O:1.34565 H:1.34570 L:1.34484 C:1.34503
[2026-02-27T15:00:01.262Z] [EURUSD] [REAL] Trade closed by OANDA - Reason: MARKET_ORDER_POSITION_CLOSEOUT | Exit: 1.18001 | P&L: -0.99
[2026-02-27T15:00:01.394Z] [EURUSD] [REAL] Position already closed (by TP/SL order)
[2026-02-27T15:00:01.394Z] [EURUSD] [REAL P&L from OANDA] -0.99 (account currency)
[2026-02-27T15:00:01.395Z] [EURUSD] CLOSED LONG | MARKET_ORDER_POSITION_CLOSEOUT @ 1.18001 | R: -0.97 | Weighted: -0.53
[2026-02-27T15:00:01.395Z] [EURUSD] Bars in trade: 3 | Max favorable: 0.00002 | Max adverse: 0.00172
[2026-02-27T15:00:03.521Z] [EURUSD] Analysis: BAD - The trade was a long position on EURUSD, but the market structure was bearish (-1), indicating a dow...
[2026-02-27T15:00:03.522Z] Results saved (22 total trades)
[2026-02-27T15:00:03.527Z] Global trades saved (255 total trades)
[2026-02-27T15:00:21.239Z] [EURUSD_GPT5] AI says WAIT: Confidence agent recommends SKIP: Nothing here supports a confident LONG. Structure is bearish (down...
[2026-02-27T15:02:04.966Z] Price stream error: terminated
[2026-02-27T15:05:00.170Z] [EURUSD] New bar: 20260227 15:00:00 | O:1.17973 H:1.18045 L:1.17963 C:1.18011
[2026-02-27T15:05:00.346Z] [EURUSD] Calling AI agents for trade decision...
[2026-02-27T15:05:00.347Z] [EURUSD_GPT5] New bar: 20260227 15:00:00 | O:1.17973 H:1.18045 L:1.17963 C:1.18011
[2026-02-27T15:05:00.539Z] [EURUSD_GPT5] Calling AI agents for trade decision...
[2026-02-27T15:05:00.542Z] [USDJPY] New bar: 20260227 15:00:00 | O:156.17850 H:156.21150 L:156.09700 C:156.16450
[2026-02-27T15:05:00.687Z] [GBPUSD] New bar: 20260227 15:00:00 | O:1.34503 H:1.34559 L:1.34465 C:1.34485
[2026-02-27T15:05:19.953Z] [EURUSD] SIGNAL: LONG | Entry: 1.1798 | SL: 1.1789 | TP: 1.1815 | Risk: 0.55
[2026-02-27T15:05:19.954Z] [EURUSD] Reasoning: Dir: Consider entering a long position to target the re | Conf: The setup has some bullish indicators, such as the...
[2026-02-27T15:05:19.954Z] [EURUSD] [REAL] Placing MARKET LONG for 1000 units...
[2026-02-27T15:05:20.124Z] [EURUSD_GPT5] SIGNAL: LONG | Entry: 1.1793 | SL: 1.1789 | TP: 1.18185 | Risk: 0.35
[2026-02-27T15:05:20.125Z] [EURUSD_GPT5] Reasoning: Dir: Wait for clarity. If price reclaims and holds abov | Conf: This market isn’t telling one clean story that sup...
[2026-02-27T15:05:20.125Z] [EURUSD_GPT5] [REAL] Placing MARKET LONG for 1000 units...
[2026-02-27T15:05:20.129Z] [EURUSD] [REAL] MARKET filled at 1.18031 | Adjusted TP: 1.18201 SL: 1.17941 (R:R 1.89)
[2026-02-27T15:05:20.247Z] [EURUSD] ENTERED LONG @ 1.18031 | SL: 1.17941 | TP: 1.18201 | Size: 1000
[2026-02-27T15:05:20.261Z] [EURUSD_GPT5] [REAL] MARKET filled at 1.1803 | Adjusted TP: 1.18285 SL: 1.1799 (R:R 6.38)
[2026-02-27T15:05:20.377Z] [EURUSD_GPT5] ENTERED LONG @ 1.1803 | SL: 1.1799 | TP: 1.18285 | Size: 1000
[2026-02-27T15:10:00.097Z] [EURUSD] New bar: 20260227 15:05:00 | O:1.18009 H:1.18066 L:1.18009 C:1.18023
[2026-02-27T15:10:00.100Z] [EURUSD_GPT5] New bar: 20260227 15:05:00 | O:1.18009 H:1.18066 L:1.18009 C:1.18023
[2026-02-27T15:10:00.102Z] [USDJPY] New bar: 20260227 15:05:00 | O:156.16300 H:156.16950 L:156.06250 C:156.11050
[2026-02-27T15:10:00.356Z] [GBPUSD] New bar: 20260227 15:05:00 | O:1.34486 H:1.34597 L:1.34486 C:1.34547
[2026-02-27T15:15:00.065Z] [EURUSD] New bar: 20260227 15:10:00 | O:1.18022 H:1.18061 L:1.18007 C:1.18013
[2026-02-27T15:15:00.066Z] [EURUSD_GPT5] New bar: 20260227 15:10:00 | O:1.18022 H:1.18061 L:1.18007 C:1.18013
[2026-02-27T15:15:00.320Z] [USDJPY] New bar: 20260227 15:10:00 | O:156.11000 H:156.11450 L:156.06900 C:156.11450
[2026-02-27T15:15:00.585Z] [GBPUSD] New bar: 20260227 15:10:00 | O:1.34550 H:1.34618 L:1.34537 C:1.34539
[2026-02-27T15:20:00.257Z] [EURUSD] New bar: 20260227 15:15:00 | O:1.18013 H:1.18027 L:1.17978 C:1.18023
[2026-02-27T15:20:00.258Z] [EURUSD_GPT5] New bar: 20260227 15:15:00 | O:1.18013 H:1.18027 L:1.17978 C:1.18023
[2026-02-27T15:20:00.260Z] [USDJPY] New bar: 20260227 15:15:00 | O:156.11350 H:156.16900 L:156.10850 C:156.12400
[2026-02-27T15:20:00.529Z] [GBPUSD] New bar: 20260227 15:15:00 | O:1.34538 H:1.34570 L:1.34488 C:1.34548
[2026-02-27T15:20:00.551Z] [EURUSD_GPT5] [REAL] Closing position...
[2026-02-27T15:20:00.820Z] [EURUSD_GPT5] [REAL] Position closed at 1.18019
[2026-02-27T15:20:00.821Z] [EURUSD_GPT5] [REAL P&L from OANDA] -0.09 (account currency)
[2026-02-27T15:20:00.821Z] [EURUSD_GPT5] CLOSED LONG | SL @ 1.18019 | R: -0.27 | Weighted: -0.10
[2026-02-27T15:20:00.821Z] [EURUSD_GPT5] Bars in trade: 3 | Max favorable: 0.00036 | Max adverse: 0.00052
[2026-02-27T15:20:03.097Z] [EURUSD_GPT5] Analysis: BAD - The trade was a loss due to the market structure being negative (-1), indicating bearish pressure. T...
[2026-02-27T15:20:03.099Z] Results saved (23 total trades)
[2026-02-27T15:20:03.104Z] Global trades saved (256 total trades)
[2026-02-27T15:25:00.103Z] [USDJPY] New bar: 20260227 15:20:00 | O:156.12900 H:156.14900 L:156.09750 C:156.14150
[2026-02-27T15:25:00.106Z] [GBPUSD] New bar: 20260227 15:20:00 | O:1.34548 H:1.34591 L:1.34537 C:1.34580
[2026-02-27T15:25:01.363Z] [EURUSD] New bar: 20260227 15:20:00 | O:1.18025 H:1.18068 L:1.18023 C:1.18056
[2026-02-27T15:25:01.364Z] [EURUSD_GPT5] New bar: 20260227 15:20:00 | O:1.18025 H:1.18068 L:1.18023 C:1.18056
[2026-02-27T15:25:01.551Z] [EURUSD_GPT5] Calling AI agents for trade decision...
[2026-02-27T15:25:01.845Z] [EURUSD] [REAL] Trade closed by OANDA - Reason: MARKET_ORDER_POSITION_CLOSEOUT | Exit: 1.18019 | P&L: -0.09
[2026-02-27T15:25:01.984Z] [EURUSD] [REAL] Position already closed (by TP/SL order)
[2026-02-27T15:25:01.984Z] [EURUSD] [REAL P&L from OANDA] -0.09 (account currency)
[2026-02-27T15:25:01.984Z] [EURUSD] CLOSED LONG | MARKET_ORDER_POSITION_CLOSEOUT @ 1.18019 | R: -0.13 | Weighted: -0.07
[2026-02-27T15:25:01.984Z] [EURUSD] Bars in trade: 4 | Max favorable: 0.00038 | Max adverse: 0.00053
[2026-02-27T15:25:04.228Z] [EURUSD] Analysis: BAD - The trade lost because the market moved against the long position, resulting in an exit at 1.18019, ...
[2026-02-27T15:25:04.235Z] Results saved (24 total trades)
[2026-02-27T15:25:04.241Z] Global trades saved (257 total trades)
[2026-02-27T15:25:21.149Z] [EURUSD_GPT5] SIGNAL: LONG | Entry: 1.17928 | SL: 1.17888 | TP: 1.18182 | Risk: 0.35
[2026-02-27T15:25:21.150Z] [EURUSD_GPT5] Reasoning: Dir: Wait for clarity. If price breaks and holds above  | Conf: This does not read like a clean long environment. ...
[2026-02-27T15:25:21.152Z] [EURUSD_GPT5] [REAL] Placing MARKET LONG for 1000 units...
[2026-02-27T15:25:21.316Z] [EURUSD_GPT5] [REAL] MARKET filled at 1.18048 | Adjusted TP: 1.18302 SL: 1.18008 (R:R 6.35)
[2026-02-27T15:25:21.431Z] [EURUSD_GPT5] ENTERED LONG @ 1.18048 | SL: 1.18008 | TP: 1.18302 | Size: 1000
[2026-02-27T15:30:00.220Z] [GBPUSD] New bar: 20260227 15:25:00 | O:1.34580 H:1.34593 L:1.34548 C:1.34580
[2026-02-27T15:30:00.470Z] [USDJPY] New bar: 20260227 15:25:00 | O:156.14100 H:156.15650 L:156.09150 C:156.10300
[2026-02-27T15:30:01.253Z] [EURUSD] New bar: 20260227 15:25:00 | O:1.18056 H:1.18084 L:1.18039 C:1.18078
[2026-02-27T15:30:01.403Z] [EURUSD] Calling AI agents for trade decision...
[2026-02-27T15:30:01.404Z] [EURUSD_GPT5] New bar: 20260227 15:25:00 | O:1.18056 H:1.18084 L:1.18039 C:1.18078
[2026-02-27T15:30:25.280Z] [EURUSD] SIGNAL: LONG | Entry: 1.1805 | SL: 1.1787 | TP: 1.182 | Risk: 0.55
[2026-02-27T15:30:25.282Z] [EURUSD] Reasoning: Dir: Consider waiting for a breakout above the resistan | Conf: The setup shows some positive aspects, such as the...
[2026-02-27T15:30:25.284Z] [EURUSD] [REAL] Placing MARKET LONG for 1000 units...
[2026-02-27T15:30:25.444Z] [EURUSD] [REAL] MARKET filled at 1.18093 | Adjusted TP: 1.18243 SL: 1.17913 (R:R 0.83)
[2026-02-27T15:30:25.581Z] [EURUSD] ENTERED LONG @ 1.18093 | SL: 1.17913 | TP: 1.18243 | Size: 1000
[2026-02-27T15:35:00.405Z] [EURUSD] New bar: 20260227 15:30:00 | O:1.18077 H:1.18123 L:1.18068 C:1.18111
[2026-02-27T15:35:00.409Z] [EURUSD_GPT5] New bar: 20260227 15:30:00 | O:1.18077 H:1.18123 L:1.18068 C:1.18111
[2026-02-27T15:35:01.413Z] [USDJPY] New bar: 20260227 15:30:00 | O:156.10350 H:156.12450 L:156.06200 C:156.06350
[2026-02-27T15:35:01.415Z] [GBPUSD] New bar: 20260227 15:30:00 | O:1.34580 H:1.34639 L:1.34566 C:1.34618
[2026-02-27T15:40:00.011Z] [EURUSD] New bar: 20260227 15:35:00 | O:1.18110 H:1.18172 L:1.18105 C:1.18134
[2026-02-27T15:40:00.017Z] [EURUSD_GPT5] New bar: 20260227 15:35:00 | O:1.18110 H:1.18172 L:1.18105 C:1.18134
[2026-02-27T15:40:00.265Z] [USDJPY] New bar: 20260227 15:35:00 | O:156.06300 H:156.06500 L:155.97300 C:156.00450
[2026-02-27T15:40:00.268Z] [GBPUSD] New bar: 20260227 15:35:00 | O:1.34619 H:1.34728 L:1.34610 C:1.34692
[2026-02-27T15:45:00.161Z] [EURUSD] New bar: 20260227 15:40:00 | O:1.18134 H:1.18148 L:1.18098 C:1.18127
[2026-02-27T15:45:00.165Z] [EURUSD_GPT5] New bar: 20260227 15:40:00 | O:1.18134 H:1.18148 L:1.18098 C:1.18127
[2026-02-27T15:45:00.166Z] [USDJPY] New bar: 20260227 15:40:00 | O:156.00400 H:156.04700 L:155.96300 C:155.96450
[2026-02-27T15:45:00.167Z] [GBPUSD] New bar: 20260227 15:40:00 | O:1.34691 H:1.34727 L:1.34657 C:1.34693
[2026-02-27T15:50:00.328Z] [USDJPY] New bar: 20260227 15:45:00 | O:155.95500 H:156.15050 L:155.95250 C:156.12350
[2026-02-27T15:50:00.335Z] [GBPUSD] New bar: 20260227 15:45:00 | O:1.34693 H:1.34702 L:1.34552 C:1.34567
[2026-02-27T15:50:01.839Z] [EURUSD] New bar: 20260227 15:45:00 | O:1.18128 H:1.18133 L:1.18042 C:1.18068
[2026-02-27T15:50:01.842Z] [EURUSD_GPT5] New bar: 20260227 15:45:00 | O:1.18128 H:1.18133 L:1.18042 C:1.18068
[2026-02-27T15:55:00.200Z] [USDJPY] New bar: 20260227 15:50:00 | O:156.12450 H:156.15500 L:156.07250 C:156.08750
[2026-02-27T15:55:00.455Z] [EURUSD] New bar: 20260227 15:50:00 | O:1.18068 H:1.18085 L:1.18004 C:1.18062
[2026-02-27T15:55:00.458Z] [EURUSD_GPT5] New bar: 20260227 15:50:00 | O:1.18068 H:1.18085 L:1.18004 C:1.18062
[2026-02-27T15:55:00.462Z] [GBPUSD] New bar: 20260227 15:50:00 | O:1.34567 H:1.34583 L:1.34477 C:1.34515
[2026-02-27T15:55:01.173Z] [EURUSD_GPT5] [REAL] Closing position...
[2026-02-27T15:55:01.426Z] [EURUSD_GPT5] [REAL] Position closed at 1.18062
[2026-02-27T15:55:01.427Z] [EURUSD_GPT5] [REAL P&L from OANDA] -0.24 (account currency)
[2026-02-27T15:55:01.427Z] [EURUSD_GPT5] CLOSED LONG | SL @ 1.18062 | R: 0.35 | Weighted: 0.12
[2026-02-27T15:55:01.427Z] [EURUSD_GPT5] Bars in trade: 6 | Max favorable: 0.00124 | Max adverse: 0.00044
[2026-02-27T15:55:04.140Z] [EURUSD_GPT5] Analysis: BAD - The trade resulted in a stop loss being hit due to the market structure being bearish (-1) during th...
[2026-02-27T15:55:04.147Z] Results saved (25 total trades)
[2026-02-27T15:55:04.154Z] Global trades saved (258 total trades)
[2026-02-27T16:00:00.018Z] [USDJPY] New bar: 20260227 15:55:00 | O:156.08750 H:156.18300 L:156.06100 C:156.06100
[2026-02-27T16:00:00.020Z] [GBPUSD] New bar: 20260227 15:55:00 | O:1.34516 H:1.34528 L:1.34432 C:1.34438
[2026-02-27T16:00:00.547Z] [EURUSD] New bar: 20260227 15:55:00 | O:1.18064 H:1.18088 L:1.18060 C:1.18072
[2026-02-27T16:00:00.550Z] [EURUSD_GPT5] New bar: 20260227 15:55:00 | O:1.18064 H:1.18088 L:1.18060 C:1.18072
[2026-02-27T16:00:00.731Z] [EURUSD_GPT5] Calling AI agents for trade decision...
[2026-02-27T16:00:01.026Z] [EURUSD] [REAL] Trade closed by OANDA - Reason: MARKET_ORDER_POSITION_CLOSEOUT | Exit: 1.18062 | P&L: -0.24
[2026-02-27T16:00:01.178Z] [EURUSD] [REAL] Position already closed (by TP/SL order)
[2026-02-27T16:00:01.178Z] [EURUSD] [REAL P&L from OANDA] -0.24 (account currency)
[2026-02-27T16:00:01.178Z] [EURUSD] CLOSED LONG | MARKET_ORDER_POSITION_CLOSEOUT @ 1.18062 | R: -0.17 | Weighted: -0.09
[2026-02-27T16:00:01.179Z] [EURUSD] Bars in trade: 6 | Max favorable: 0.00079 | Max adverse: 0.00089
[2026-02-27T16:00:04.902Z] [EURUSD] Analysis: BAD - The trade was a loss primarily due to the market structure being -1, indicating a bearish trend. The...
[2026-02-27T16:00:04.905Z] Results saved (26 total trades)
[2026-02-27T16:00:04.910Z] Global trades saved (259 total trades)
[2026-02-27T16:00:24.225Z] [EURUSD_GPT5] SIGNAL: LONG | Entry: 1.17935 | SL: 1.17885 | TP: 1.1801 | Risk: 0.35
[2026-02-27T16:00:24.227Z] [EURUSD_GPT5] Reasoning: Dir: Wait for clarity. If price reclaims and holds abov | Conf: This does not read like a market in agreement with...
[2026-02-27T16:00:24.228Z] [EURUSD_GPT5] [REAL] Placing MARKET LONG for 1000 units...
[2026-02-27T16:00:24.391Z] [EURUSD_GPT5] [REAL] MARKET filled at 1.18067 | Adjusted TP: 1.18142 SL: 1.18017 (R:R 1.50)
[2026-02-27T16:00:24.534Z] [EURUSD_GPT5] ENTERED LONG @ 1.18067 | SL: 1.18017 | TP: 1.18142 | Size: 1000
[2026-02-27T16:05:00.174Z] [EURUSD] New bar: 20260227 16:00:00 | O:1.18073 H:1.18145 L:1.18057 C:1.18145
[2026-02-27T16:05:00.384Z] [EURUSD] Calling AI agents for trade decision...
[2026-02-27T16:05:00.385Z] [EURUSD_GPT5] New bar: 20260227 16:00:00 | O:1.18073 H:1.18145 L:1.18057 C:1.18145
[2026-02-27T16:05:00.386Z] [USDJPY] New bar: 20260227 16:00:00 | O:156.06150 H:156.14350 L:156.05600 C:156.06450
[2026-02-27T16:05:00.389Z] [GBPUSD] New bar: 20260227 16:00:00 | O:1.34440 H:1.34518 L:1.34413 C:1.34515
[2026-02-27T16:05:00.677Z] [EURUSD_GPT5] [REAL] Closing position...
[2026-02-27T16:05:00.924Z] [EURUSD_GPT5] [REAL] Position closed at 1.1814
[2026-02-27T16:05:00.925Z] [EURUSD_GPT5] [REAL P&L from OANDA] +0.56 (account currency)
[2026-02-27T16:05:00.925Z] [EURUSD_GPT5] CLOSED LONG | TP @ 1.1814 | R: 1.46 | Weighted: 0.51
[2026-02-27T16:05:00.925Z] [EURUSD_GPT5] Bars in trade: 1 | Max favorable: 0.00077 | Max adverse: 0.00010
[2026-02-27T16:05:03.516Z] [EURUSD_GPT5] Analysis: GOOD - The trade was successful as the price moved favorably from the entry point of 1.18067 to the take pr...
[2026-02-27T16:05:03.518Z] Results saved (27 total trades)
[2026-02-27T16:05:03.522Z] Global trades saved (260 total trades)
[2026-02-27T16:05:24.211Z] [EURUSD] SIGNAL: LONG | Entry: 1.1803 | SL: 1.17868 | TP: 1.182 | Risk: 0.55
[2026-02-27T16:05:24.211Z] [EURUSD] Reasoning: Dir: Consider taking a long position if the price retra | Conf: The setup has some positive aspects, such as being...
[2026-02-27T16:05:24.212Z] [EURUSD] [REAL] Placing MARKET LONG for 1000 units...
[2026-02-27T16:05:24.348Z] [EURUSD] [REAL] MARKET filled at 1.18158 | Adjusted TP: 1.18328 SL: 1.17996 (R:R 1.05)
[2026-02-27T16:05:24.476Z] [EURUSD] ENTERED LONG @ 1.18158 | SL: 1.17996 | TP: 1.18328 | Size: 1000
[2026-02-27T16:10:00.062Z] [USDJPY] New bar: 20260227 16:05:00 | O:156.06450 H:156.07400 L:156.02300 C:156.02400
[2026-02-27T16:10:00.064Z] [GBPUSD] New bar: 20260227 16:05:00 | O:1.34515 H:1.34529 L:1.34483 C:1.34485
[2026-02-27T16:10:00.308Z] [EURUSD] New bar: 20260227 16:05:00 | O:1.18144 H:1.18179 L:1.18139 C:1.18159
[2026-02-27T16:10:00.309Z] [EURUSD_GPT5] New bar: 20260227 16:05:00 | O:1.18144 H:1.18179 L:1.18139 C:1.18159
[2026-02-27T16:10:00.462Z] [EURUSD_GPT5] Calling AI agents for trade decision...
[2026-02-27T16:10:24.577Z] [EURUSD_GPT5] SIGNAL: LONG | Entry: 1.18015 | SL: 1.17895 | TP: 1.182 | Risk: 0.35
[2026-02-27T16:10:24.578Z] [EURUSD_GPT5] Reasoning: Dir: Conditional long only if price can break and hold  | Conf: This reads like late-range/possible mean-reversion...
[2026-02-27T16:10:24.578Z] [EURUSD_GPT5] [REAL] Placing MARKET LONG for 1000 units...
[2026-02-27T16:10:24.747Z] [EURUSD_GPT5] [REAL] MARKET filled at 1.18167 | Adjusted TP: 1.18352 SL: 1.18047 (R:R 1.54)
[2026-02-27T16:10:24.874Z] [EURUSD_GPT5] ENTERED LONG @ 1.18167 | SL: 1.18047 | TP: 1.18352 | Size: 1000
[2026-02-27T16:15:00.230Z] [EURUSD] New bar: 20260227 16:10:00 | O:1.18158 H:1.18174 L:1.18137 C:1.18164
[2026-02-27T16:15:00.232Z] [EURUSD_GPT5] New bar: 20260227 16:10:00 | O:1.18158 H:1.18174 L:1.18137 C:1.18164
[2026-02-27T16:15:00.234Z] [USDJPY] New bar: 20260227 16:10:00 | O:156.02400 H:156.06350 L:155.98350 C:156.04450
[2026-02-27T16:15:00.236Z] [GBPUSD] New bar: 20260227 16:10:00 | O:1.34485 H:1.34563 L:1.34475 C:1.34553
[2026-02-27T16:20:00.104Z] [GBPUSD] New bar: 20260227 16:15:00 | O:1.34553 H:1.34628 L:1.34547 C:1.34601
[2026-02-27T16:20:00.608Z] [USDJPY] New bar: 20260227 16:15:00 | O:156.04550 H:156.07250 L:155.99700 C:156.07050
[2026-02-27T16:20:01.870Z] [EURUSD] New bar: 20260227 16:15:00 | O:1.18163 H:1.18212 L:1.18160 C:1.18183
[2026-02-27T16:20:01.872Z] [EURUSD_GPT5] New bar: 20260227 16:15:00 | O:1.18163 H:1.18212 L:1.18160 C:1.18183
[2026-02-27T16:25:00.134Z] [USDJPY] New bar: 20260227 16:20:00 | O:156.07000 H:156.08750 L:156.04850 C:156.07650
[2026-02-27T16:25:00.635Z] [EURUSD] New bar: 20260227 16:20:00 | O:1.18185 H:1.18188 L:1.18156 C:1.18162
[2026-02-27T16:25:00.637Z] [EURUSD_GPT5] New bar: 20260227 16:20:00 | O:1.18185 H:1.18188 L:1.18156 C:1.18162
[2026-02-27T16:25:01.388Z] [GBPUSD] New bar: 20260227 16:20:00 | O:1.34602 H:1.34610 L:1.34569 C:1.34597
[2026-02-27T16:30:00.000Z] [GBPUSD] New bar: 20260227 16:25:00 | O:1.34597 H:1.34634 L:1.34583 C:1.34587
[2026-02-27T16:30:00.263Z] [USDJPY] New bar: 20260227 16:25:00 | O:156.07700 H:156.09000 L:156.05700 C:156.06300
[2026-02-27T16:30:00.512Z] [EURUSD] New bar: 20260227 16:25:00 | O:1.18162 H:1.18197 L:1.18159 C:1.18172
[2026-02-27T16:30:00.514Z] [EURUSD_GPT5] New bar: 20260227 16:25:00 | O:1.18162 H:1.18197 L:1.18159 C:1.18172
[2026-02-27T16:35:00.029Z] [EURUSD] New bar: 20260227 16:30:00 | O:1.18172 H:1.18227 L:1.18172 C:1.18219
[2026-02-27T16:35:00.030Z] [EURUSD_GPT5] New bar: 20260227 16:30:00 | O:1.18172 H:1.18227 L:1.18172 C:1.18219
[2026-02-27T16:35:00.032Z] [GBPUSD] New bar: 20260227 16:30:00 | O:1.34591 H:1.34651 L:1.34591 C:1.34636
[2026-02-27T16:35:00.541Z] [USDJPY] New bar: 20260227 16:30:00 | O:156.06250 H:156.06250 L:156.01250 C:156.01350
[2026-02-27T16:40:00.073Z] [USDJPY] New bar: 20260227 16:35:00 | O:156.01300 H:156.03050 L:155.96700 C:156.00850
[2026-02-27T16:40:00.075Z] [GBPUSD] New bar: 20260227 16:35:00 | O:1.34633 H:1.34687 L:1.34603 C:1.34642
[2026-02-27T16:40:00.332Z] [EURUSD] New bar: 20260227 16:35:00 | O:1.18220 H:1.18251 L:1.18202 C:1.18232
[2026-02-27T16:40:00.334Z] [EURUSD_GPT5] New bar: 20260227 16:35:00 | O:1.18220 H:1.18251 L:1.18202 C:1.18232
[2026-02-27T16:45:00.417Z] [EURUSD] New bar: 20260227 16:40:00 | O:1.18232 H:1.18232 L:1.18170 C:1.18172
[2026-02-27T16:45:00.422Z] [EURUSD_GPT5] New bar: 20260227 16:40:00 | O:1.18232 H:1.18232 L:1.18170 C:1.18172
[2026-02-27T16:45:00.423Z] [USDJPY] New bar: 20260227 16:40:00 | O:156.00800 H:156.07650 L:156.00250 C:156.07650
[2026-02-27T16:45:00.916Z] [GBPUSD] New bar: 20260227 16:40:00 | O:1.34641 H:1.34644 L:1.34536 C:1.34537
[2026-02-27T16:50:00.005Z] [EURUSD] New bar: 20260227 16:45:00 | O:1.18174 H:1.18208 L:1.18172 C:1.18181
[2026-02-27T16:50:00.007Z] [EURUSD_GPT5] New bar: 20260227 16:45:00 | O:1.18174 H:1.18208 L:1.18172 C:1.18181
[2026-02-27T16:50:00.009Z] [USDJPY] New bar: 20260227 16:45:00 | O:156.07600 H:156.09450 L:156.04800 C:156.07300
[2026-02-27T16:50:00.011Z] [GBPUSD] New bar: 20260227 16:45:00 | O:1.34536 H:1.34577 L:1.34536 C:1.34546
[2026-02-27T16:55:00.022Z] [EURUSD] New bar: 20260227 16:50:00 | O:1.18182 H:1.18219 L:1.18181 C:1.18219
[2026-02-27T16:55:00.024Z] [EURUSD_GPT5] New bar: 20260227 16:50:00 | O:1.18182 H:1.18219 L:1.18181 C:1.18219
[2026-02-27T16:55:00.026Z] [GBPUSD] New bar: 20260227 16:50:00 | O:1.34545 H:1.34576 L:1.34529 C:1.34546
[2026-02-27T16:55:02.042Z] [USDJPY] New bar: 20260227 16:50:00 | O:156.07100 H:156.08950 L:156.06500 C:156.06550
[2026-02-27T17:00:00.074Z] [USDJPY] New bar: 20260227 16:55:00 | O:156.05800 H:156.07950 L:156.04850 C:156.05650
[2026-02-27T17:00:00.828Z] [EURUSD] New bar: 20260227 16:55:00 | O:1.18220 H:1.18227 L:1.18203 C:1.18221
[2026-02-27T17:00:00.830Z] [EURUSD_GPT5] New bar: 20260227 16:55:00 | O:1.18220 H:1.18227 L:1.18203 C:1.18221
[2026-02-27T17:00:00.834Z] [GBPUSD] New bar: 20260227 16:55:00 | O:1.34546 H:1.34562 L:1.34518 C:1.34547
[2026-02-27T17:05:00.650Z] [GBPUSD] New bar: 20260227 17:00:00 | O:1.34549 H:1.34553 L:1.34493 C:1.34506
[2026-02-27T17:05:01.407Z] [USDJPY] New bar: 20260227 17:00:00 | O:156.05600 H:156.10100 L:156.04800 C:156.09450
[2026-02-27T17:05:03.415Z] [EURUSD] New bar: 20260227 17:00:00 | O:1.18222 H:1.18227 L:1.18200 C:1.18213
[2026-02-27T17:05:03.417Z] [EURUSD_GPT5] New bar: 20260227 17:00:00 | O:1.18222 H:1.18227 L:1.18200 C:1.18213
[2026-02-27T17:10:00.114Z] [USDJPY] New bar: 20260227 17:05:00 | O:156.09450 H:156.09500 L:156.02600 C:156.04050
[2026-02-27T17:10:00.118Z] [GBPUSD] New bar: 20260227 17:05:00 | O:1.34508 H:1.34597 L:1.34496 C:1.34586
[2026-02-27T17:10:00.372Z] [EURUSD] New bar: 20260227 17:05:00 | O:1.18212 H:1.18270 L:1.18203 C:1.18263
[2026-02-27T17:10:00.372Z] [EURUSD_GPT5] New bar: 20260227 17:05:00 | O:1.18212 H:1.18270 L:1.18203 C:1.18263
[2026-02-27T17:15:00.136Z] [GBPUSD] New bar: 20260227 17:10:00 | O:1.34586 H:1.34588 L:1.34512 C:1.34528
[2026-02-27T17:15:00.387Z] [USDJPY] New bar: 20260227 17:10:00 | O:156.03950 H:156.12350 L:156.03500 C:156.11350
[2026-02-27T17:15:02.643Z] [EURUSD] New bar: 20260227 17:10:00 | O:1.18266 H:1.18266 L:1.18195 C:1.18203
[2026-02-27T17:15:02.646Z] [EURUSD_GPT5] New bar: 20260227 17:10:00 | O:1.18266 H:1.18266 L:1.18195 C:1.18203
[2026-02-27T17:20:00.226Z] [GBPUSD] New bar: 20260227 17:15:00 | O:1.34529 H:1.34563 L:1.34519 C:1.34563
[2026-02-27T17:20:00.480Z] [USDJPY] New bar: 20260227 17:15:00 | O:156.11400 H:156.13300 L:156.08950 C:156.08950
[2026-02-27T17:20:00.986Z] [EURUSD] New bar: 20260227 17:15:00 | O:1.18203 H:1.18212 L:1.18195 C:1.18210
[2026-02-27T17:20:00.987Z] [EURUSD_GPT5] New bar: 20260227 17:15:00 | O:1.18203 H:1.18212 L:1.18195 C:1.18210
[2026-02-27T17:25:00.022Z] [USDJPY] New bar: 20260227 17:20:00 | O:156.09050 H:156.10300 L:156.06200 C:156.08200
[2026-02-27T17:25:01.532Z] [GBPUSD] New bar: 20260227 17:20:00 | O:1.34563 H:1.34568 L:1.34536 C:1.34559
[2026-02-27T17:25:10.343Z] [EURUSD] New bar: 20260227 17:20:00 | O:1.18208 H:1.18209 L:1.18172 C:1.18187
[2026-02-27T17:25:10.346Z] [EURUSD_GPT5] New bar: 20260227 17:20:00 | O:1.18208 H:1.18209 L:1.18172 C:1.18187
[2026-02-27T17:30:00.003Z] [EURUSD] New bar: 20260227 17:25:00 | O:1.18190 H:1.18202 L:1.18180 C:1.18195
[2026-02-27T17:30:00.008Z] [EURUSD_GPT5] New bar: 20260227 17:25:00 | O:1.18190 H:1.18202 L:1.18180 C:1.18195
[2026-02-27T17:30:00.011Z] [USDJPY] New bar: 20260227 17:25:00 | O:156.08250 H:156.08350 L:156.04250 C:156.04600
[2026-02-27T17:30:00.013Z] [GBPUSD] New bar: 20260227 17:25:00 | O:1.34558 H:1.34597 L:1.34546 C:1.34588
[2026-02-27T17:35:00.112Z] [GBPUSD] New bar: 20260227 17:30:00 | O:1.34595 H:1.34681 L:1.34570 C:1.34678
[2026-02-27T17:35:00.365Z] [EURUSD] New bar: 20260227 17:30:00 | O:1.18196 H:1.18236 L:1.18184 C:1.18236
[2026-02-27T17:35:00.367Z] [EURUSD_GPT5] New bar: 20260227 17:30:00 | O:1.18196 H:1.18236 L:1.18184 C:1.18236
[2026-02-27T17:35:00.368Z] [USDJPY] New bar: 20260227 17:30:00 | O:156.03950 H:156.07800 L:155.96500 C:155.96500
[2026-02-27T17:40:00.048Z] [EURUSD] New bar: 20260227 17:35:00 | O:1.18236 H:1.18242 L:1.18218 C:1.18222
[2026-02-27T17:40:00.050Z] [EURUSD_GPT5] New bar: 20260227 17:35:00 | O:1.18236 H:1.18242 L:1.18218 C:1.18222
[2026-02-27T17:40:00.052Z] [GBPUSD] New bar: 20260227 17:35:00 | O:1.34679 H:1.34689 L:1.34632 C:1.34637
[2026-02-27T17:40:00.332Z] [USDJPY] New bar: 20260227 17:35:00 | O:155.96350 H:155.97300 L:155.91500 C:155.95250
[2026-02-27T17:45:00.612Z] [EURUSD] New bar: 20260227 17:40:00 | O:1.18222 H:1.18227 L:1.18202 C:1.18217
[2026-02-27T17:45:00.614Z] [EURUSD_GPT5] New bar: 20260227 17:40:00 | O:1.18222 H:1.18227 L:1.18202 C:1.18217
[2026-02-27T17:45:00.616Z] [USDJPY] New bar: 20260227 17:40:00 | O:155.95350 H:155.98200 L:155.94950 C:155.98100
[2026-02-27T17:45:02.377Z] [GBPUSD] New bar: 20260227 17:40:00 | O:1.34635 H:1.34651 L:1.34601 C:1.34645
[2026-02-27T17:50:00.263Z] [EURUSD] New bar: 20260227 17:45:00 | O:1.18216 H:1.18216 L:1.18186 C:1.18189
[2026-02-27T17:50:00.264Z] [EURUSD_GPT5] New bar: 20260227 17:45:00 | O:1.18216 H:1.18216 L:1.18186 C:1.18189
[2026-02-27T17:50:00.514Z] [USDJPY] New bar: 20260227 17:45:00 | O:155.98050 H:156.00400 L:155.96850 C:156.00050
[2026-02-27T17:50:00.765Z] [GBPUSD] New bar: 20260227 17:45:00 | O:1.34645 H:1.34646 L:1.34608 C:1.34613
[2026-02-27T17:55:02.066Z] [USDJPY] New bar: 20260227 17:50:00 | O:156.00100 H:156.04100 L:156.00100 C:156.04100
[2026-02-27T17:55:02.320Z] [EURUSD] New bar: 20260227 17:50:00 | O:1.18189 H:1.18190 L:1.18171 C:1.18172
[2026-02-27T17:55:02.323Z] [EURUSD_GPT5] New bar: 20260227 17:50:00 | O:1.18189 H:1.18190 L:1.18171 C:1.18172
[2026-02-27T17:55:04.332Z] [GBPUSD] New bar: 20260227 17:50:00 | O:1.34610 H:1.34611 L:1.34581 C:1.34588
[2026-02-27T18:00:00.067Z] [GBPUSD] New bar: 20260227 17:55:00 | O:1.34588 H:1.34619 L:1.34579 C:1.34605
[2026-02-27T18:00:00.321Z] [USDJPY] New bar: 20260227 17:55:00 | O:156.04200 H:156.06500 L:156.03300 C:156.05400
[2026-02-27T18:00:00.836Z] [EURUSD] New bar: 20260227 17:55:00 | O:1.18173 H:1.18180 L:1.18156 C:1.18168
[2026-02-27T18:00:00.838Z] [EURUSD_GPT5] New bar: 20260227 17:55:00 | O:1.18173 H:1.18180 L:1.18156 C:1.18168
[2026-02-27T18:05:00.706Z] [EURUSD] New bar: 20260227 18:00:00 | O:1.18166 H:1.18178 L:1.18155 C:1.18165
[2026-02-27T18:05:00.710Z] [EURUSD_GPT5] New bar: 20260227 18:00:00 | O:1.18166 H:1.18178 L:1.18155 C:1.18165
[2026-02-27T18:05:00.712Z] [USDJPY] New bar: 20260227 18:00:00 | O:156.05300 H:156.05900 L:156.02300 C:156.03550
[2026-02-27T18:05:00.713Z] [GBPUSD] New bar: 20260227 18:00:00 | O:1.34602 H:1.34662 L:1.34599 C:1.34637
[2026-02-27T18:10:00.485Z] [USDJPY] New bar: 20260227 18:05:00 | O:156.04800 H:156.06850 L:156.01950 C:156.06300
[2026-02-27T18:10:00.491Z] [GBPUSD] New bar: 20260227 18:05:00 | O:1.34623 H:1.34646 L:1.34606 C:1.34640
[2026-02-27T18:10:01.240Z] [EURUSD] New bar: 20260227 18:05:00 | O:1.18156 H:1.18166 L:1.18143 C:1.18147
[2026-02-27T18:10:01.243Z] [EURUSD_GPT5] New bar: 20260227 18:05:00 | O:1.18156 H:1.18166 L:1.18143 C:1.18147
[2026-02-27T18:15:00.222Z] [EURUSD] New bar: 20260227 18:10:00 | O:1.18146 H:1.18156 L:1.18133 C:1.18134
[2026-02-27T18:15:00.223Z] [EURUSD_GPT5] New bar: 20260227 18:10:00 | O:1.18146 H:1.18156 L:1.18133 C:1.18134
[2026-02-27T18:15:00.224Z] [GBPUSD] New bar: 20260227 18:10:00 | O:1.34635 H:1.34648 L:1.34616 C:1.34625
[2026-02-27T18:15:00.970Z] [USDJPY] New bar: 20260227 18:10:00 | O:156.06350 H:156.08800 L:156.06350 C:156.08800
[2026-02-27T18:20:00.294Z] [USDJPY] New bar: 20260227 18:15:00 | O:156.08750 H:156.10000 L:156.02550 C:156.02700
[2026-02-27T18:20:00.800Z] [GBPUSD] New bar: 20260227 18:15:00 | O:1.34625 H:1.34674 L:1.34621 C:1.34662
[2026-02-27T18:20:02.549Z] [EURUSD] New bar: 20260227 18:15:00 | O:1.18134 H:1.18172 L:1.18134 C:1.18170
[2026-02-27T18:20:02.550Z] [EURUSD_GPT5] New bar: 20260227 18:15:00 | O:1.18134 H:1.18172 L:1.18134 C:1.18170
[2026-02-27T18:25:00.687Z] [GBPUSD] New bar: 20260227 18:20:00 | O:1.34661 H:1.34669 L:1.34635 C:1.34669
[2026-02-27T18:25:01.195Z] [USDJPY] New bar: 20260227 18:20:00 | O:156.02600 H:156.07550 L:156.02400 C:156.06250
[2026-02-27T18:25:01.705Z] [EURUSD] New bar: 20260227 18:20:00 | O:1.18171 H:1.18176 L:1.18146 C:1.18162
[2026-02-27T18:25:01.706Z] [EURUSD_GPT5] New bar: 20260227 18:20:00 | O:1.18171 H:1.18176 L:1.18146 C:1.18162
[2026-02-27T18:30:00.047Z] [EURUSD] New bar: 20260227 18:25:00 | O:1.18161 H:1.18162 L:1.18120 C:1.18156
[2026-02-27T18:30:00.049Z] [EURUSD_GPT5] New bar: 20260227 18:25:00 | O:1.18161 H:1.18162 L:1.18120 C:1.18156
[2026-02-27T18:30:00.051Z] [USDJPY] New bar: 20260227 18:25:00 | O:156.06200 H:156.08450 L:156.04050 C:156.04050
[2026-02-27T18:30:00.053Z] [GBPUSD] New bar: 20260227 18:25:00 | O:1.34669 H:1.34691 L:1.34648 C:1.34691
[2026-02-27T18:35:01.136Z] [EURUSD] New bar: 20260227 18:30:00 | O:1.18157 H:1.18157 L:1.18112 C:1.18147
[2026-02-27T18:35:01.138Z] [EURUSD_GPT5] New bar: 20260227 18:30:00 | O:1.18157 H:1.18157 L:1.18112 C:1.18147
[2026-02-27T18:35:02.643Z] [GBPUSD] New bar: 20260227 18:30:00 | O:1.34689 H:1.34710 L:1.34664 C:1.34698
[2026-02-27T18:35:06.932Z] [USDJPY] New bar: 20260227 18:30:00 | O:156.03950 H:156.07850 L:156.00300 C:156.00300
[2026-02-27T18:40:00.050Z] [USDJPY] New bar: 20260227 18:35:00 | O:156.00250 H:156.03100 L:155.99500 C:156.03050
[2026-02-27T18:40:00.052Z] [GBPUSD] New bar: 20260227 18:35:00 | O:1.34701 H:1.34719 L:1.34687 C:1.34687
[2026-02-27T18:40:03.073Z] [EURUSD] New bar: 20260227 18:35:00 | O:1.18148 H:1.18159 L:1.18134 C:1.18141
[2026-02-27T18:40:03.077Z] [EURUSD_GPT5] New bar: 20260227 18:35:00 | O:1.18148 H:1.18159 L:1.18134 C:1.18141
[2026-02-27T18:45:00.150Z] [EURUSD] New bar: 20260227 18:40:00 | O:1.18139 H:1.18159 L:1.18139 C:1.18158
[2026-02-27T18:45:00.155Z] [EURUSD_GPT5] New bar: 20260227 18:40:00 | O:1.18139 H:1.18159 L:1.18139 C:1.18158
[2026-02-27T18:45:00.399Z] [USDJPY] New bar: 20260227 18:40:00 | O:156.02900 H:156.04350 L:156.01850 C:156.03600
[2026-02-27T18:45:00.909Z] [GBPUSD] New bar: 20260227 18:40:00 | O:1.34688 H:1.34709 L:1.34676 C:1.34702
[2026-02-27T18:50:00.143Z] [GBPUSD] New bar: 20260227 18:45:00 | O:1.34701 H:1.34708 L:1.34674 C:1.34676
[2026-02-27T18:50:00.393Z] [USDJPY] New bar: 20260227 18:45:00 | O:156.03750 H:156.05300 L:156.02750 C:156.05000
[2026-02-27T18:50:02.653Z] [EURUSD] New bar: 20260227 18:45:00 | O:1.18158 H:1.18163 L:1.18147 C:1.18155
[2026-02-27T18:50:02.655Z] [EURUSD_GPT5] New bar: 20260227 18:45:00 | O:1.18158 H:1.18163 L:1.18147 C:1.18155
[2026-02-27T18:55:00.228Z] [GBPUSD] New bar: 20260227 18:50:00 | O:1.34677 H:1.34722 L:1.34669 C:1.34718
[2026-02-27T18:55:00.728Z] [EURUSD] New bar: 20260227 18:50:00 | O:1.18154 H:1.18173 L:1.18136 C:1.18172
[2026-02-27T18:55:00.732Z] [EURUSD_GPT5] New bar: 20260227 18:50:00 | O:1.18154 H:1.18173 L:1.18136 C:1.18172
[2026-02-27T18:55:05.020Z] [USDJPY] New bar: 20260227 18:50:00 | O:156.05000 H:156.05050 L:156.00100 C:156.01150
[2026-02-27T19:00:00.136Z] [EURUSD] New bar: 20260227 18:55:00 | O:1.18172 H:1.18192 L:1.18167 C:1.18177
[2026-02-27T19:00:00.137Z] [EURUSD_GPT5] New bar: 20260227 18:55:00 | O:1.18172 H:1.18192 L:1.18167 C:1.18177
[2026-02-27T19:00:00.139Z] [GBPUSD] New bar: 20260227 18:55:00 | O:1.34718 H:1.34739 L:1.34708 C:1.34725
[2026-02-27T19:00:00.995Z] All trading sessions ended - No new trades will be opened
[2026-02-27T19:00:00.996Z] Open positions/orders: EURUSD, USDJPY, EURUSD_GPT5, GBPUSD
[2026-02-27T19:00:00.996Z] Waiting for trades to finish (TP/SL)...
[2026-02-27T19:00:01.646Z] [USDJPY] New bar: 20260227 18:55:00 | O:156.01300 H:156.02750 L:155.99500 C:156.01450
[2026-02-27T19:05:00.191Z] [EURUSD] New bar: 20260227 19:00:00 | O:1.18178 H:1.18202 L:1.18177 C:1.18186
[2026-02-27T19:05:00.195Z] [EURUSD_GPT5] New bar: 20260227 19:00:00 | O:1.18178 H:1.18202 L:1.18177 C:1.18186
[2026-02-27T19:05:00.199Z] [USDJPY] New bar: 20260227 19:00:00 | O:156.01400 H:156.01450 L:155.97950 C:155.99450
[2026-02-27T19:05:00.452Z] [GBPUSD] New bar: 20260227 19:00:00 | O:1.34727 H:1.34749 L:1.34719 C:1.34725
[2026-02-27T19:10:00.152Z] [EURUSD] New bar: 20260227 19:05:00 | O:1.18183 H:1.18198 L:1.18171 C:1.18182
[2026-02-27T19:10:00.154Z] [EURUSD_GPT5] New bar: 20260227 19:05:00 | O:1.18183 H:1.18198 L:1.18171 C:1.18182
[2026-02-27T19:10:00.156Z] [USDJPY] New bar: 20260227 19:05:00 | O:155.99650 H:156.00450 L:155.98300 C:155.99650
[2026-02-27T19:10:00.158Z] [GBPUSD] New bar: 20260227 19:05:00 | O:1.34725 H:1.34744 L:1.34710 C:1.34723
[2026-02-27T19:15:00.187Z] [USDJPY] New bar: 20260227 19:10:00 | O:155.99750 H:156.00450 L:155.98050 C:155.98700
[2026-02-27T19:15:00.948Z] [EURUSD] New bar: 20260227 19:10:00 | O:1.18180 H:1.18189 L:1.18167 C:1.18179
[2026-02-27T19:15:00.948Z] [EURUSD_GPT5] New bar: 20260227 19:10:00 | O:1.18180 H:1.18189 L:1.18167 C:1.18179
[2026-02-27T19:15:02.222Z] [GBPUSD] New bar: 20260227 19:10:00 | O:1.34722 H:1.34733 L:1.34712 C:1.34716
[2026-02-27T19:20:00.158Z] [GBPUSD] New bar: 20260227 19:15:00 | O:1.34717 H:1.34750 L:1.34708 C:1.34750
[2026-02-27T19:20:00.407Z] [EURUSD] New bar: 20260227 19:15:00 | O:1.18179 H:1.18196 L:1.18178 C:1.18195
[2026-02-27T19:20:00.408Z] [EURUSD_GPT5] New bar: 20260227 19:15:00 | O:1.18179 H:1.18196 L:1.18178 C:1.18195
[2026-02-27T19:20:00.659Z] [USDJPY] New bar: 20260227 19:15:00 | O:155.98700 H:155.98700 L:155.94400 C:155.94400
[2026-02-27T19:25:00.204Z] [EURUSD] New bar: 20260227 19:20:00 | O:1.18195 H:1.18222 L:1.18195 C:1.18211
[2026-02-27T19:25:00.206Z] [EURUSD_GPT5] New bar: 20260227 19:20:00 | O:1.18195 H:1.18222 L:1.18195 C:1.18211
[2026-02-27T19:25:00.208Z] [GBPUSD] New bar: 20260227 19:20:00 | O:1.34753 H:1.34794 L:1.34748 C:1.34780
[2026-02-27T19:25:00.462Z] [USDJPY] New bar: 20260227 19:20:00 | O:155.94350 H:155.94450 L:155.89400 C:155.91250
[2026-02-27T19:30:00.105Z] [USDJPY] New bar: 20260227 19:25:00 | O:155.90850 H:155.91400 L:155.88900 C:155.90200
[2026-02-27T19:30:00.356Z] [EURUSD] New bar: 20260227 19:25:00 | O:1.18211 H:1.18227 L:1.18210 C:1.18222
[2026-02-27T19:30:00.358Z] [EURUSD_GPT5] New bar: 20260227 19:25:00 | O:1.18211 H:1.18227 L:1.18210 C:1.18222
[2026-02-27T19:30:00.360Z] [GBPUSD] New bar: 20260227 19:25:00 | O:1.34781 H:1.34811 L:1.34781 C:1.34808
[2026-02-27T19:35:00.074Z] [EURUSD] New bar: 20260227 19:30:00 | O:1.18221 H:1.18224 L:1.18204 C:1.18218
[2026-02-27T19:35:00.076Z] [EURUSD_GPT5] New bar: 20260227 19:30:00 | O:1.18221 H:1.18224 L:1.18204 C:1.18218
[2026-02-27T19:35:00.078Z] [USDJPY] New bar: 20260227 19:30:00 | O:155.90450 H:155.93200 L:155.89150 C:155.92100
[2026-02-27T19:35:00.080Z] [GBPUSD] New bar: 20260227 19:30:00 | O:1.34808 H:1.34830 L:1.34781 C:1.34826
[2026-02-27T19:40:00.188Z] [USDJPY] New bar: 20260227 19:35:00 | O:155.92150 H:155.95300 L:155.92150 C:155.95000
[2026-02-27T19:40:00.194Z] [GBPUSD] New bar: 20260227 19:35:00 | O:1.34828 H:1.34830 L:1.34808 C:1.34815
[2026-02-27T19:40:01.205Z] [EURUSD] New bar: 20260227 19:35:00 | O:1.18219 H:1.18221 L:1.18210 C:1.18213
[2026-02-27T19:40:01.206Z] [EURUSD_GPT5] New bar: 20260227 19:35:00 | O:1.18219 H:1.18221 L:1.18210 C:1.18213
[2026-02-27T19:45:00.056Z] [EURUSD] New bar: 20260227 19:40:00 | O:1.18213 H:1.18213 L:1.18187 C:1.18199
[2026-02-27T19:45:00.059Z] [EURUSD_GPT5] New bar: 20260227 19:40:00 | O:1.18213 H:1.18213 L:1.18187 C:1.18199
[2026-02-27T19:45:00.060Z] [GBPUSD] New bar: 20260227 19:40:00 | O:1.34815 H:1.34817 L:1.34787 C:1.34800
[2026-02-27T19:45:01.327Z] [USDJPY] New bar: 20260227 19:40:00 | O:155.95050 H:155.98100 L:155.94850 C:155.96300
[2026-02-27T19:50:00.075Z] [EURUSD] New bar: 20260227 19:45:00 | O:1.18199 H:1.18207 L:1.18193 C:1.18206
[2026-02-27T19:50:00.077Z] [EURUSD_GPT5] New bar: 20260227 19:45:00 | O:1.18199 H:1.18207 L:1.18193 C:1.18206
[2026-02-27T19:50:00.079Z] [USDJPY] New bar: 20260227 19:45:00 | O:155.95750 H:155.98050 L:155.95500 C:155.95700
[2026-02-27T19:50:00.589Z] [GBPUSD] New bar: 20260227 19:45:00 | O:1.34800 H:1.34801 L:1.34783 C:1.34799
[2026-02-27T19:53:51.401Z] Price stream error: terminated
[2026-02-27T19:55:00.726Z] [EURUSD] New bar: 20260227 19:50:00 | O:1.18206 H:1.18216 L:1.18199 C:1.18210
[2026-02-27T19:55:00.731Z] [EURUSD_GPT5] New bar: 20260227 19:50:00 | O:1.18206 H:1.18216 L:1.18199 C:1.18210
[2026-02-27T19:55:05.230Z] [USDJPY] New bar: 20260227 19:50:00 | O:155.95600 H:155.99800 L:155.94700 C:155.98400
[2026-02-27T19:55:31.568Z] [GBPUSD] New bar: 20260227 19:50:00 | O:1.34798 H:1.34825 L:1.34793 C:1.34809
[2026-02-27T20:00:00.153Z] [USDJPY] New bar: 20260227 19:55:00 | O:155.98550 H:156.02500 L:155.97800 C:156.01950
[2026-02-27T20:00:00.415Z] [EURUSD] New bar: 20260227 19:55:00 | O:1.18209 H:1.18213 L:1.18189 C:1.18194
[2026-02-27T20:00:00.418Z] [EURUSD_GPT5] New bar: 20260227 19:55:00 | O:1.18209 H:1.18213 L:1.18189 C:1.18194
[2026-02-27T20:00:00.422Z] [GBPUSD] New bar: 20260227 19:55:00 | O:1.34810 H:1.34813 L:1.34797 C:1.34813
[2026-02-27T20:05:01.067Z] [GBPUSD] New bar: 20260227 20:00:00 | O:1.34816 H:1.34848 L:1.34811 C:1.34846
[2026-02-27T20:05:04.067Z] [USDJPY] New bar: 20260227 20:00:00 | O:156.01950 H:156.01950 L:155.96950 C:155.97550
[2026-02-27T20:05:05.827Z] [EURUSD] New bar: 20260227 20:00:00 | O:1.18199 H:1.18230 L:1.18199 C:1.18230
[2026-02-27T20:05:05.828Z] [EURUSD_GPT5] New bar: 20260227 20:00:00 | O:1.18199 H:1.18230 L:1.18199 C:1.18230
[2026-02-27T20:10:00.090Z] [EURUSD] New bar: 20260227 20:05:00 | O:1.18229 H:1.18236 L:1.18219 C:1.18220
[2026-02-27T20:10:00.092Z] [EURUSD_GPT5] New bar: 20260227 20:05:00 | O:1.18229 H:1.18236 L:1.18219 C:1.18220
[2026-02-27T20:10:00.105Z] [USDJPY] New bar: 20260227 20:05:00 | O:155.97600 H:155.98950 L:155.96100 C:155.98450
[2026-02-27T20:10:07.109Z] [GBPUSD] New bar: 20260227 20:05:00 | O:1.34846 H:1.34861 L:1.34834 C:1.34835
[2026-02-27T20:15:00.148Z] [EURUSD] New bar: 20260227 20:10:00 | O:1.18220 H:1.18230 L:1.18214 C:1.18228
[2026-02-27T20:15:00.154Z] [EURUSD_GPT5] New bar: 20260227 20:10:00 | O:1.18220 H:1.18230 L:1.18214 C:1.18228
[2026-02-27T20:15:00.893Z] [USDJPY] New bar: 20260227 20:10:00 | O:155.98300 H:156.00900 L:155.98150 C:156.00250
[2026-02-27T20:15:01.658Z] [GBPUSD] New bar: 20260227 20:10:00 | O:1.34835 H:1.34856 L:1.34835 C:1.34845
[2026-02-27T20:20:00.910Z] [USDJPY] New bar: 20260227 20:15:00 | O:156.00300 H:156.03300 L:155.99950 C:156.01400
[2026-02-27T20:20:00.912Z] [GBPUSD] New bar: 20260227 20:15:00 | O:1.34846 H:1.34867 L:1.34845 C:1.34864
[2026-02-27T20:20:05.188Z] [EURUSD] New bar: 20260227 20:15:00 | O:1.18229 H:1.18241 L:1.18226 C:1.18237
[2026-02-27T20:20:05.191Z] [EURUSD_GPT5] New bar: 20260227 20:15:00 | O:1.18229 H:1.18241 L:1.18226 C:1.18237
[2026-02-27T20:25:00.449Z] [GBPUSD] New bar: 20260227 20:20:00 | O:1.34863 H:1.34892 L:1.34851 C:1.34866
[2026-02-27T20:25:01.206Z] [EURUSD] New bar: 20260227 20:20:00 | O:1.18237 H:1.18237 L:1.18222 C:1.18222
[2026-02-27T20:25:01.208Z] [EURUSD_GPT5] New bar: 20260227 20:20:00 | O:1.18237 H:1.18237 L:1.18222 C:1.18222
[2026-02-27T20:25:03.720Z] [USDJPY] New bar: 20260227 20:20:00 | O:156.01350 H:156.04950 L:156.01300 C:156.04950
[2026-02-27T20:30:00.080Z] [GBPUSD] New bar: 20260227 20:25:00 | O:1.34867 H:1.34901 L:1.34865 C:1.34880
[2026-02-27T20:30:00.336Z] [USDJPY] New bar: 20260227 20:25:00 | O:156.04850 H:156.04900 L:156.01550 C:156.02500
[2026-02-27T20:30:01.592Z] [EURUSD] New bar: 20260227 20:25:00 | O:1.18222 H:1.18240 L:1.18222 C:1.18234
[2026-02-27T20:30:01.595Z] [EURUSD_GPT5] New bar: 20260227 20:25:00 | O:1.18222 H:1.18240 L:1.18222 C:1.18234
[2026-02-27T20:35:00.444Z] [EURUSD] New bar: 20260227 20:30:00 | O:1.18234 H:1.18258 L:1.18234 C:1.18257
[2026-02-27T20:35:00.450Z] [EURUSD_GPT5] New bar: 20260227 20:30:00 | O:1.18234 H:1.18258 L:1.18234 C:1.18257
[2026-02-27T20:35:00.717Z] [GBPUSD] New bar: 20260227 20:30:00 | O:1.34882 H:1.34906 L:1.34881 C:1.34895
[2026-02-27T20:35:00.952Z] [USDJPY] New bar: 20260227 20:30:00 | O:156.02450 H:156.02450 L:155.97600 C:155.97800
[2026-02-27T20:40:00.135Z] [USDJPY] New bar: 20260227 20:35:00 | O:155.97850 H:156.00100 L:155.97600 C:155.99200
[2026-02-27T20:40:00.141Z] [GBPUSD] New bar: 20260227 20:35:00 | O:1.34896 H:1.34902 L:1.34865 C:1.34866
[2026-02-27T20:40:04.664Z] [EURUSD] New bar: 20260227 20:35:00 | O:1.18257 H:1.18260 L:1.18243 C:1.18249
[2026-02-27T20:40:04.670Z] [EURUSD_GPT5] New bar: 20260227 20:35:00 | O:1.18257 H:1.18260 L:1.18243 C:1.18249
[2026-02-27T20:45:00.191Z] [USDJPY] New bar: 20260227 20:40:00 | O:155.99150 H:155.99850 L:155.98450 C:155.99750
[2026-02-27T20:45:00.715Z] [EURUSD] New bar: 20260227 20:40:00 | O:1.18249 H:1.18256 L:1.18239 C:1.18244
[2026-02-27T20:45:00.718Z] [EURUSD_GPT5] New bar: 20260227 20:40:00 | O:1.18249 H:1.18256 L:1.18239 C:1.18244
[2026-02-27T20:45:01.261Z] [GBPUSD] New bar: 20260227 20:40:00 | O:1.34865 H:1.34889 L:1.34863 C:1.34889
[2026-02-27T20:48:22.206Z] Price stream error: terminated
[2026-02-27T20:50:00.241Z] [EURUSD] New bar: 20260227 20:45:00 | O:1.18248 H:1.18254 L:1.18239 C:1.18241
[2026-02-27T20:50:00.245Z] [EURUSD_GPT5] New bar: 20260227 20:45:00 | O:1.18248 H:1.18254 L:1.18239 C:1.18241
[2026-02-27T20:50:00.758Z] [GBPUSD] New bar: 20260227 20:45:00 | O:1.34889 H:1.34890 L:1.34868 C:1.34878
[2026-02-27T20:50:01.741Z] [USDJPY] New bar: 20260227 20:45:00 | O:155.99800 H:156.02250 L:155.99650 C:156.01150
[2026-02-27T20:55:00.189Z] [EURUSD] New bar: 20260227 20:50:00 | O:1.18241 H:1.18249 L:1.18218 C:1.18223
[2026-02-27T20:55:00.194Z] [EURUSD_GPT5] New bar: 20260227 20:50:00 | O:1.18241 H:1.18249 L:1.18218 C:1.18223
[2026-02-27T20:55:00.195Z] [USDJPY] New bar: 20260227 20:50:00 | O:156.01100 H:156.05000 L:156.00750 C:156.04100
[2026-02-27T20:55:00.441Z] [GBPUSD] New bar: 20260227 20:50:00 | O:1.34878 H:1.34886 L:1.34847 C:1.34850
[2026-02-27T21:00:00.157Z] [USDJPY] New bar: 20260227 20:55:00 | O:156.04250 H:156.18200 L:156.04000 C:156.16850
[2026-02-27T21:00:00.166Z] [GBPUSD] New bar: 20260227 20:55:00 | O:1.34849 H:1.34856 L:1.34761 C:1.34774
[2026-02-27T21:00:00.655Z] [EURUSD] New bar: 20260227 20:55:00 | O:1.18222 H:1.18227 L:1.18151 C:1.18160
[2026-02-27T21:00:00.658Z] [EURUSD_GPT5] New bar: 20260227 20:55:00 | O:1.18222 H:1.18227 L:1.18151 C:1.18160
[2026-02-27T21:05:00.850Z] [EURUSD] New bar: 20260227 21:00:00 | O:1.18160 H:1.18161 L:1.18124 C:1.18141
[2026-02-27T21:05:00.852Z] [EURUSD_GPT5] New bar: 20260227 21:00:00 | O:1.18160 H:1.18161 L:1.18124 C:1.18141
[2026-02-27T21:05:00.854Z] [USDJPY] New bar: 20260227 21:00:00 | O:156.16450 H:156.19300 L:156.14600 C:156.17600
[2026-02-27T21:05:00.856Z] [GBPUSD] New bar: 20260227 21:00:00 | O:1.34773 H:1.34777 L:1.34740 C:1.34763
